question,kalman_fused_match,fused_score,mha_score_raw,bm25_score_norm,kalman_gain,p_value,verification_status,alt_match_1,alt_fused_score_1
What is the scope 1 and scope 2 emissions intensity for the current year?,Whether Total Scope3 Emissions And Its Intensity Is Applicable To The Company,1.0,0.7696,1.0,0.0,0.0,Kalman Verified (High),Whether Details Of Green House Gas Emissions And Its Intensity Is Applicable To The Company,0.898
What is the scope 3 emissions intensity for the current year?,Whether Total Scope3 Emissions And Its Intensity Is Applicable To The Company,1.0,0.7843,1.0,0.0,0.0,Kalman Verified (High),Whether Details Of Green House Gas Emissions And Its Intensity Is Applicable To The Company,0.898
What was the Total Scope 1 and 2 intensity (Current Year) (Unit: Metric Tonne) - Physical Output?,Total Scope1 And Scope2 Emissions Intensity In Term Of Physical Output - Previous Year,1.0,0.711,1.0,0.0,0.0,Kalman Verified (High),Total Scope1 And Scope2 Emissions Intensity In Term Of Physical Output,0.9785
What is the scope 1 and scope 2 emissions intensity in terms of purchasing power parity for the current year?,Total Scope1 And Scope2 Emissions Intensity Per Rupee Of Turnover Adjusted For Purchasing Power Parity - Previous Year,1.0,0.8648,1.0,0.0,0.0,Kalman Verified (High),Total Scope1 And Scope2 Emissions Intensity Per Rupee Of Turnover Adjusted For Purchasing Power Parity,0.9978
What are the total PM emissions for the Current Year (Unit: Metric Tonne)?,Total Scope1 And Scope2 Emissions Intensity The Relevant Metric May Be Selected By The Entity - Previous Year,1.0,0.5302,1.0,0.0,0.0,Kalman Verified (High),Total Scope1 And Scope2 Emissions Intensity The Relevant Metric May Be Selected By The Entity,0.9433
What are the total SOx emissions for the Current Year (Unit: Metric Tonne)?,Total Scope1 And Scope2 Emissions Intensity The Relevant Metric May Be Selected By The Entity - Previous Year,1.0,0.5041,1.0,0.0,0.0,Kalman Verified (High),Total Scope1 And Scope2 Emissions Intensity The Relevant Metric May Be Selected By The Entity,0.9433
What are the total NOx emissions for the Current Year (Unit: Metric Tonne)?,Total Scope1 And Scope2 Emissions Intensity The Relevant Metric May Be Selected By The Entity - Previous Year,1.0,0.5283,1.0,0.0,0.0,Kalman Verified (High),Total Scope1 And Scope2 Emissions Intensity The Relevant Metric May Be Selected By The Entity,0.9433
What is the water intensity per rupee of turnover in crores for the Current Year? (in kilolitres),Water Intensity Per Rupee Of Turnover - Previous Year,1.0,0.8738,1.0,0.0,0.0,Kalman Verified (High),Water Intensity Per Rupee Of Turnover,0.9836
What is the % of untreated water discharge?,Water Discharge To Surface Water,1.0,0.5969,1.0,0.0,0.0,Kalman Verified (High),Does The Entity Display Product Information On The Product Over And Above What Is Mandated As Per Local Laws,0.9954
What is the total volume of fresh water withdrawal (in kilolitres) for the Current Year?,Total Volume Of Water Withdrawal - Previous Year,1.0,0.8273,1.0,0.0,0.0,Kalman Verified (High),Total Volume Of Water Withdrawal,0.962
What is the total volume of fresh water discharge (in kilolitres) for the Current Year?,Total Water Discharged In Kilolitres - Previous Year,1.0,0.7764,1.0,0.0,0.0,Kalman Verified (High),Total Water Discharged In Kilolitres,0.9415
What is the total volume of water consumed (in kilolitres) in areas of water stress for the Current Year?,Total Water Discharged In Kilolitres - Previous Year,1.0,0.6435,1.0,0.0,0.0,Kalman Verified (High),Total Water Discharged In Kilolitres Per Area - Facility Or Plant Located In Areas Of Water Stress Domain4 - Previous Year,0.9979
What is the total effluent discharge in the Current Year?,Cost Effluent Disposal,1.0,0.4596,1.0,0.0,0.0,Kalman Verified (High),Amount Provided In Current Year,0.8805
How much was the Water intensity in Current Year (in kilolitres) for physical output?,Water Intensity In Term Of Physical Output - Previous Year,1.0,0.823,1.0,0.0,0.0,Kalman Verified (High),Water Intensity In Term Of Physical Output,0.9991
What is the water intensity per rupee of turnover adjusted for Purchasing Power Parity in crores Current Year (in kilolitres) - PPP?,Water Intensity Per Rupee Of Turnover Adjusting For Purchasing Power Parity,1.0,0.8708,1.0,0.0,0.0,Kalman Verified (High),Water Intensity Per Rupee Of Turnover Adjusting For Purchasing Power Parity - Previous Year,0.9784
What is the energy intensity turnover for the current year?,Energy Intensity Per Rupee Of Turnover - Previous Year,1.0,0.7464,1.0,0.0,0.0,Kalman Verified (High),Energy Intensity Per Rupee Of Turnover,0.9366
Percentage of energy consumed from renewable sources?,Total Energy Consumed From Renewable Sources,1.0,0.8517,1.0,0.0,0.0,Kalman Verified (High),Total Energy Consumed From Non Renewable Sources,0.9533
What is the energy intensity in terms of physical output?,Energy Intensity In Term Of Physical Output,1.0,0.8932,1.0,0.0,0.0,Kalman Verified (High),Energy Intensity In Term Of Physical Output - Previous Year,0.9146
What is the energy intensity adjusted for Purchasing Power Parity for Current Year?,Energy Intensity Per Rupee Of Turnover Adjusting For Purchasing Power Parity,1.0,0.7562,1.0,0.0,0.0,Kalman Verified (High),Energy Intensity Per Rupee Of Turnover Adjusting For Purchasing Power Parity - Previous Year,0.9917
What is the waste intensity adjusted for Purchasing Power Parity for Current Year?,Waste Intensity Per Rupee Of Turnover Adjusting For Purchasing Power Parity,1.0,0.7863,1.0,0.0,0.0,Kalman Verified (High),Waste Intensity Per Rupee Of Turnover Adjusting For Purchasing Power Parity - Previous Year,0.9931
How much was the hazardous waste for the current year (in metric tonnes)?,Other Hazardous Waste - Previous Year,1.0,0.7547,1.0,0.0,0.0,Kalman Verified (High),Waste Intensity The Relevant Metric May Be Selected By The Entity - Previous Year,0.941
What is the waste recycled/recovered intensity for the current year?,Waste Recovered Through Recycled - Previous Year,1.0,0.8263,1.0,0.0,0.0,Kalman Verified (High),Waste Recovered Through Recycled,0.9692
Percentage of recycled or reused input material used in production (for manufacturing industry) or providing services (for service industry),Indicate In Put Material - Recycled Or Reused Input Material Used In Production Or Providing Services Domain8,1.0,0.6829,1.0,0.0,0.0,Kalman Verified (High),Indicate In Put Material - Recycled Or Reused Input Material Used In Production Or Providing Services Domain1,1.0
What was the total waste intensity (current year) (Unit: Metric Tonne) - Physical Output?,Waste Intensity In Term Of Physical Output - Previous Year,1.0,0.7732,1.0,0.0,0.0,Kalman Verified (High),Waste Intensity In Term Of Physical Output,0.9917
What is the waste intensity adjusted for Purchasing Power Parity for the current year?,Waste Intensity Per Rupee Of Turnover Adjusting For Purchasing Power Parity,1.0,0.7825,1.0,0.0,0.0,Kalman Verified (High),Waste Intensity Per Rupee Of Turnover Adjusting For Purchasing Power Parity - Previous Year,0.9931
Turnover of products and/or services as a percentage of turnover from all products/service that carry information about the safe and responsible usage?,Remarks For Assurance Of Turnover Of Products And Or Services As APercentage Of Turnover From All Products Or Service That Carry Information About As APercentage To Total Turnover,1.0,0.7751,1.0,0.0,0.0,Kalman Verified (High),Assurance Sub Type For Turnover Of Products And Or Services As APercentage Of Turnover From All Products Or Service That Carry Information About As APercentage To Total Turnover,0.9964
What is the clinker factor ratio?,Description Of How Entity Establishes Hedge Ratio And What Sources Of Hedge Ineffectiveness Are,1.0,0.3198,1.0,0.0,0.0,Kalman Verified (High),Does The Entity Display Product Information On The Product Over And Above What Is Mandated As Per Local Laws,0.7069
What is fly ash % utilisation in current year?,Amount Provided In Current Year,1.0,0.3772,1.0,0.0,0.0,Kalman Verified (High),Current Tax Pertaining To Current Year,0.9166
Is the company investing in new generation aircraft fleet? Has the number increased as compared to previous year?,Number Of Employees In The Company At The End Of The Financial Year,1.0,0.4035,1.0,0.0,0.0,Kalman Verified (High),Average Number Of Female Employees Or Workers At The Beginning Of The Year And As At End Of The Year - Previous Year,0.9824
"What percentage of the total virgin raw material does the company produced and/or purchased covered by FSC, PEFC and/or SFI certification?",What Percentage Of Total Procurement By Value Does It Constitute,1.0,0.3788,1.0,0.0,0.0,Kalman Verified (High),Does The Entity Display Product Information On The Product Over And Above What Is Mandated As Per Local Laws,0.7148
Total Lost time incident rate (LTIR)_Workers?,Lost Time Injury Frequency Rate Per One Million Person Hours Worked - Workers Member,1.0,0.6469,1.0,0.0,0.0,Kalman Verified (High),Lost Time Injury Frequency Rate Per One Million Person Hours Worked - Workers Member - Previous Year,0.932
Total Lost time incident rate (LTIR)_Employees?,Lost Time Injury Frequency Rate Per One Million Person Hours Worked - Employees Member,1.0,0.648,1.0,0.0,0.0,Kalman Verified (High),Lost Time Injury Frequency Rate Per One Million Person Hours Worked - Employees Member - Previous Year,0.932
Total recordable work related injuries for employees as a % of the total employees in the company,Total Recordable Work Related Injuries - Employees Member,1.0,0.8968,1.0,0.0,0.0,Kalman Verified (High),Total Recordable Work Related Injuries - Employees Member - Previous Year,0.9146
Total recordable work related injuries for workers as a % of the total workers in the company,Total Recordable Work Related Injuries - Workers Member,1.0,0.8884,1.0,0.0,0.0,Kalman Verified (High),Total Recordable Work Related Injuries - Workers Member - Previous Year,0.9146
Fatalities of employees,Number Of Fatalities - Employees Member,1.0,0.8699,1.0,0.0,0.0,Kalman Verified (High),Number Of Fatalities - Employees Member - Previous Year,0.9066
Fatalities of workers,Number Of Fatalities - Workers Member,1.0,0.8646,1.0,0.0,0.0,Kalman Verified (High),Number Of Fatalities - Workers Member - Previous Year,0.9066
Count of high consquence work related injury or ill health of employees (excluding fatalities),High Consequence Work Related Injury Or Ill Health Excluding Fatalities - Employees Member,1.0,0.8381,1.0,0.0,0.0,Kalman Verified (High),High Consequence Work Related Injury Or Ill Health Excluding Fatalities - Workers Member,0.9504
Count of high consquence work related injury or ill health of (excluding fatalities),High Consequence Work Related Injury Or Ill Health Excluding Fatalities - Workers Member,1.0,0.8164,1.0,0.0,0.0,Kalman Verified (High),High Consequence Work Related Injury Or Ill Health Excluding Fatalities - Employees Member,1.0
Percentage of plants and offices that were assessed (by entity or statutory authorities or third parties) with respect to health and safety practices?,Percentage Of Health And Safety Practices Of Your Plants And Offices That Were Assessed P3,1.0,0.8059,1.0,0.0,0.0,Kalman Verified (High),Percentage Of Wages Of Your Plants And Offices That Were Assessed P5,0.7129
Provide percentage of total employees covered under health and safety measures training,Percentage Of Trained Employees Or Workers - Male Member - On Health And Safety Measures Member - Employees Member,1.0,0.7924,1.0,0.0,0.0,Kalman Verified (High),Percentage Of Trained Employees Or Workers - Female Member - On Health And Safety Measures Member - Employees Member,1.0
Percentage of total permanent employees covered by health insurance,Percentage Of Well Being Of Employees Or Workers - Male Member - Health Insurance Member - Permanent Employees Member,1.0,0.6285,1.0,0.0,0.0,Kalman Verified (High),Percentage Of Well Being Of Employees Or Workers - Female Member - Health Insurance Member - Permanent Employees Member,1.0
Percentage of total other than permanent employees covered by health insurance,Percentage Of Well Being Of Employees Or Workers - Other Gender Member - Health Insurance Member - Other Than Permanent Employees Member,1.0,0.6448,1.0,0.0,0.0,Kalman Verified (High),Percentage Of Well Being Of Employees Or Workers - Male Member - Health Insurance Member - Other Than Permanent Employees Member,0.9849
Percentage of total permanent workers covered by health insurance,Percentage Of Well Being Of Employees Or Workers - Female Member - Health Insurance Member - Permanent Workers Member,1.0,0.6167,1.0,0.0,0.0,Kalman Verified (High),Percentage Of Well Being Of Employees Or Workers - Male Member - Health Insurance Member - Permanent Workers Member,1.0
Percentage of total other than permanent workers covered by health insurance,Percentage Of Well Being Of Employees Or Workers - Other Gender Member - Health Insurance Member - Other Than Permanent Workers Member,1.0,0.6368,1.0,0.0,0.0,Kalman Verified (High),Percentage Of Well Being Of Employees Or Workers - Male Member - Health Insurance Member - Other Than Permanent Workers Member,0.9851
Percentage of total permanent employees covered by accident insurance,Percentage Of Well Being Of Employees Or Workers - Female Member - Accident Insurance Member - Permanent Employees Member,1.0,0.6784,1.0,0.0,0.0,Kalman Verified (High),Percentage Of Well Being Of Employees Or Workers - Male Member - Accident Insurance Member - Permanent Employees Member,1.0
What is the percentage of female employees in the workforce,Does The Entity Display Product Information On The Product Over And Above What Is Mandated As Per Local Laws,1.0,0.0105,1.0,0.0,0.0,Kalman Verified (High),Percentage Of Differently Abled Employees Or Workers - Female Member - Employees Member,0.9256
What is the turnover rate for permanent female employees in the Current Year,Turnover Rate - Female Member - Permanent Employees Member - Previous Year,1.0,0.8971,1.0,0.0,0.0,Kalman Verified (High),Turnover Rate - Female Member - Permanent Employees Member,0.9699
What is the turnover rate for permanent female worker in the Current Year,Turnover Rate - Female Member - Permanent Workers Member - Previous Year,1.0,0.8716,1.0,0.0,0.0,Kalman Verified (High),Turnover Rate - Female Member - Permanent Employees Member - Previous Year,1.0
Pay parity between male and female employees,Number Of Trained Employees Or Workers - Male Member - Total Employees And Workers Member - Employees Member,1.0,0.4533,1.0,0.0,0.0,Kalman Verified (High),Number Of Trained Employees Or Workers - Female Member - Total Employees And Workers Member - Employees Member,0.9913
Number of complaints on PSH as a % of female employees/workers for current year,Number Of Female Employees Or Workers - Previous Year,1.0,0.669,1.0,0.0,0.0,Kalman Verified (High),Number Of Trained Employees Or Workers - Female Member - On Skill Upgradation Member - Workers Member - Previous Year,0.9492
What is the gross wages paid to females as percentage of wages paid,Percentage Of Gross Wages Paid To Female To Total Wages Paid,1.0,0.9584,1.0,0.0,0.0,Kalman Verified (High),Percentage Of Gross Wages Paid To Female To Total Wages Paid - Previous Year,0.9422
How many complaints were filed on discrimination at workplace in current year?,Number Of Complaints Filed During The Year - Discrimination At Work Place Member,1.0,0.8716,1.0,0.0,0.0,Kalman Verified (High),Number Of Complaints Filed During The Year - Discrimination At Work Place Member - Previous Year,0.9746
How many complaints were filed by employees and workers or employees as a % of number of employees in the current year,Number Of Complaints Filed From Stake Holder Group During The Year - Complaint Received From Employees And Workers Member,1.0,0.71,1.0,0.0,0.0,Kalman Verified (High),Number Of Complaints Filed From Stake Holder Group During The Year - Complaint Received From Employees And Workers Member - Previous Year,0.9838
What is the number of pending/unresolved employees and workers grievances as % of total complaints filed in the current year,Number Of Complaints Filed During The Year - Working Conditions Complaints Member,1.0,0.7487,1.0,0.0,0.0,Kalman Verified (High),Number Of Complaints Filed During The Year - Health Safety Complaints Member,1.0
How many complaints were filed on wages in the current year,Number Of Complaints Filed During The Year - Wages Member,1.0,0.8627,1.0,0.0,0.0,Kalman Verified (High),Number Of Complaints Filed During The Year - Wages Member - Previous Year,0.9736
Pending resolution of complaints as a % of total complaints filed by employees and workers pertaining to working conditions,Number Of Complaints Pending Resolution At The End Of Year - Working Conditions Complaints Member,1.0,0.8538,1.0,0.0,0.0,Kalman Verified (High),Number Of Complaints Pending Resolution At The End Of Year - Working Conditions Complaints Member - Previous Year,0.9406
What is the turnover rate for permanent workers for the Current Year,Turnover Rate - Male Member - Permanent Workers Member - Previous Year,1.0,0.7949,1.0,0.0,0.0,Kalman Verified (High),Turnover Rate - Female Member - Permanent Workers Member - Previous Year,1.0
What is the turnover rate for permanent employees for the Current Year,Turnover Rate - Male Member - Permanent Employees Member - Previous Year,1.0,0.8011,1.0,0.0,0.0,Kalman Verified (High),Turnover Rate - Female Member - Permanent Employees Member - Previous Year,1.0
What is the percentage of cost incurred as a % of total revenue of the company with regards to spending on measures towards wellbeing of employees and workers?,Percentage Of Cost Incurred On Well Being Measures With Respect To Total Revenue Of The Company,1.0,0.859,1.0,0.0,0.0,Kalman Verified (High),Percentage Of Cost Incurred On Well Being Measures With Respect To Total Revenue Of The Company - Previous Year,0.939
Percentage of workers or employees in association(s) or unions recognised by the listed entity,Whether Membership Of Employees And Worker In Associations Or Unions Recognised By The Listed Entity Is Assured By Assurer,1.0,0.6731,1.0,0.0,0.0,Kalman Verified (High),Remarks For Assurance Of Membership Of Employees And Worker In Associations Or Unions Recognised By The Listed Entity,0.998
What is the number of complaints filed by the customers as a % of revenue in Current Year?,Number Of Complaints Filed From Stake Holder Group During The Year - Complaint Received From Customers Member,1.0,0.6394,1.0,0.0,0.0,Kalman Verified (High),Number Of Complaints Filed During The Year - Working Conditions Complaints Member,0.9869
Total instances of product recalls,Remarks For Assurance Of Details Of Instances Of Product Recalls On Account Of Safety Issues,1.0,0.838,1.0,0.0,0.0,Kalman Verified (High),Assurance Sub Type For Details Of Instances Of Product Recalls On Account Of Safety Issues,0.9964
% of value chain partners (by value of business done with such partners) that were assessed for Health and Safety practices?,Percentage Of Value Chain Partners By Value Of Business Done With Such Partners That Were Assessed For Environmental Impacts,1.0,0.7942,1.0,0.0,0.0,Kalman Verified (High),Remarks For Assurance Of Percentage Of Value Chain Partners By Value Of Business Done With Such Partners That Were Assessed For Environmental Impacts,0.9178
What is the purchases from trading houses % of total purchases,Percentage Of Purchases From Top Ten Trading Houses In Total Purchases From Trading Houses,1.0,0.8667,1.0,0.0,0.0,Kalman Verified (High),Percentage Of Purchases From Top Ten Trading Houses In Total Purchases From Trading Houses - Previous Year,0.9497
What is purchases from top 10 trading houses as % of total purchases from trading houses,Percentage Of Purchases From Top Ten Trading Houses In Total Purchases From Trading Houses,1.0,0.9672,1.0,0.0,0.0,Kalman Verified (High),Percentage Of Purchases From Top Ten Trading Houses In Total Purchases From Trading Houses - Previous Year,0.9487
Number of complaints filed by community stakeholders,Number Of Complaints Filed During The Year - Health Safety Complaints Member,1.0,0.6406,1.0,0.0,0.0,Kalman Verified (High),Number Of Complaints Filed During The Year - Working Conditions Complaints Member,1.0
Count of pending/unresolved communities grievances,Number Of Complaints Pending From Stake Holder Group Resolution At The End Of Year - Complaint Received From Communities Member,1.0,0.6059,1.0,0.0,0.0,Kalman Verified (High),Number Of Complaints Pending From Stake Holder Group Resolution At The End Of Year - Complaint Received From Communities Member - Previous Year,0.9441
Percentage of CSR obligation spent (CSR spent/CSR obligation),Amount CSR Spent For Financial Year,1.0,0.7387,1.0,0.0,0.0,Kalman Verified (High),Amount CSR To Be Spent For Financial Year,0.9108
What is the input material directly sourced from MSMEs/small producers (in % terms - As % of total purchases by value),Percentage Of Directly Sourced From MSMEs Or Small Producers,1.0,0.7472,1.0,0.0,0.0,Kalman Verified (High),Percentage Of Directly Sourced From MSMEs Or Small Producers - Previous Year,0.9213
Percentage of capital expenditure investments in specific technologies to improve the environmental and social impacts of products and processes to total capex,Details Of Improvements In Environmental And Social Impacts Due To Capex,1.0,0.7698,1.0,0.0,0.0,Kalman Verified (High),Remarks For Assurance Of Percentage Of RAnd DAnd Capital Expenditure Investments In Specific Technologies,0.9374
What is the input material sourced directly from within India as % of total purchases,Percentage Of Sourced Directly From Within The District And Neighbouring Districts,1.0,0.4485,1.0,0.0,0.0,Kalman Verified (High),Percentage Of Sourced Directly From Within The District And Neighbouring Districts - Previous Year,0.927
What is the % of job creation in smaller towns - wages paid to persons employed in smaller towns (permanent or non-permanent / on contract) as % of total wage cost,Whether Job Creation In Smaller Towns Disclose Wages Paid To Persons Employed Including Employees Or Workers Employed On APermanent Or Non Permanent Or On Contract Basis Is Assured By Assurer,1.0,0.6322,1.0,0.0,0.0,Kalman Verified (High),Remarks For Assurance Of Job Creation In Smaller Towns Disclose Wages Paid To Persons Employed Including Employees Or Workers Employed On APermanent Or Non Permanent Or On Contract Basis,0.9959
What are the number of days of account payable?,Number Of Days Of Accounts Payable,1.0,0.9442,1.0,0.0,0.0,Kalman Verified (High),Number Of Days Of Accounts Payable - Previous Year,0.9124
What is the sales to dealers/distributors as % of total sales,Percentage Of Sales To Dealers Or Distributors In Total Sales,1.0,0.9601,1.0,0.0,0.0,Kalman Verified (High),Percentage Of Sales To Top Ten Dealers Or Distributors In Total Sales To Dealers Or Distributors,0.9998
What is the sales to top 10 dealers/distributors as % of total sales to dealers/distributors,Percentage Of Sales To Top Ten Dealers Or Distributors In Total Sales To Dealers Or Distributors,1.0,0.9701,1.0,0.0,0.0,Kalman Verified (High),Percentage Of Sales To Top Ten Dealers Or Distributors In Total Sales To Dealers Or Distributors - Previous Year,0.9513
% of data breaches involving PII data of customers,Percentage Of Data Breaches Involving Personally Identifiable Information Of Customers,1.0,0.7761,1.0,0.0,0.0,Kalman Verified (High),Remarks For Assurance Of Data Breaches Information Like Number Of Instances Of Data Breaches Along With Impact And Percentage Of Data Breaches Involving Personally Identifiable Information Of Customers,0.9301
Share of buildings that are certified according to international building standards/GRESB/IGBC,Repairs To Building,1.0,0.3268,1.0,0.0,0.0,Kalman Verified (High),Number Of Certified Emission Rights Under Certification,0.6472
Percentage of independent directors on the board,Percentage Of Female Board Of Directors,1.0,0.7863,1.0,0.0,0.0,Kalman Verified (High),Directors Signing Board Report Domain,0.8245
Number of independent women directors on the board,Number Of Female Board Of Directors,1.0,0.9083,1.0,0.0,0.0,Kalman Verified (High),Total Number Of Board Of Directors,1.0
Number of women directors on the board,Number Of Female Board Of Directors,1.0,0.9629,1.0,0.0,0.0,Kalman Verified (High),Total Number Of Board Of Directors,1.0
Average attendance for board meeting in the current FY,Date Of Board Of Directors Meeting In Which Board Report Referred To Under Section 134 Was Approved,1.0,0.396,1.0,0.0,0.0,Kalman Verified (High),Date Of Board Meeting When Final Accounts Were Approved,0.9993
Number of directorships of all board members,Number Of Meetings Of Board,1.0,0.6521,1.0,0.0,0.0,Kalman Verified (High),Total Number Of Board Of Directors,0.953
Number of directors against whom disciplinary action was taken by any law enforcement agency for the charges of bribery/corruption,Remarks For Assurance Of Number Of Directors Or KMPs Or Employees Or Workers Against Whom Disciplinary Action Was Taken By Any Law Enforcement Agency For The Charges Of Bribery Or Corruption,1.0,0.806,1.0,0.0,0.0,Kalman Verified (High),Assurance Sub Type For Number Of Directors Or KMPs Or Employees Or Workers Against Whom Disciplinary Action Was Taken By Any Law Enforcement Agency For The Charges Of Bribery Or Corruption,0.9963
Number of complaints received in relation to issues of conflict of interest of the directors/KMPs,Number Of Complaints Received In Relation To Issues Of Conflict Of Interest Of The KMPs,1.0,0.9066,1.0,0.0,0.0,Kalman Verified (High),Number Of Complaints Received In Relation To Issues Of Conflict Of Interest Of The Directors,0.9661
Percentage of independent directors in nomination and remuneration committee,Disclosure Of Policy Formulated By Nomination And Remuneration Committee Relating To Remuneration For Directors Key Managerial Personnels And Other Employees Explanatory,1.0,0.618,1.0,0.0,0.0,Kalman Verified (High),Remuneration To Directors,0.7
Percentage of independent directors in audit committee,Disclosure Of Composition Of Audit Committee And Non Acceptance Of Any Recommendation Of Audit Committee Along With Reasons Explanatory,1.0,0.5566,1.0,0.0,0.0,Kalman Verified (High),Directors Comment On Company Secretary Qualification Or Observation Or Other Remarks In Secretarial Audit Report,0.7778
Number of independent directors in risk management committee,Reappointment Of Independent Directors As Per Section 14910 Explanatory,1.0,0.5375,1.0,0.0,0.0,Kalman Verified (High),Number Of Female Key Management Personnel,0.9067
Number of independent directors in CSR committee,Disclosure Of Composition Of CSR Committee Explanatory,1.0,0.7018,1.0,0.0,0.0,Kalman Verified (High),Disclosure Responsibility Statement Of CSR Committee That Implementation And Monitoring Of CSR Policy Is In Compliance With CSR Policy Of Company,0.9617
Percentage of subject matter experts appointed in the Audit Committee,Disclosure Of Composition Of Audit Committee And Non Acceptance Of Any Recommendation Of Audit Committee Along With Reasons Explanatory,1.0,0.4522,1.0,0.0,0.0,Kalman Verified (High),Particulate Matter,0.8893
Ratio of remuneration of MD/CEO to median remuneration of employees,Ratio Of Remuneration Of Director Or Managerial Personnel To Median Of Remuneration Of Employees For Financial Year,1.0,0.807,1.0,0.0,0.0,Kalman Verified (High),Percentage Increase In Median Remuneration Of Employees In Financial Year,0.7115
Percentage of non audit fees as compared to total audit fees,Custodial Fees,1.0,0.3207,1.0,0.0,0.0,Kalman Verified (High),Registration Filing Fees,0.9426
Number of whistle blower complaints filed in the current year,Number Of Complaints Filed During The Year - Working Conditions Complaints Member,1.0,0.5795,1.0,0.0,0.0,Kalman Verified (High),Number Of Complaints Filed During The Year - Health Safety Complaints Member,1.0
Number of pending consumer compliant on unfair trade practices,Consumer Complaints Pending Resolution At End Of Year - Unfair Trade Practices Member,1.0,0.6975,1.0,0.0,0.0,Kalman Verified (High),Remark For Consumer Complaints - Unfair Trade Practices Member,0.9585
Number of employees against whom disciplinary action was taken by any law enforcement agency for the charges of bribery/corruption,Remarks For Assurance Of Number Of Directors Or KMPs Or Employees Or Workers Against Whom Disciplinary Action Was Taken By Any Law Enforcement Agency For The Charges Of Bribery Or Corruption,1.0,0.7814,1.0,0.0,0.0,Kalman Verified (High),Assurance Sub Type For Number Of Directors Or KMPs Or Employees Or Workers Against Whom Disciplinary Action Was Taken By Any Law Enforcement Agency For The Charges Of Bribery Or Corruption,0.9962
Number of workers against whom disciplinary action was taken by any law enforcement agency for the charges of bribery/corruption,Remarks For Assurance Of Number Of Directors Or KMPs Or Employees Or Workers Against Whom Disciplinary Action Was Taken By Any Law Enforcement Agency For The Charges Of Bribery Or Corruption,1.0,0.7612,1.0,0.0,0.0,Kalman Verified (High),Assurance Sub Type For Number Of Directors Or KMPs Or Employees Or Workers Against Whom Disciplinary Action Was Taken By Any Law Enforcement Agency For The Charges Of Bribery Or Corruption,0.9962
What is the share of RPTs (as respective %age) in purchases,Percentage Of Purchases From Related Parties In Total Purchases For Share Of Related Party Transactions,1.0,0.5129,1.0,0.0,0.0,Kalman Verified (High),Percentage Of Purchases From Related Parties In Total Purchases For Share Of Related Party Transactions - Previous Year,0.9461
What is the share of RPTs (as respective %age) in sales,Percentage Of Sales To Related Parties In Total Sales For Share Of Related Party Transactions,1.0,0.4959,1.0,0.0,0.0,Kalman Verified (High),Does The Entity Display Product Information On The Product Over And Above What Is Mandated As Per Local Laws,0.9582
What is the share of RPTs (as respective %age) in loans and advances,Percentage Of Loans And Advances Given To Related Parties In Total Loans And Advances,1.0,0.6949,1.0,0.0,0.0,Kalman Verified (High),Loans And Advances,0.9974
What is the share of RPTs (as respective %age) in investments,Does The Entity Display Product Information On The Product Over And Above What Is Mandated As Per Local Laws,1.0,0.0645,1.0,0.0,0.0,Kalman Verified (High),Details Of Product Information On The Product Over And Above What Is Mandated As Per Local Laws Explanatory Text Block,0.9414
Are there any initiatives towards reduction in GHG emissions,Whether There Are Any Contingent Liabilities,1.0,0.1656,1.0,0.0,0.0,Kalman Verified (High),Whether There Are Any Major Customers,1.0
What are the VOC/POP/HAP emissions for the current year (Unit: Metric Tonne),Total Scope1 And Scope2 Emissions Intensity The Relevant Metric May Be Selected By The Entity - Previous Year,1.0,0.5001,1.0,0.0,0.0,Kalman Verified (High),Total Scope1 And Scope2 Emissions Intensity The Relevant Metric May Be Selected By The Entity,0.9213
"What are the initiatives taken to reduce the NOx, SOx, PM, VOC, HAP and POP air emissions",Whether Details Of Air Emissions Other Than Ghg Emissions By The Entity Is Applicable To The Company,1.0,0.3768,1.0,0.0,0.0,Kalman Verified (High),Other Emissions - Other Air Emissions Domain9,0.9176
Does the company have facilities/operations in water stress regions,Does The Entity Have Procedures In Place For Sustainable Sourcing,1.0,0.393,1.0,0.0,0.0,Kalman Verified (High),Does The Entity Have Any Sites Or Facilities Identified As Designated Consumers Under The Performance Achieve And Trade Scheme Of The Government Of India,0.9323
Has the entity implemented mechanism for Zero Liquid Discharge,Has The Entity Implemented AMechanism For Zero Liquid Discharge,1.0,0.8695,1.0,0.0,0.0,Kalman Verified (High),Remarks For Assurance Of The Entity Implemented AMechanism For Zero Liquid Discharge,0.8026
Does the company monitor Chemical Oxygen Demand during water discharge,Water Discharge To Surface Water,1.0,0.4353,1.0,0.0,0.0,Kalman Verified (High),Water Discharge To Groundwater,0.9277
Third party verification of water data,Water Withdrawal By Third Party Water,1.0,0.5231,1.0,0.0,0.0,Kalman Verified (High),Water Withdrawal By Third Party Water - Previous Year,0.9189
What are the goals/targets/commitments towards Energy consumption,Remarks For Assurance Of Specific Commitments Goals And Targets Set By The Entity With Defined Timelines,1.0,0.3875,1.0,0.0,0.0,Kalman Verified (High),Assurance Sub Type For Specific Commitments Goals And Targets Set By The Entity With Defined Timelines,1.0
"Does the entity have any sites/facilities identified as designated consumers under the Performance, Achieve and Tade Scheme of the Government of India? (Y/N) If yes, disclose whether targets set under the PAT scheme have been achieved in case targets have not been achieved, provide the remedial action taken, if any",Disclose Whether Targets Set Under The Pat Scheme Have Been Achieved In Case Targets Have Not Been Achieved Then Provide The Remedial Action Taken Explanatory Text Block,1.0,0.5654,1.0,0.0,0.0,Kalman Verified (High),Does The Entity Have Any Sites Or Facilities Identified As Designated Consumers Under The Performance Achieve And Trade Scheme Of The Government Of India,0.785
Is there a disclosure regarding the energy management system? ISO 50001 Certification,Whether Health And Safety Management System Is Assured By Assurer,1.0,0.4063,1.0,0.0,0.0,Kalman Verified (High),Details Regarding Energy Conservation,0.9762
Waste management practices and strategies to reduce usage of hazardous and toxic chemicals from the products and processes,Details Of Waste Management Practices Adopted In Your Establishments And The Strategy Adopted By Company To Reduce Usage Of Hazardous And Toxic Chemicals Explanatory Text Block,1.0,0.7458,1.0,0.0,0.0,Kalman Verified (High),Remarks For Assurance Of Details Of Waste Management Practices Adopted In Your Establishments And The Strategy Adopted By Company To Reduce Usage Of Hazardous And Toxic Chemicals,0.9786
"What are the processes to safely reclaim the products for reusing, recycling and disposing at the end of life for, (a) Plastics (including packaging) (b)e-waste (c) hazardous waste and (d) other waste?",Remarks For Assurance Of Describe The Processes In Place To Safely Reclaim Your Products For Reusing Recycling And Disposing At The End Of Life For Plastics Including Packaging EWaste Hazardous Waste And Other Waste,1.0,0.9043,1.0,0.0,0.0,Kalman Verified (High),Assurance Sub Type For Describe The Processes In Place To Safely Reclaim Your Products For Reusing Recycling And Disposing At The End Of Life For Plastics Including Packaging EWaste Hazardous Waste And Other Waste,0.9981
"Whether Extended Producer Responsibility (EPR) is applicable to entity’s activities (Y/N). If yes, whether the waste collection plan is in line with the Extended Producer Responsibility plan submitteed to Pollution Control Boards",Whether The Waste Collection Plan Is In Line With The Extended Producer Responsibility Plan Submitted To Pollution Control Boards,1.0,0.7857,1.0,0.0,0.0,Kalman Verified (High),Assurer Has Assured Whether The Waste Collection Plan Is In Line With The Extended Producer Responsibility Plan Submitted To Pollution Control Boards And Steps Taken To Address The Waste Collection Plan If Not Submitted,0.8301
Third party verification of waste data,Water Withdrawal By Third Party Water,1.0,0.2246,1.0,0.0,0.0,Kalman Verified (High),Water Withdrawal By Third Party Water - Previous Year,0.9107
Is there presence of offices/manufacturing facilities in ecologically sensitive areas,Whether Details Of Operations Or Offices In Or Around Ecologically Sensitive Areas Where Environmental Approvals Or Clearances Are Required Is Assured By Assurer,1.0,0.6688,1.0,0.0,0.0,Kalman Verified (High),Remarks For Assurance Of Details Of Operations Or Offices In Or Around Ecologically Sensitive Areas Where Environmental Approvals Or Clearances Are Required,0.9145
Provide details of significant direct and indirect impact of the entity on biodiversity in ecological sensitive areas along with prevention and remediation activities,Details Of Significant Direct And Indirect Impact Of The Entity On Biodiversity In Such Areas Along With Prevention And Remediation Activities Explanatory Text Block,1.0,0.8795,1.0,0.0,0.0,Kalman Verified (High),Remarks For Assurance Of Details Of Significant Direct And Indirect Impact Of The Entity On Biodiversity In Such Areas Along With Prevention And Remediation Activities,0.9783
Does the company have an Environment or a Biodiversity policy,Does The Entity Have An Anti Corruption Or Anti Bribery Policy,1.0,0.2818,1.0,0.0,0.0,Kalman Verified (High),Does The Entity Have An Equal Opportunity Policy As Per The Rights Of Persons With Disabilities Act2016,0.7914
Does the company’s policy on Biodiversity extend to its value chain partners (Y/N),Do The Enlisted Policies Extend To Your Value Chain Partners - Principle5 Member,1.0,0.4883,1.0,0.0,0.0,Kalman Verified (High),Do The Enlisted Policies Extend To Your Value Chain Partners - Principle6 Member,1.0
Does the company take initiatives with regards to its Biodiversity conservation/land rehabilitation and biodiversity restoration,Details Of Significant Direct And Indirect Impact Of The Entity On Biodiversity In Such Areas Along With Prevention And Remediation Activities Explanatory Text Block,1.0,0.5949,1.0,0.0,0.0,Kalman Verified (High),Remarks For Assurance Of Details Of Significant Direct And Indirect Impact Of The Entity On Biodiversity In Such Areas Along With Prevention And Remediation Activities,0.9751
Are there any goals/targets/commitments set towards carbon neutrality/ Net Zero,Remarks For Assurance Of Specific Commitments Goals And Targets Set By The Entity With Defined Timelines,1.0,0.3318,1.0,0.0,0.0,Kalman Verified (High),Assurance Sub Type For Specific Commitments Goals And Targets Set By The Entity With Defined Timelines,1.0
Does the organisation report on CDP Disclosure as per Climate Change Module,Disclosure In Auditors Report Explanatory,1.0,0.4561,1.0,0.0,0.0,Kalman Verified (High),Does The Entity Display Product Information On The Product Over And Above What Is Mandated As Per Local Laws,0.9768
"Does the company perform climate related scenario analysis (based on TCFD framework); Based on the climate risk assessment, has the company set up a plan to adapt to the identified physical climate risks",Does The Entity Have AFramework Or Policy On Cyber Security And Risks Related To Data Privacy,1.0,0.3209,1.0,0.0,0.0,Kalman Verified (High),Web Link Of The Policy On Cyber Security And Risks Related To Data Privacy,0.9457
Presence of ISO 14001:2015 certifications,ISO Country Code Of Place Of Maintenance Of Computer Servers Storing Accounting Data,1.0,0.3399,1.0,0.0,0.0,Kalman Verified (High),Remarks For Assurance Of Name Of The National And International Codes Or Certifications Or Labels Or Standards Adopted By Your Entity And Mapped To Each Principle,0.5245
Does the entity implement carbon pricing mechanism/model?,Description Of Other Inputs To Options Pricing Model Share Options Granted,1.0,0.2657,1.0,0.0,0.0,Kalman Verified (High),Depreciation Method Investment Property Cost Model,0.5735
Does the company have a policy on environmental management and is it available publicly,Does The Entity Have ABusiness Continuity And Disaster Management Plan,1.0,0.4529,1.0,0.0,0.0,Kalman Verified (High),Does The Entity Have AFramework Or Policy On Cyber Security And Risks Related To Data Privacy,0.8621
"Is the entity compliant with the appliacble environmental law/regulations/guidelines for India; such as the Water (Prevention and Control of Pollution) Act, AIr (Prevention and Control of Pollution) Act, Environmental protection act and rules thereunder (Y/N). If not, provide details of all such non compliances",Is The Entity Compliant With The Applicable Environmental Law,1.0,0.7181,1.0,0.0,0.0,Kalman Verified (High),Remarks For Assurance Of Whether The Entity Compliant With The Applicable Environmental Law,0.8472
Does the company have a strategy for climate change adaptation and mitigation,Remarks For Assurance Of Disclose Any Significant Adverse Impact To The Environment Arising From The Value Chain Of The Entity What Mitigation Or Adaptation Measures Have Been Taken By The Entity In This Regard,1.0,0.4904,1.0,0.0,0.0,Kalman Verified (High),Assurance Sub Type For Disclose Any Significant Adverse Impact To The Environment Arising From The Value Chain Of The Entity What Mitigation Or Adaptation Measures Have Been Taken By The Entity In This Regard,1.0
Discussion of the integration of environmental considerations into strategic planning for data centre needs,Remarks For Assurance Of Whether The Entity Has Translated The Policy Into Procedures,1.0,0.2342,1.0,0.0,0.0,Kalman Verified (High),Remarks For Assurance Of Data Breaches Information Like Number Of Instances Of Data Breaches Along With Impact And Percentage Of Data Breaches Involving Personally Identifiable Information Of Customers,0.9571
"Are there any social or environmental concerns and/or risks arising from production or disposal of products, as identified in the Life Cycle Perspective/Assessments",Has The Entity Conducted Life Cycle Perspective Or Assessments For Any Of Its Products Or For Its Services,1.0,0.5486,1.0,0.0,0.0,Kalman Verified (High),Details Of Any Corrective Actions Taken Or Underway To Address Significant Risks Or Concerns Arising From The Assessments Of Plant And Office Explanatory Text Block,0.952
"Has the company taken initiatives to use reusable, recyclable or compostable packagin",Whether The Company Has Undertaken Assessment Or Assurance Of The BRSRCore,1.0,0.1457,1.0,0.0,0.0,Kalman Verified (High),Whether The Company Has Undertaken Reasonable Assurance Of The BRSRCore,0.9126
What are the intiatives taken to reduce plastic packaging,Plastic Waste,1.0,0.5744,1.0,0.0,0.0,Kalman Verified (High),Plastic Waste - Previous Year,0.8914
Turnover of products and/or services as a percentage of turover from all products/service that carry information about the recycling and/or safe disposal,Remarks For Assurance Of Turnover Of Products And Or Services As APercentage Of Turnover From All Products Or Service That Carry Information About As APercentage To Total Turnover,1.0,0.6496,1.0,0.0,0.0,Kalman Verified (High),Assurance Sub Type For Turnover Of Products And Or Services As APercentage Of Turnover From All Products Or Service That Carry Information About As APercentage To Total Turnover,0.9961
Does your company have a publicly available no deforestation policy or commitment that applies to your company’s operational practices,Percentage Of Health And Safety Practices Of Your Plants And Offices That Were Assessed P3,1.0,0.4092,1.0,0.0,0.0,Kalman Verified (High),Details Of Waste Management Practices Adopted In Your Establishments And The Strategy Adopted By Company To Reduce Usage Of Hazardous And Toxic Chemicals Explanatory Text Block,0.8302
Does the company owns/lease/manages forest land for its operations,The Entity Does Not Consider The Principles Material To Its Business - Principle5 Member,1.0,0.2446,1.0,0.0,0.0,Kalman Verified (High),The Entity Does Not Consider The Principles Material To Its Business - Principle9 Member,1.0
Are there any intiatives taken with respect to sustainable agriclutire by the company,Whether There Are Any Major Customers,1.0,0.3147,1.0,0.0,0.0,Kalman Verified (High),Whether There Are Any Contingent Liabilities,1.0
Is the manufacturing smart farm equipments/machinery,Repairs To Machinery,1.0,0.5044,1.0,0.0,0.0,Kalman Verified (High),Capital Investment On Energy Conservation Equipments,0.8041
"Is the company exposed to animal products and are these certified or accredited by one or more independent third party? If yes, does the company demand or monitor such certification or accreditation from its suppliers?",Disclosure In Auditors Report Relating To Fraud By The Company Or On The Company By Its Officers Or Its Employees Reported During Period,1.0,0.1447,1.0,0.0,0.0,Kalman Verified (High),Whether These Are In Accordance With The Books Of Accounts Maintained By The Company Explanatory,0.9262
What are the initiatives taken with respect to Chemical Sagety management,Percentage Of Cost Incurred On Well Being Measures With Respect To Total Revenue Of The Company,1.0,0.2274,1.0,0.0,0.0,Kalman Verified (High),Percentage Of Cost Incurred On Well Being Measures With Respect To Total Revenue Of The Company - Previous Year,0.9383
Does the company have waste heat recovery systems for enchancing energy efficiency (Cement),Waste Recovered Through Other Recovery Operations,1.0,0.4776,1.0,0.0,0.0,Kalman Verified (High),Waste Recovered Through Other Recovery Operations - Previous Year,0.9107
"Is the forestland certified as per international sustainable forest management standards such as FSC, PEFC, SFI",Number Of Certified Emission Rights Held As Inventory,1.0,0.4048,1.0,0.0,0.0,Kalman Verified (High),Equity As Per Ind As,0.9006
What measures are taken to reduce marine pollution and manage ballast water,Description Of How Entity Establishes Hedge Ratio And What Sources Of Hedge Ineffectiveness Are,1.0,0.1251,1.0,0.0,0.0,Kalman Verified (High),Remarks For Assurance Of Measures Taken By The Entity To Ensure ASafe And Healthy Work Place,0.9807
Does the company comply with new regilation of Energy Efficiency Existing Ship (require al ships above 400GT),Whether Details Of Total Energy Consumption And Energy Intensity Applicable To The Company,1.0,0.4703,1.0,0.0,0.0,Kalman Verified (High),New Provisions Other Provisions,0.9572
Are there any initiatives to promot sustainable shipping practices or reduce the carbon footprint of port operations,Whether There Are Any Construction Contracts,1.0,0.2503,1.0,0.0,0.0,Kalman Verified (High),Whether There Are Any Major Customers,1.0
Does the copmany manufacture electric or alternate fuel bsaed vessel/ships or related components for the same?,Steps Taken By The Company For Utilising Alternate Sources Of Energy Explanatory,1.0,0.3688,1.0,0.0,0.0,Kalman Verified (High),Does The Entity Have ASpecified Committee Of The Board Or Director Responsible For Decision Making On Sustainability Related Issues,0.911
Is company using sustainable alternative fuels liek SAF in its fleet,Shares In Company Held By Subsidiaries Of Its Holding Company,1.0,0.1704,1.0,0.0,0.0,Kalman Verified (High),Shares In Company Held By Associates Of Its Holding Company,1.0
Is there any commitment or plan to shift to alternate fuels such as SAF,Whether There Is Any Departure From Ind AS,1.0,0.2254,1.0,0.0,0.0,Kalman Verified (High),Whether There Is Any Business Combination,0.8634
Has the company partnered with airframe and tehnology manufacturesre to increase fuel efficiency and reduce environmental impact,Power And Fuel,1.0,0.3206,1.0,0.0,0.0,Kalman Verified (High),Assurer Has Assured Whether The Entity Compliant With The Applicable Environmental Law,0.8499
"Does the company measure or track the age of aircrafts? If yes, the what is the average of company’s air fleet",Whether Details Of Air Emissions Other Than Ghg Emissions By The Entity Is Applicable To The Company,1.0,0.3344,1.0,0.0,0.0,Kalman Verified (High),Whether Details Of The Stock Exchange Where The Company Is Listed Is Assured By Assurer,0.903
Does the company monitor and measure noise levels? Are they compliant with noise regulations,Is The Entity Compliant With The Applicable Environmental Law,1.0,0.3878,1.0,0.0,0.0,Kalman Verified (High),Assurer Has Assured Whether The Entity Compliant With The Applicable Environmental Law,0.8919
Does the company’s policy and measures align with International Civil Aviation Organisation’s Balance Approach,Description Of Line Item S In Statement Of Comprehensive Income In Which Amortisation Of Intangible Assets Is Included,1.0,0.2729,1.0,0.0,0.0,Kalman Verified (High),Balance With Banks,0.9789
Does the company have oil spill/gas leak action plan,Does The Entity Have ABusiness Continuity And Disaster Management Plan,1.0,0.4618,1.0,0.0,0.0,Kalman Verified (High),Does The Entity Have Any Project Related To Reducing Green House Gas Emission,0.9527
Did the company experience any spills for the current and previous years,Current Tax Pertaining To Previous Years,1.0,0.2415,1.0,0.0,0.0,Kalman Verified (High),Did Your Entity Carry Out Any Survey With Regard To Consumer Satisfaction Relating To The Major Products Or Services Of The Entity Significant Locations Of Operation Of The Entity Or The Entity As AWhole,0.5823
Does the entity have a system to finance sustainable projects,Does The Entity Have Procedures In Place For Sustainable Sourcing,1.0,0.7074,1.0,0.0,0.0,Kalman Verified (High),Does The Entity Have Any Project Related To Reducing Green House Gas Emission,0.6347
Are ESG factors incorporated in the lending and investment decisions,Description Of Factors That Make Up Goodwill Recognised,0.9847,0.2394,1.0,0.0201,0.02,Kalman Verified (High),Whether There Are Unconsolidated Structured Entities Controlled By Investment Entity,0.9298
Does the company follow sustainable mining practices,Does The Entity Have Procedures In Place For Sustainable Sourcing,1.0,0.5525,1.0,0.0,0.0,Kalman Verified (High),Description Of Accounting Policy For Mining Rights Explanatory,0.7087
Does the company have tailing management system after mining,Does The Entity Have ABusiness Continuity And Disaster Management Plan,1.0,0.3934,1.0,0.0,0.0,Kalman Verified (High),Remarks For Assurance Of Health And Safety Management System,0.8728
"Does the company have a publicly available policy in place for mining from conflict affected and high risk areas. If yes, provide details",Does The Entity Have Procedures In Place For Sustainable Sourcing,1.0,0.347,1.0,0.0,0.0,Kalman Verified (High),Does The Entity Have Processes In Place To Avoid Or Manage Conflict Of Interests Involving Members Of The Board,0.9573
Does the company undertake intiatives or programs to raise awareness about sustainability challenges and opportunities in the natural rubber industry for suppliers,Whether Company Has Published Sustainability Report For The Financial Year,1.0,0.4484,1.0,0.0,0.0,Kalman Verified (High),Does The Entity Have ASpecified Committee Of The Board Or Director Responsible For Decision Making On Sustainability Related Issues,0.9151
What measures are in palce to ensure public sagety and security at facilities?,Remarks For Assurance Of Measures Taken By The Entity To Ensure ASafe And Healthy Work Place,1.0,0.5084,1.0,0.0,0.0,Kalman Verified (High),Assurance Sub Type For Measures Taken By The Entity To Ensure ASafe And Healthy Work Place,1.0
How are potential security threats and emergencies addressed,Indication Of How Frequently Hedging Relationships Are Discontinued And Restarted,1.0,-0.0347,1.0,0.0,0.0,Kalman Verified (High),Description Of Whether There Are Potential Income Tax Consequences Not Practicably Determinable,0.9842
Is the company using low carbon vehicle and equipments in its ports to carry out operations,Whether Total Scope3 Emissions And Its Intensity Is Applicable To The Company,1.0,0.3758,1.0,0.0,0.0,Kalman Verified (High),Whether Details Of Green House Gas Emissions And Its Intensity Is Applicable To The Company,0.898
Are the ESG related factors being monitored in investee companies/lending processes,Description Of Factors That Make Up Goodwill Recognised,0.9839,0.1856,1.0,0.0198,0.02,Kalman Verified (High),Changes In Objectives Policies And Processes For Managing Risk,0.8045
Does the company lend towards Electric Vehicles,Appropriation Towards Bonus Shares,1.0,0.2073,1.0,0.0,0.0,Kalman Verified (High),Efforts Made Towards Technology Absorption Explanatory,0.902
Does the company have ESG related products/services?,Does The Entity Have Any Project Related To Reducing Green House Gas Emission,1.0,0.3306,1.0,0.0,0.0,Kalman Verified (High),Products And Services Domain,0.9374
Does the company integrate ESG aspects in its insurance underwriting process for non life non health insurance reinsurance,Revenue From Insurance Contracts Issued Without Reduction For Reinsurance Held,1.0,0.5238,1.0,0.0,0.0,Kalman Verified (High),Assets Under Insurance Contracts And Reinsurance Contracts Issued,0.9818
Does your company offer eSG based products within its non life non health insurance business segment,Non Controlling Interest,1.0,0.199,1.0,0.0,0.0,Kalman Verified (High),Other Non Hazardous Waste Generated,0.897
Does the company participate in the GRESB for real estate benchmark assessment,Does Company Participate In The Business Responsibility Initiatives Of The Listed Entity - Holding Subsidiary Associate Companies And Joint Ventures Domain280,1.0,0.3282,1.0,0.0,0.0,Kalman Verified (High),Does Company Participate In The Business Responsibility Initiatives Of The Listed Entity - Holding Subsidiary Associate Companies And Joint Ventures Domain28,1.0
Is the company currently operating/deploying low carbon fleet (EVs or other vehicles) in its logistics business or do they have a plan to shift current feet to low carbon alternative fleet,Do You Have AFocal Point Responsible For Addressing Human Rights Impacts Or Issues Caused Or Contributed To By The Business,1.0,0.2458,1.0,0.0,0.0,Kalman Verified (High),Disclosure In Auditors Report Relating To Fraud By The Company Or On The Company By Its Officers Or Its Employees Reported During Period,0.9485
Does the company have End of Life Vehicles management,Does The Entity Have ABusiness Continuity And Disaster Management Plan,1.0,0.4787,1.0,0.0,0.0,Kalman Verified (High),Assurer Has Assured Whether The Entity Have ABusiness Continuity And Disaster Management Plan,0.6885
What steps are taken by the company to mitigate any potential health impacts of tyre and rubber product manufacturing on local communities,Does The Entity Display Product Information On The Product Over And Above What Is Mandated As Per Local Laws,1.0,0.2834,1.0,0.0,0.0,Kalman Verified (High),Details Of Product Information On The Product Over And Above What Is Mandated As Per Local Laws Explanatory Text Block,0.9545
"Does the company have a strategy or initiative in place to enourage small forest owners and timber suppliers to adopt best practices or sustainable management in order to obtain certification from recognized systems such as PEF, FSC or equivalent",Does The Entity Have Procedures In Place For Sustainable Sourcing,1.0,0.6229,1.0,0.0,0.0,Kalman Verified (High),Does The Entity Have Processes In Place To Avoid Or Manage Conflict Of Interests Involving Members Of The Board,0.8168
"Does the company have commitment in place integrating circular fashin into all its operations? If yes, provide details",Does The Entity Have Procedures In Place For Sustainable Sourcing,1.0,0.3917,1.0,0.0,0.0,Kalman Verified (High),Does The Entity Have Processes In Place To Avoid Or Manage Conflict Of Interests Involving Members Of The Board,0.7684
Does the company manufacture/sell sustainable apparel or garments,Does The Entity Have Procedures In Place For Sustainable Sourcing,1.0,0.558,1.0,0.0,0.0,Kalman Verified (High),Inventories At Fair Value Less Costs To Sell,0.628
Is the company using sustainable material in its typre (also state the ttype of material used) or has committed to use sustainable material in typres,Recycled Or Re Used In Put Material To Total Material - Recycled Or Reused Input Material Used In Production Or Providing Services Domain8,1.0,0.4783,1.0,0.0,0.0,Kalman Verified (High),Recycled Or Re Used In Put Material To Total Material - Recycled Or Reused Input Material Used In Production Or Providing Services Domain2,1.0
Is the company manufacturing sustainable/eco-friendly paint/coatings,Does The Entity Have Procedures In Place For Sustainable Sourcing,1.0,0.4032,1.0,0.0,0.0,Kalman Verified (High),Whether The Entity Have Procedures In Place For Sustainable Sourcing And Percentage Of Inputs Were Sourced Sustainably Is Assured By Assurer,0.9355
Is the company manufacturing any energy efficient products or is spending on R&D for manufacturing such products in near future?,Whether The Products And Packaging Reclaimed At End Of Life Of Products Amount Reused Or Recycled Or Safely Disposed Is Assured By Assurer,1.0,0.2175,1.0,0.0,0.0,Kalman Verified (High),Whether Products Or Services Sold By The Entity Accounting For Ninety Percent Of The Turnover Is Assured By Assurer,0.976
Is the company fulfilling International Maritime Organisation - MARPOL Air Pollution prevention guidelines,Whether Details Of Air Emissions Other Than Ghg Emissions By The Entity Is Applicable To The Company,1.0,0.4419,1.0,0.0,0.0,Kalman Verified (High),Whether The Waste Collection Plan Is In Line With The Extended Producer Responsibility Plan Submitted To Pollution Control Boards,0.8348
Whether an occupational health and safety management system is implemented by the entity,Whether An Occupational Health And Safety Management System Has Been Implemented By The Entity,1.0,0.9833,1.0,0.0,0.0,Kalman Verified (High),Whether Health And Safety Management System Is Assured By Assurer,0.7171
What are the processes used to identify work-related hazards and assess risks on a routine and non routine bassi by the entity,Desclosure Of The Processes Used To Identify Work Related Hazards And Assess Risks On ARoutine And Non Routine Basis By The Entity Explanatory Text Block,1.0,0.7151,1.0,0.0,0.0,Kalman Verified (High),Whether You Have Processes For Workers To Report The Work Related Hazards And To Remove Themselves From Such Risks,0.4861
Does the company have processes for workers to report the work related hazards and to remove themselves from such risks (Y/N),Whether You Have Processes For Workers To Report The Work Related Hazards And To Remove Themselves From Such Risks,1.0,0.8931,1.0,0.0,0.0,Kalman Verified (High),Processes For Workers To Report The Work Related Hazards And To Remove Themselves From Such Risks Is Not Applicable Explanatory Text Block,0.8625
Was there training given to workers on health and sagety measures in Current Year,Remarks For Assurance Of Details Of Training Given To Employees And Workers,1.0,0.5825,1.0,0.0,0.0,Kalman Verified (High),Assurance Sub Type For Details Of Training Given To Employees And Workers,1.0
Does the company mention that they have a safety committee/policy in place with respect to accidents or misfortune events,Does The Entity Have Procedures In Place For Sustainable Sourcing,1.0,0.2554,1.0,0.0,0.0,Kalman Verified (High),Disclosure Responsibility Statement Of CSR Committee That Implementation And Monitoring Of CSR Policy Is In Compliance With CSR Policy Of Company,0.9868
Does the entity have ISO 45001:2018 certification,Does The Entity Have Procedures In Place For Sustainable Sourcing,1.0,0.4603,1.0,0.0,0.0,Kalman Verified (High),Does The Entity Have ABusiness Continuity And Disaster Management Plan,1.0
Are the entity’s manufacturing facilties WRAP certified,Number Of Certified Emission Rights Under Certification,1.0,0.3619,1.0,0.0,0.0,Kalman Verified (High),Number Of Certified Emission Rights Held As Inventory,0.9554
Does the company have a target to achieve gender diversity in the workforce,Does The Entity Have Any Sites Or Facilities Identified As Designated Consumers Under The Performance Achieve And Trade Scheme Of The Government Of India,1.0,0.2376,1.0,0.0,0.0,Kalman Verified (High),Does The Entity Have Procedures In Place For Sustainable Sourcing,0.9355
Does the company have a diversity equality and inclusion policy,Does The Entity Have An Anti Corruption Or Anti Bribery Policy,1.0,0.2185,1.0,0.0,0.0,Kalman Verified (High),Does The Entity Have AFramework Or Policy On Cyber Security And Risks Related To Data Privacy,0.9172
Does the company have policy for precention to prevent sexual harassment at workplace,Total Complaints Reported Under Sexual Harassment Of Women At Workplace,1.0,0.6713,1.0,0.0,0.0,Kalman Verified (High),Remarks For Assurance Of Complaints Filed Under The Sexual Harassment Of Women At Workplace,0.9733
Are all complaints filed by the employees during current fiscal year closed,Number Of Complaints Filed During The Year - Working Conditions Complaints Member,1.0,0.6313,1.0,0.0,0.0,Kalman Verified (High),Number Of Complaints Filed During The Year - Health Safety Complaints Member,1.0
Does the company have a human rights policy established,Does The Entity Have An Equal Opportunity Policy As Per The Rights Of Persons With Disabilities Act2016,1.0,0.4834,1.0,0.0,0.0,Kalman Verified (High),Does The Entity Have An Anti Corruption Or Anti Bribery Policy,0.8692
"Does the company provide medical assistance (Ambulance service, fixed medical checkups, to the employees)",Bio Medical Waste,1.0,0.1908,1.0,0.0,0.0,Kalman Verified (High),Employee Medical Insurance Expenses,0.9457
"Does the company take measures for the well being of individuals other than permanent employees (which may include interns, contracts, etc.)",Number Of Well Being Of Employees Or Workers - Gender Member - Benefits Member - Other Than Permanent Employees Member,1.0,0.5939,1.0,0.0,0.0,Kalman Verified (High),Number Of Well Being Of Employees Or Workers - Other Gender Member - Health Insurance Member - Other Than Permanent Employees Member,0.9933
Does the organisation have opportunities for Paternal leavesWhat all initiatives does the organisation undertake for increase in the retention rate of employees,Does The Entity Have Procedures In Place For Sustainable Sourcing,1.0,0.3394,1.0,0.0,0.0,Kalman Verified (High),The Entity Does Not Have The Financial Or Human And Technical Resources Available For The Task - Principle9 Member,0.8308
Does the company have employe development programs that have been developed to upgrade and improve employee skills,Does The Entity Have ABusiness Continuity And Disaster Management Plan,1.0,0.3779,1.0,0.0,0.0,Kalman Verified (High),Whether Liabilities Have Been Measured At Fair Value,0.962
Did the company face any strike in the current year,Face Value Of Units Purchased,1.0,0.1817,1.0,0.0,0.0,Kalman Verified (High),Number Of Employees In The Company At The End Of The Financial Year,0.9849
Does the company conduct an employee satisfaction survey,The Entity Has Not Applicable Carry Out Any Survey With Regard To Consumer Satisfaction Relating To The Major Products Or Services Explanatory Text Block,1.0,0.5041,1.0,0.0,0.0,Kalman Verified (High),Did Your Entity Carry Out Any Survey With Regard To Consumer Satisfaction Relating To The Major Products Or Services Of The Entity Significant Locations Of Operation Of The Entity Or The Entity As AWhole,0.8506
Does the company have policy on offering stock options,Number Of Outstanding Stock Options,1.0,0.5143,1.0,0.0,0.0,Kalman Verified (High),Proceeds From Exercise Of Stock Options,0.951
Does the company have mechanisms to receive and respond to consumer complaints and feedback,Remarks For Assurance Of The Mechanisms In Place To Receive And Respond To Consumer Complaints And Feedback,1.0,0.8757,1.0,0.0,0.0,Kalman Verified (High),Describe The Mechanisms In Place To Receive And Respond To Consumer Complaints And Feedback Explanatory Text Block,1.0
"Did your entity carry out any survey with regard to consumer satisfaction relating to the major products/services of the entity, significant locations of operation of the entity or the entity as a whole",Did Your Entity Carry Out Any Survey With Regard To Consumer Satisfaction Relating To The Major Products Or Services Of The Entity Significant Locations Of Operation Of The Entity Or The Entity As AWhole,1.0,0.9732,1.0,0.0,0.0,Kalman Verified (High),The Entity Has Not Applicable Carry Out Any Survey With Regard To Consumer Satisfaction Relating To The Major Products Or Services Explanatory Text Block,0.7905
Steps taken to inform and educate consumers about safe and responsible usage of products and/or service,Steps Taken To Inform And Educate Consumers About Safe And Responsible Usage Of Products And Or Services Explanatory Text Block,1.0,0.8408,1.0,0.0,0.0,Kalman Verified (High),Remarks For Assurance Of Steps Taken To Inform And Educate Consumers About Safe And Responsible Usage Of Products And Or Services,0.9756
ISO 9001:2015 certification,Number Of Certified Emission Rights Under Certification,1.0,0.4114,1.0,0.0,0.0,Kalman Verified (High),ISO Country Code Of Place Of Maintenance Of Computer Servers Storing Accounting Data,0.7811
Does the entity display product information on the product over and above what is mandated as per local laws,Does The Entity Display Product Information On The Product Over And Above What Is Mandated As Per Local Laws,1.0,1.0,1.0,0.0,0.0,Kalman Verified (High),Assurer Has Assured Whether The Entity Display Product Information On The Product Over And Above What Is Mandated As Per Local Laws,0.8854
"When the onboarding of new vendors takes place, does the company have their supplier code of conduct designed",Does The Entity Have Procedures In Place For Sustainable Sourcing,1.0,0.4059,1.0,0.0,0.0,Kalman Verified (High),Does The Entity Have Processes In Place To Avoid Or Manage Conflict Of Interests Involving Members Of The Board,0.8569
Disclose any significant adverse impact on the environment arising from the value chain of the entity. Are there any mitigations or adaptiation measures taken by the entity in this context,Disclose Any Significant Adverse Impact To The Environment Arising From The Value Chain Of The Entity What Mitigation Or Adaptation Measures Have Been Taken By The Entity In This Regard Explanatory Text Block,1.0,0.9021,1.0,0.0,0.0,Kalman Verified (High),Remarks For Assurance Of Disclose Any Significant Adverse Impact To The Environment Arising From The Value Chain Of The Entity What Mitigation Or Adaptation Measures Have Been Taken By The Entity In This Regard,0.9833
Provide details of any corrective actions taken or underway to adderss significant risks/concerns arising from asessment of health and safety practices practices and working conditions of value chain partners,Details Of Any Corrective Actions Taken Or Underway To Address Significant Risks Or Concerns Arising From The Assessments Of Value Chain Partner Explanatory Text Block,1.0,0.7583,1.0,0.0,0.0,Kalman Verified (High),Remarks For Assurance Of Details Of Any Corrective Actions Taken Or Underway To Address Significant Risks Or Concerns Arising From The Assessments Of Value Chain Partner,0.9819
Does the entity have procedures in place for sustainable sourcing strategy around sustainable/efficient/responsible supply chain,Does The Entity Have Procedures In Place For Sustainable Sourcing,1.0,0.911,1.0,0.0,0.0,Kalman Verified (High),Remarks For Assurance Of The Entity Have Procedures In Place For Sustainable Sourcing And Percentage Of Inputs Were Sourced Sustainably,0.6727
Is there a robust supplier assessment done by the company to avoid any conflicts with ESG requirements/sustainability/ESG assessment for suppliers,Whether There Is Any Business Combination,1.0,0.3694,1.0,0.0,0.0,Kalman Verified (High),Whether Compliance With Statutory Requirements Of Relevance To The Principles And Rectification Of Any Non Compliances Is Assured By Assurer,0.998
Does the company have a documented CSR policy in place,Does The Entity Have Procedures In Place For Sustainable Sourcing,1.0,0.3697,1.0,0.0,0.0,Kalman Verified (High),Disclosure Responsibility Statement Of CSR Committee That Implementation And Monitoring Of CSR Policy Is In Compliance With CSR Policy Of Company,0.9007
Whether there are mechanisms to receive and redress grievances of the community,Whether Describe The Mechanisms To Receive And Redress Grievances Of The Community Is Assured By Assurer,1.0,0.813,1.0,0.0,0.0,Kalman Verified (High),Describe The Mechanisms To Receive And Redress Grievances Of The Community Explanatory Text Block,0.9919
Does the entity disclose the details of beneficiaries of CSR projects,Details CSR Policy Explanatory,1.0,0.5385,1.0,0.0,0.0,Kalman Verified (High),Type Of Assurance For Details Of CSR,0.9526
"Does the company conduct impact assessments for CSR projects? If yes, provide details",Disclosure Of Reasons If Company Fails To Spend Prescribed Amount On CSR,1.0,0.5577,1.0,0.0,0.0,Kalman Verified (High),Disclosure Of Other Reasons If Company Fails To Spend Prescribed Amount On CSR,0.9635
Does the company conduct of assessment of negative impacts of its operation on the communities,Remarks For Assurance Of Details Of Actions Taken To Mitigate Any Negative Social Impacts Identified In The Social Impact Assessments,1.0,0.5606,1.0,0.0,0.0,Kalman Verified (High),Assurance Sub Type For Details Of Actions Taken To Mitigate Any Negative Social Impacts Identified In The Social Impact Assessments,0.9686
Provide details of actions taken to mitigate any negative social impacts identified in the Social Impact Assessments,Remarks For Assurance Of Details Of Actions Taken To Mitigate Any Negative Social Impacts Identified In The Social Impact Assessments,1.0,0.954,1.0,0.0,0.0,Kalman Verified (High),Assurance Sub Type For Details Of Actions Taken To Mitigate Any Negative Social Impacts Identified In The Social Impact Assessments,0.9971
Does the entity have a framework/policy on cybersecurity and risks related to data privacy,Does The Entity Have AFramework Or Policy On Cyber Security And Risks Related To Data Privacy,1.0,0.8649,1.0,0.0,0.0,Kalman Verified (High),Assurer Has Assured Whether The Entity Have AFramework Or Policy On Cyber Security And Risks Related To Data Privacy,0.8384
Does the company’s policy on cybersecurity and risks related to data privacy extend to its value chain partners,Does The Entity Have AFramework Or Policy On Cyber Security And Risks Related To Data Privacy,1.0,0.6864,1.0,0.0,0.0,Kalman Verified (High),Web Link Of The Policy On Cyber Security And Risks Related To Data Privacy,0.9755
Provide number of instances of data breaches along with their impact on the company,Number Of Instances Of Data Breaches Along With Impact,1.0,0.8674,1.0,0.0,0.0,Kalman Verified (High),Remarks For Assurance Of Data Breaches Information Like Number Of Instances Of Data Breaches Along With Impact And Percentage Of Data Breaches Involving Personally Identifiable Information Of Customers,0.7673
Does the company conduct cybersecurity assessment by a third party,Water Withdrawal By Third Party Water,1.0,0.1762,1.0,0.0,0.0,Kalman Verified (High),Water Withdrawal By Third Party Water - Previous Year,0.9107
"Does the entity comply with ISO 27001:2013, ISO 22301:2019 OR PCI DSS standards to safeguard the customer data",ISO Country Code Of Place Of Maintenance Of Computer Servers Storing Accounting Data,1.0,0.3975,1.0,0.0,0.0,Kalman Verified (High),Does The Entity Have AFramework Or Policy On Cyber Security And Risks Related To Data Privacy,0.6869
Does the organisation conduct training on data privacy and awareness programs for information security to its customers/employees,Does The Entity Have AFramework Or Policy On Cyber Security And Risks Related To Data Privacy,1.0,0.5626,1.0,0.0,0.0,Kalman Verified (High),Web Link Of The Policy On Cyber Security And Risks Related To Data Privacy,0.9457
Does the company have a communication plan for engaging with the communities affected with aircraft noise,Does The Entity Have ABusiness Continuity And Disaster Management Plan,1.0,0.3482,1.0,0.0,0.0,Kalman Verified (High),Does The Entity Have An Equal Opportunity Policy As Per The Rights Of Persons With Disabilities Act2016,0.8939
Does the company comply with Maritime Labour Convention adopted by International Labour Organisation in 2006,Number Of Complaints Filed During The Year - Forced Labour Or Involuntary Labour Member,1.0,0.3431,1.0,0.0,0.0,Kalman Verified (High),Remarksfor Complaints Explanatory Text Block - Forced Labour Or Involuntary Labour Member,0.9701
Is the company’s training centre for its seafarers certified or has got validated by any institution,Has The Entity Conducted Life Cycle Perspective Or Assessments For Any Of Its Products Or For Its Services,1.0,0.3018,1.0,0.0,0.0,Kalman Verified (High),Assurer Has Assured Whether The Entity Conducted Life Cycle Perspective Or Assessments For Any Of Its Products Or For Its Services,0.9258
Does the company have agreements which safeguard the wellbeing of farm workers through the Agricultural Labour Practices Code,Does The Entity Have Procedures In Place For Sustainable Sourcing,1.0,0.4348,1.0,0.0,0.0,Kalman Verified (High),Does The Entity Have ABusiness Continuity And Disaster Management Plan,1.0
Does the company ensure its jewellery meet BIS hallmark standards for quality assurance,Remarks For Assurance Of Measures Taken By The Entity To Ensure ASafe And Healthy Work Place,1.0,0.3458,1.0,0.0,0.0,Kalman Verified (High),Assurance Sub Type For Measures Taken By The Entity To Ensure ASafe And Healthy Work Place,1.0
Is the education institute providing placement assistance to its students,Education Cess Pertaining To Exploration And Production Activities,1.0,0.2897,1.0,0.0,0.0,Kalman Verified (High),Whether Total Scope3 Emissions And Its Intensity Is Applicable To The Company,0.9588
Does the company have a editorial policy,Does The Entity Have An Anti Corruption Or Anti Bribery Policy,1.0,0.3433,1.0,0.0,0.0,Kalman Verified (High),Does The Entity Have An Equal Opportunity Policy As Per The Rights Of Persons With Disabilities Act2016,0.8579
Does the company implement strategies to control and reduce the amount of construction and demolition waste from buildings that are constructed or are part of portfolio,Construction And Demolition Waste,1.0,0.6729,1.0,0.0,0.0,Kalman Verified (High),Construction And Demolition Waste - Previous Year,0.902
Does the company have programs established to measure food loss and waste,Methods Used To Measure Risk,1.0,0.3108,1.0,0.0,0.0,Kalman Verified (High),Changes In Methods Used To Measure Risk,0.9066
Does the company have any targets to reduce food waste,Does The Entity Have Any Project Related To Reducing Green House Gas Emission,1.0,0.5048,1.0,0.0,0.0,Kalman Verified (High),Disclose Whether Targets Set Under The Pat Scheme Have Been Achieved In Case Targets Have Not Been Achieved Then Provide The Remedial Action Taken Explanatory Text Block,0.8223
What initiatives are undertaken to mitigate the health risks of smoking and tobacco use,Description Of How Entity Establishes Hedge Ratio And What Sources Of Hedge Ineffectiveness Are,1.0,0.1709,1.0,0.0,0.0,Kalman Verified (High),Description Of Fact That Highest And Best Use Of Nonfinancial Assets Differs From Current Use,0.94
Are any of its hospitals accredited with NABH or JIC? How many of its hospitals accredited with NABH or JIC?,Has The Entity Conducted Life Cycle Perspective Or Assessments For Any Of Its Products Or For Its Services,1.0,0.2413,1.0,0.0,0.0,Kalman Verified (High),Assurer Has Assured Whether The Entity Conducted Life Cycle Perspective Or Assessments For Any Of Its Products Or For Its Services,0.9307
Does the company have a program or is taking efforts to increase the availability and affordability of the medicines in low income/developing markets,Whether Markets Served By The Entity Is Assured By Assurer,1.0,0.2641,1.0,0.0,0.0,Kalman Verified (High),Does The Entity Have Processes In Place To Avoid Or Manage Conflict Of Interests Involving Members Of The Board,0.9592
Does the company have publicly available programs to improve the accessibility to healthcare,Do The Employees Or Worker Of The Entity Have Access To Non Occupational Medical And Healthcare Services,1.0,0.4813,1.0,0.0,0.0,Kalman Verified (High),The Entity Does Not Have The Financial Or Human And Technical Resources Available For The Task - Principle3 Member,0.8443
Are the production units and R&D centres certified to International Aerospace Standard AS9100D and other required aviation standards,Expenditure On Production Transportation And Other Expenditure Pertaining To Exploration And Production Activities,1.0,0.0767,1.0,0.0,0.0,Kalman Verified (High),Other Expenditure Pertaining To Exploration And Production Activities,0.9482
"Has the company identified risk and threats it faces in ensuring the safet and security of its passengers, staff, and assets",Whether Total Scope3 Emissions And Its Intensity Is Applicable To The Company,1.0,0.2723,1.0,0.0,0.0,Kalman Verified (High),Description Of How Entity Reflects Its Risk Management Strategy By Using Hedge Accounting And Designating Hedging Relationships That It Frequently Resets,0.9685
Does the company collaborate with external agencies to reduce the amount of food loss and waste,Details Of Waste Management Practices Adopted In Your Establishments And The Strategy Adopted By Company To Reduce Usage Of Hazardous And Toxic Chemicals Explanatory Text Block,1.0,0.4722,1.0,0.0,0.0,Kalman Verified (High),Remarks For Assurance Of Details Of Waste Management Practices Adopted In Your Establishments And The Strategy Adopted By Company To Reduce Usage Of Hazardous And Toxic Chemicals,0.9827
Is the company promoting local tourism,Does The Entity Display Product Information On The Product Over And Above What Is Mandated As Per Local Laws,1.0,0.2988,1.0,0.0,0.0,Kalman Verified (High),Amount Spent In Local Area,0.9407
"Does the company actively engage in the research collaborations with the universities, research institutions and other companies",Research And Development Expense,1.0,0.3821,1.0,0.0,0.0,Kalman Verified (High),Research Development Expenditure,0.9698
"Provide details on development of clinical technology, clinical capabilites and programmes",Details Regarding Technology Absorption,1.0,0.2779,1.0,0.0,0.0,Kalman Verified (High),Expenditure Incurred On Research And Development,0.8558
"Does the entity have system/mechanism in place to address issues (congestion, indoor coverage, call drops, modernisation and upgrade of data speeds, among others)",Does The Entity Have Procedures In Place For Sustainable Sourcing,1.0,0.4272,1.0,0.0,0.0,Kalman Verified (High),Does The Entity Have AFramework Or Policy On Cyber Security And Risks Related To Data Privacy,0.9167
"Does the company have digital/smart substations or plans to have it in future? (If yes, provide the number of substation)",Does The Entity Have Procedures In Place For Sustainable Sourcing,1.0,0.284,1.0,0.0,0.0,Kalman Verified (High),Does The Entity Have Processes In Place To Avoid Or Manage Conflict Of Interests Involving Members Of The Board,0.9562
Does the company use smart metters in its distribution grid,Transportation Distribution Expenses,0.9917,0.1965,1.0,0.0104,0.01,Kalman Verified (High),Disclosure In Auditors Report Relating To Fraud By The Company Or On The Company By Its Officers Or Its Employees Reported During Period,0.9396
Does the company have inhouse research and development facilities/centres and team,Research And Development Expense,1.0,0.3773,1.0,0.0,0.0,Kalman Verified (High),Expenditure Incurred On Research And Development,0.902
Is the company offering e-learning courses/certifications to its students,Whether Total Scope3 Emissions And Its Intensity Is Applicable To The Company,1.0,0.1761,1.0,0.0,0.0,Kalman Verified (High),Whether Details Of Green House Gas Emissions And Its Intensity Is Applicable To The Company,0.898
ISO 22000 FSSC,ISO Country Code Of Place Of Maintenance Of Computer Servers Storing Accounting Data,1.0,0.3094,1.0,0.0,0.0,Kalman Verified (High),Disclosure In Auditors Report Relating To Compliance With Section 185 And 186 Of Companies Act 2013,0.0
Does the company confirm on its commitments to follow guidelines provided by FSSAI and NIN,Disclosure In Auditors Report Relating To Fraud By The Company Or On The Company By Its Officers Or Its Employees Reported During Period,1.0,0.2197,1.0,0.0,0.0,Kalman Verified (High),Whether Total Scope3 Emissions And Its Intensity Is Applicable To The Company,0.781
Does the company conduct food safety audits,Safety Security Expenses,0.9939,0.399,1.0,0.0102,0.01,Kalman Verified (High),Number Of Complaints Filed During The Year - Health Safety Complaints Member,0.8974
Does the company mention use of natural ingredients in their products and are they approved by government norms,Reclaimed Products And Their Packaging Materials As Percentage Of Total Products Sold In Respective Category - Reclaimed Products And Their Packaging Domain8,1.0,0.3563,1.0,0.0,0.0,Kalman Verified (High),Reclaimed Products And Their Packaging Materials As Percentage Of Total Products Sold In Respective Category - Reclaimed Products And Their Packaging Domain3,1.0
does the company have a policy on ingredient safety? is there any mention of use of paraben in the products,Whether There Is Any Voluntary Change In Accounting Policy,1.0,0.0595,1.0,0.0,0.0,Kalman Verified (High),Whether There Is Any Change In Functional Currency During The Year,0.9053
ISO 13485,ISO Country Code Of Place Of Maintenance Of Computer Servers Storing Accounting Data,1.0,0.3707,1.0,0.0,0.0,Kalman Verified (High),Date Of Board Of Directors Meeting In Which Board Report Referred To Under Section 134 Was Approved,0.0
Does the company have a policy for ensuring quality and patient safety during clinical trials,Does The Entity Have An Anti Corruption Or Anti Bribery Policy,0.9919,0.2089,1.0,0.0102,0.01,Kalman Verified (High),Does The Entity Have AFramework Or Policy On Cyber Security And Risks Related To Data Privacy,0.9106
Does the entity display relevant information on the product labels as per the requirements of national and international drug regulatory bodies,Does The Entity Display Product Information On The Product Over And Above What Is Mandated As Per Local Laws,1.0,0.6381,1.0,0.0,0.0,Kalman Verified (High),Assurer Has Assured Whether The Entity Display Product Information On The Product Over And Above What Is Mandated As Per Local Laws,0.8479
How many labs are NABL accredited,Indication Of How Frequently Hedging Relationships Are Discontinued And Restarted,1.0,0.0839,1.0,0.0,0.0,Kalman Verified (High),Description Of How Entity Establishes Hedge Ratio And What Sources Of Hedge Ineffectiveness Are,0.8592
How did the entity handle aliquots and provide details on reducing aliquots,Details Of Instances As To How The Inputs Received From Stakeholders On These Topics Were Incorporated Into Policies And Activities Of The Entity Explanatory Text Block,1.0,0.339,1.0,0.0,0.0,Kalman Verified (High),Provide The Processes For Consultation Between Stakeholders And The Board On Economic Environmental And Social Topics Or If Consultation Is Delegated How Is Feedback From Such Consultations Provided To The Board Explanatory Text Block,0.9622
Does the company have a dedicated ethics committee to oversee all the clinical trials,Does The Entity Have ASpecified Committee Of The Board Or Director Responsible For Decision Making On Sustainability Related Issues,1.0,0.4316,1.0,0.0,0.0,Kalman Verified (High),Does The Entity Have Any Project Related To Reducing Green House Gas Emission,0.8676
Does the company have a public policy committing it and/or its suppliers to animal welfare principles,Remarks For Assurance Of APreferential Procurement Policy Where Preference To Purchase From Suppliers Comprising Marginalized Or Vulnerable Groups And Its Percentage Of Total Procurement By Value Does It Constitute,1.0,0.3291,1.0,0.0,0.0,Kalman Verified (High),Assurance Sub Type For APreferential Procurement Policy Where Preference To Purchase From Suppliers Comprising Marginalized Or Vulnerable Groups And Its Percentage Of Total Procurement By Value Does It Constitute,1.0
Does the company meet priority sector lending requirements as per RBI,Sector In Which Project Is Covered,0.9819,0.3822,1.0,0.0293,0.03,Kalman Verified (High),Profit Loss For The Period As Per Ind As,0.8953
"Does the entity have a plan to lend to MSME? If yes, provide details",Does The Entity Have ABusiness Continuity And Disaster Management Plan,1.0,0.5338,1.0,0.0,0.0,Kalman Verified (High),Does The Entity Have Any Project Related To Reducing Green House Gas Emission,0.8252
Does the company have a policy or commitment on financial inclusion,Does The Entity Have AFramework Or Policy On Cyber Security And Risks Related To Data Privacy,1.0,0.2838,1.0,0.0,0.0,Kalman Verified (High),Does The Entity Have An Anti Corruption Or Anti Bribery Policy,0.9959
Does the company have programmes for listing designed to promote small businesses (MSME) and community development,Assurance Sub Type For Describe The Mechanisms To Receive And Redress Grievances Of The Community,1.0,0.2587,1.0,0.0,0.0,Kalman Verified (High),Remarks For Assurance Of Describe The Mechanisms To Receive And Redress Grievances Of The Community,1.0
Does the company index for social enterprises that target underserved or less privileged population segments,Micro Small Medium Enterprises Domain,1.0,0.3408,1.0,0.0,0.0,Kalman Verified (High),Disclosure Of Reportable Segments Explanatory,0.978
Does the company have its products in compliance with BIS standards,Does The Entity Have Procedures In Place For Sustainable Sourcing,1.0,0.3596,1.0,0.0,0.0,Kalman Verified (High),Does The Entity Have An Equal Opportunity Policy As Per The Rights Of Persons With Disabilities Act2016,0.9261
Is the company adhering to Food Safety Standards and Processes,Processes For Workers To Report The Work Related Hazards And To Remove Themselves From Such Risks Is Not Applicable Explanatory Text Block,1.0,0.3354,1.0,0.0,0.0,Kalman Verified (High),Whether Total Scope3 Emissions And Its Intensity Is Applicable To The Company,0.9924
Description of actions and initiatives to promote access to healthcare products for priority diseases,Do The Employees Or Worker Of The Entity Have Access To Non Occupational Medical And Healthcare Services,1.0,0.3187,1.0,0.0,0.0,Kalman Verified (High),Details If The Employees Or Worker Of The Entity Have Access To Non Occupational Medical And Healthcare Services Is Not Applicable Explanatory Text Block,0.8178
Does the company focus on providing healthcare facilities to vulnerable portions of the population,Do The Employees Or Worker Of The Entity Have Access To Non Occupational Medical And Healthcare Services,1.0,0.4427,1.0,0.0,0.0,Kalman Verified (High),Does The Entity Have Any Sites Or Facilities Identified As Designated Consumers Under The Performance Achieve And Trade Scheme Of The Government Of India,0.8349
N-CAP Rating of 4 or 5 star?,Disclosure As Per Sub Rule 5 Of Rule 8 Of Companies Accounts Rules 2014 Explanatory,0.9921,0.2279,1.0,0.0102,0.01,Kalman Verified (High),Statement Showing Details Of Employees Of Company Under Sub Rule 2 And 3 Of Rule 5 Of Companies Appointment And Remuneration Of Managerial Personnels Rules 2014 Explanatory,0.7335
"Is the company sourcing raw materials from the certified sustainable sources (such as global GAP, RSPO, Rainforest, FSC)",Raw Materials Consumed,1.0,0.5607,1.0,0.0,0.0,Kalman Verified (High),Description Of Raw Materials Category,0.897
Do the farmers have access to PPE kits to prevent themselves from exposure to pesticides while handling wet green tobacco leaves which could lead to Green Tobacco Sickness,Does The Entity Have Any Project Related To Reducing Green House Gas Emission,1.0,0.3741,1.0,0.0,0.0,Kalman Verified (High),Do The Employees Or Worker Of The Entity Have Access To Non Occupational Medical And Healthcare Services,0.9441
Does the company have any standards or programmes related to sustainable tobacco during their supply chain process,Does The Entity Have Procedures In Place For Sustainable Sourcing,1.0,0.5299,1.0,0.0,0.0,Kalman Verified (High),Does The Entity Have Any Project Related To Reducing Green House Gas Emission,0.9685
Are there any technicians appointed during the supply chain process to detect or monitor the agriculture or crop management process,Notes Management And Process Disclosures Explanatory Text Block,1.0,0.1261,1.0,0.0,0.0,Kalman Verified (High),Whether There Are Any Related Party Transactions During Year,0.8472
Existence of management process for ensuring quality and patient safety during clinical trials,Notes Management And Process Disclosures Explanatory Text Block,1.0,0.2047,1.0,0.0,0.0,Kalman Verified (High),Remarks For Assurance Of Health And Safety Management System,0.9481
Provide information on project(s) for which ongoing Rehabilitation and Resettlements is being undertaken by the company,Whether Details Of Projects For Which Ongoing Rehabilitation And Resettlement Is Being Undertaken By Entity Is Assured By Assurer,1.0,0.7734,1.0,0.0,0.0,Kalman Verified (High),Remarks For Assurance Of Details Of Projects For Which Ongoing Rehabilitation And Resettlement Is Being Undertaken By Entity,0.9688
How many patents were filed and granted during the current year,Information Whether And How Other Features Were Incorporated Into Measurement Of Fair Value Share Options Granted,1.0,0.1958,1.0,0.0,0.0,Kalman Verified (High),Number Of Complaints Filed During The Year - Wages Member,0.9188
Does the company have due diligence process for sourcing minerals as raw materials,Raw Materials Consumed,1.0,0.5191,1.0,0.0,0.0,Kalman Verified (High),Does The Entity Have Procedures In Place For Sustainable Sourcing,0.9203
Has the entity performed audit by DoT and maintain compliance with EMF radiation levels set by local regulations and ICNIRP,Whether Specific Commitments Goals And Targets Set By The Entity With Defined Timelines Is Assured By Assurer,1.0,0.245,1.0,0.0,0.0,Kalman Verified (High),Remarks For Assurance Of Specific Commitments Goals And Targets Set By The Entity With Defined Timelines,0.9342
Does the organisation have Board Diversity Policy,Does The Entity Have An Anti Corruption Or Anti Bribery Policy,1.0,0.2483,1.0,0.0,0.0,Kalman Verified (High),Does The Entity Have Processes In Place To Avoid Or Manage Conflict Of Interests Involving Members Of The Board,0.8813
Presence of policy on appointment and reappointment of board of directors,Reappointment Of Independent Directors As Per Section 14910 Explanatory,1.0,0.6343,1.0,0.0,0.0,Kalman Verified (High),Total Number Of Board Of Directors,0.8694
Is the chairperson of the board an independent director?,Does The Entity Have ASpecified Committee Of The Board Or Director Responsible For Decision Making On Sustainability Related Issues,1.0,0.545,1.0,0.0,0.0,Kalman Verified (High),Whether The Processes For Consultation Between Stakeholders And The Board On Economic Environmental And Social Topics Or If Consultation Is Delegated How Is Feedback From Such Consultations Provided To The Board Is Assured By Assurer,0.9624
Does the company have separate roles for Chairman and CEO,Does The Entity Have Procedures In Place For Sustainable Sourcing,1.0,0.2671,1.0,0.0,0.0,Kalman Verified (High),Does The Entity Have ABusiness Continuity And Disaster Management Plan,0.9702
Does the company have lead independent director on the board,Does The Entity Have ASpecified Committee Of The Board Or Director Responsible For Decision Making On Sustainability Related Issues,1.0,0.461,1.0,0.0,0.0,Kalman Verified (High),Assurer Has Assured Whether The Entity Have ASpecified Committee Of The Board Or Director Responsible For Decision Making On Sustainability Related Issues,0.8006
Does the company ensure effectiveness of the board through internal or external evaluation or assessment,Name Of The External Agency That Undertook Independent Assessment Or Evaluation Or Assurance For Water Discharged Explanatory Text Block,1.0,0.4107,1.0,0.0,0.0,Kalman Verified (High),Name Of The External Agency That Undertook Independent Assessment Or Evaluation Or Assurance For Energy Consumption Explanatory Text Block,1.0
Does the company have processes in place to avoid/manage conflicts of interest involving members of the Board,Does The Entity Have Processes In Place To Avoid Or Manage Conflict Of Interests Involving Members Of The Board,1.0,0.9008,1.0,0.0,0.0,Kalman Verified (High),Remarks For Assurance Of The Entity Have Processes In Place To Avoid Or Manage Conflict Of Interests Involving Members Of The Board,0.8715
Does the company conduct training and awareness programmes on any of the NGBRC principles for BOD,Remarks For Assurance Of Awareness Programmes Conducted For Value Chain Partners On Any Of The Principles During The Financial Year,1.0,0.4429,1.0,0.0,0.0,Kalman Verified (High),Assurance Sub Type For Awareness Programmes Conducted For Value Chain Partners On Any Of The Principles During The Financial Year,0.9937
Independence of Chairperson of committee (risk management),Disclosure Of Risk Management Strategy Related To Hedge Accounting Explanatory,1.0,0.4055,1.0,0.0,0.0,Kalman Verified (High),Explanation Of Risk Management Strategy Related To Hedge Accounting Explanatory,1.0
Independence of Chairperson of committee (NRC),Disclosure Of Composition Of CSR Committee Explanatory,1.0,0.5147,1.0,0.0,0.0,Kalman Verified (High),Disclosure Of Composition Of Audit Committee And Non Acceptance Of Any Recommendation Of Audit Committee Along With Reasons Explanatory,0.9767
Independence of Chairperson of committee (Audit),Disclosure Of Composition Of Audit Committee And Non Acceptance Of Any Recommendation Of Audit Committee Along With Reasons Explanatory,1.0,0.6306,1.0,0.0,0.0,Kalman Verified (High),Name Of Audit Firm,0.6299
Is there a claw back mechanism/policy for senior management/KMP,Whether There Is Any Voluntary Change In Accounting Policy,1.0,0.2787,1.0,0.0,0.0,Kalman Verified (High),Type Of Assurance For Policy And Management Processes,0.8779
Is the independent director paid commissions/incentives other than the board sitting fees,Sitting Fees Key Managerial Personnel Or Director,1.0,0.6285,1.0,0.0,0.0,Kalman Verified (High),Directors Sitting Fees,0.9191
Is the variable pay of executives linked to sustainability or ESG parameters,Environmental And Social Parameters Relevant To The Product As APercentage To Total Turnover,1.0,0.4061,1.0,0.0,0.0,Kalman Verified (High),Whether Company Has Published Sustainability Report For The Financial Year,0.7383
Does the company have a policy for appointment or reappointment o auditors,Does The Entity Have An Anti Corruption Or Anti Bribery Policy,1.0,0.3175,1.0,0.0,0.0,Kalman Verified (High),Does The Entity Have AFramework Or Policy On Cyber Security And Risks Related To Data Privacy,0.8356
Discontinuation of auditors before end of term,Address Of Auditors,1.0,0.4367,1.0,0.0,0.0,Kalman Verified (High),Address Of Secretarial Auditors,0.9457
Does the entity have a whistleblower policy,Does The Entity Have An Anti Corruption Or Anti Bribery Policy,1.0,0.5081,1.0,0.0,0.0,Kalman Verified (High),Does The Entity Have An Equal Opportunity Policy As Per The Rights Of Persons With Disabilities Act2016,0.8512
Is the whistleblower policy applicable to value chain,The Enlisted Policies Do Not Applicable Extend To Your Value Chain Partners Explanatory Text Block - Principle5 Member,1.0,0.4571,1.0,0.0,0.0,Kalman Verified (High),The Enlisted Policies Do Not Applicable Extend To Your Value Chain Partners Explanatory Text Block - Principle1 Member,1.0
Does the entity have an anti corruption or anti bribery policy,Does The Entity Have An Anti Corruption Or Anti Bribery Policy,1.0,1.0,1.0,0.0,0.0,Kalman Verified (High),Details For The Entity Have Not Applicable An Anti Corruption Or Anti Bribery Policy Explanatory Text Block,0.7724
Does the company have code of conduct policy,Does The Entity Have An Anti Corruption Or Anti Bribery Policy,1.0,0.4038,1.0,0.0,0.0,Kalman Verified (High),Does The Entity Have An Equal Opportunity Policy As Per The Rights Of Persons With Disabilities Act2016,0.8799
Does the company have a policy on anti-money laundering and/or insider trading/dealing,Does The Entity Have An Anti Corruption Or Anti Bribery Policy,1.0,0.5016,1.0,0.0,0.0,Kalman Verified (High),Details For The Entity Have Not Applicable An Anti Corruption Or Anti Bribery Policy Explanatory Text Block,0.709
"Does the company provide training on code of conduct, anti corruption, and anti bribery policies to the employee",Does The Entity Have An Anti Corruption Or Anti Bribery Policy,1.0,0.6494,1.0,0.0,0.0,Kalman Verified (High),Anti Corruption Or Anti Bribery Policy Explanatory Text Block,0.8822
How does the company ensure that the minority shareholders effectively protect their interest and rights within company,Profit Loss For Period Before Minority Interest,1.0,0.4053,1.0,0.0,0.0,Kalman Verified (High),Number Of Shareholders Of Company,0.9301
Has the company undergone any fines/penalties/punishments/award/compunding fees/settlement amount paid in proceedings with regulators/law enforcement agencies/judicial institution during the financial year,Remarks For Assurance Of Details Of Fines Or Penalties Or Punishment Or Award Or Compounding Fees Or Settlement,1.0,0.5604,1.0,0.0,0.0,Kalman Verified (High),Assurance Sub Type For Details Of Fines Or Penalties Or Punishment Or Award Or Compounding Fees Or Settlement,1.0
Does the company implement a comprehensive framework or Enterprise Risk Management framework,Description Of Regulatory Framework In Which Plan Operates,1.0,0.4535,1.0,0.0,0.0,Kalman Verified (High),Description Of Effect Of Regulatory Framework On Plan,1.0
"Has the company taken any corrective action or underway on any issues related to anti competitive model, based on adverse orders from regulatory authorities? If yes, provide details",Remarks For Assurance Of Details Of Corrective Action Taken Or Underway On Any Issues Related To Anti Competitive Conduct By The Entity Based On Adverse Orders From Regulatory Authorities,1.0,0.7701,1.0,0.0,0.0,Kalman Verified (High),Assurance Sub Type For Details Of Corrective Action Taken Or Underway On Any Issues Related To Anti Competitive Conduct By The Entity Based On Adverse Orders From Regulatory Authorities,1.0
Does the entity have a business continuity and disaster management plan,Does The Entity Have ABusiness Continuity And Disaster Management Plan,1.0,0.8995,1.0,0.0,0.0,Kalman Verified (High),Assurer Has Assured Whether The Entity Have ABusiness Continuity And Disaster Management Plan,0.8116
Does the company have ESG or Sustainability or BRSR policy,Does The Entity Have An Anti Corruption Or Anti Bribery Policy,1.0,0.2863,1.0,0.0,0.0,Kalman Verified (High),Does The Entity Have ASpecified Committee Of The Board Or Director Responsible For Decision Making On Sustainability Related Issues,0.9777
Does the company perform materiality assessment and identify material ESG issues,Whether The Company Has Undertaken Assessment Or Assurance Of The BRSRCore,1.0,0.506,1.0,0.0,0.0,Kalman Verified (High),Material Issue Identified - Entitys Material Responsible Business Conduct Issues Domain37,0.9555
Does the company conduct assurance for its ESG or sustainability data through a third party or external agency,Name Of The External Agency If Any Independent Assessment Or Evaluation Or Assurance Has Been Carried Out By An External Agency For Energy Consumption Explanatory Text Block,1.0,0.6082,1.0,0.0,0.0,Kalman Verified (High),Name Of The External Agency In Case Any Independent Assessment Or Evaluation Or Assurance Has Been Carried Out By An External Agency For Water Withdrawal Explanatory Text Block,0.9799
Does the company conduct assurance for its suppliers’ ESG or sustainability data through a third party or external agency,Name Of The External Agency If Any Independent Assessment Or Evaluation Or Assurance Has Been Carried Out By An External Agency For Energy Consumption Explanatory Text Block,1.0,0.5865,1.0,0.0,0.0,Kalman Verified (High),Name Of The External Agency In Case Any Independent Assessment Or Evaluation Or Assurance Has Been Carried Out By An External Agency For Water Withdrawal Explanatory Text Block,0.9799
Does the company have a highest authority responsible for implementation and oversight of the Business Responsibility(ies) and ESG policy,Details Of The Highest Authority Responsible For Implementation And Oversight Of The Business Responsibility Policy Explanatory Text Block,1.0,0.6763,1.0,0.0,0.0,Kalman Verified (High),Remarks For Assurance Of Details Of The Highest Authority Responsible For Implementation And Oversight Of The Business Responsibility Policy,0.9896
Does the company have a specified committee of the board/director responsible for decision making on sustainability related issues (Y/N),Does The Entity Have ASpecified Committee Of The Board Or Director Responsible For Decision Making On Sustainability Related Issues,1.0,0.8944,1.0,0.0,0.0,Kalman Verified (High),Details Of Specified Committee Of The Board Or Director Responsible For Decision Making On Sustainability Related Issues Explanatory Text Block,0.9285
Were there any promotor sponsored resolutoins that were defeated during the current FY,Percentage Of Wages Of Your Plants And Offices That Were Assessed P5,1.0,0.0387,1.0,0.0,0.0,Kalman Verified (High),Whether There Is Any Change In Functional Currency During The Year,0.9768
Does the company follow GRI standards,Description Of Initial Application Of Standards Or Interpretations Explanatory,1.0,0.2505,1.0,0.0,0.0,Kalman Verified (High),Financial Effect Of Deviation From Accounting Standards Balance Sheet,1.0
Is the company aligned with SDGs? Does the company set targets according  to SDGs,Whether Specific Commitments Goals And Targets Set By The Entity With Defined Timelines Is Assured By Assurer,1.0,0.3505,1.0,0.0,0.0,Kalman Verified (High),Remarks For Assurance Of Specific Commitments Goals And Targets Set By The Entity With Defined Timelines,0.8775
Is your company a signatory/participant of the United Nations Global Compact,Initially Applied Ind A Ss Domain,0.9909,0.095,1.0,0.01,0.01,Kalman Verified (High),Whether Details Of The Stock Exchange Where The Company Is Listed Is Assured By Assurer,0.9179
Does the company have affiliatoins with trade and indsutry chambers/associations,Number Of Affiliations With Trade And Industry Chambers Or Associations,1.0,0.577,1.0,0.0,0.0,Kalman Verified (High),Name Of The Trade And Industry Chambers Or Associations - Industry Chambers Or Associations7 Member,0.9102
"Has the company advocated any public policy positions? If yes, provide details",Remarks For Assurance Of Details Of Public Policy Positions Advocated By The Entity,1.0,0.7303,1.0,0.0,0.0,Kalman Verified (High),Assurance Sub Type For Details Of Public Policy Positions Advocated By The Entity,1.0
Does the company disclose ESG engagement with investee company,EMail Of The Company,1.0,0.3957,1.0,0.0,0.0,Kalman Verified (High),Name Of The Company,1.0
Does the entity have stewardship code,Does The Entity Have ABusiness Continuity And Disaster Management Plan,1.0,0.4704,1.0,0.0,0.0,Kalman Verified (High),Does The Entity Have Procedures In Place For Sustainable Sourcing,1.0
Is there a policy on related party transactions,Whether There Are Any Related Party Transactions During Year,1.0,0.6998,1.0,0.0,0.0,Kalman Verified (High),Settlement Of Liabilities On Behalf Of Entity By Related Party Related Party Transactions,0.9001
Disclosure of transactions with related parties during the year which are more than 10% of the revenue,Disclosure In Auditors Report Relating To Transactions With Related Parties,1.0,0.7462,1.0,0.0,0.0,Kalman Verified (High),Disclosure Of Transactions Between Related Parties Explanatory,0.9996
