question,candidates,llm_final_match
% of data breaches involving PII data of customers,"['Remarks For Assurance Of Data Breaches Information Like Number Of Instances Of Data Breaches Along With Impact And Percentage Of Data Breaches Involving Personally Identifiable Information Of Customers', 'Pin Code Of Place Of Maintenance Of Computer Servers Storing Accounting Data', 'Percentage Of Data Breaches Involving Personally Identifiable Information Of Customers', 'Summary Of Quantitative Data About What Entity Manages As Capital']",Percentage Of Data Breaches Involving Personally Identifiable Information Of Customers
% of value chain partners (by value of business done with such partners) that were assessed for Health and Safety practices?,"['Names Of All Partners In Partnership Firm', 'Percentage Of Value Chain Partners By Value Of Business Done With Such Partners That Were Assessed For Environmental Impacts', 'Remarks For Assurance Of Percentage Of Value Chain Partners By Value Of Business Done With Such Partners That Were Assessed For Environmental Impacts', 'Safety Security Expenses']",Percentage Of Value Chain Partners By Value Of Business Done With Such Partners That Were Assessed For Environmental Impacts
Are ESG factors incorporated in the lending and investment decisions,"['Whether There Are Unconsolidated Structured Entities Controlled By Investment Entity', 'Percentage Of Investments In Related Parties In Total Investments', 'Percentage Of Investments In Related Parties In Total Investments - Previous Year', 'Whether There Are Changes In Acounting Estimates During The Year', 'Whether These Are In Accordance With The Books Of Accounts Maintained By The Company Explanatory', 'Description Of Factors That Make Up Goodwill Recognised']",Whether These Are In Accordance With The Books Of Accounts Maintained By The Company Explanatory
Are all complaints filed by the employees during current fiscal year closed,"['Number Of Complaints Filed During The Year - Working Conditions Complaints Member', 'Whether There Are Changes In Acounting Estimates During The Year', 'Number Of Complaints Filed During The Year - Health Safety Complaints Member', 'Number Of Employees In The Company At The End Of The Financial Year']",Number Of Complaints Filed During The Year - Working Conditions Complaints Member
Are any of its hospitals accredited with NABH or JIC? How many of its hospitals accredited with NABH or JIC?,"['Percentage Of Paid Up Capital Held By Foreign Holding Company And Or With Its Subsidiaries', 'Assurer Has Assured Whether The Entity Conducted Life Cycle Perspective Or Assessments For Any Of Its Products Or For Its Services', 'Remarks For Assurance Of Weblink Where Information On Products And Services Of The Entity Can Be Accessed', 'Has The Entity Conducted Life Cycle Perspective Or Assessments For Any Of Its Products Or For Its Services', 'Value Of Paid Up Capital Held By Foreign Holding Company And Or With Its Subsidiaries']",Has The Entity Conducted Life Cycle Perspective Or Assessments For Any Of Its Products Or For Its Services
Are the ESG related factors being monitored in investee companies/lending processes,"['Changes In Objectives Policies And Processes For Managing Risk', 'Whether There Are Changes In Acounting Estimates During The Year', 'Statement By Director Responsible For The Business Responsibility Report Highlighting ESGRelated Challenges Targets And Achievements Explanatory Text Block', 'Assurance Sub Type For Statement By Director Responsible For The Business Responsibility Report Highlighting ESGRelated Challenges Targets And Achievements', 'Whether These Are In Accordance With The Books Of Accounts Maintained By The Company Explanatory', 'Description Of Factors That Make Up Goodwill Recognised']",Statement By Director Responsible For The Business Responsibility Report Highlighting ESGRelated Challenges Targets And Achievements Explanatory Text Block
Are the entity’s manufacturing facilties WRAP certified,"['SOx', 'Number Of Certified Emission Rights Under Certification', 'SOx - Previous Year', 'Number Of Certified Emission Rights Held As Inventory', 'Whether These Are In Accordance With The Books Of Accounts Maintained By The Company Explanatory']",Whether These Are In Accordance With The Books Of Accounts Maintained By The Company Explanatory
Are the production units and R&D centres certified to International Aerospace Standard AS9100D and other required aviation standards,"['Geological And Geophysical Expenditure Pertaining To Exploration And Production Activities', 'Expenditure On Production Transportation And Other Expenditure Pertaining To Exploration And Production Activities', 'Other Expenditure Pertaining To Exploration And Production Activities', 'Percentage Of RAnd D', 'Details Of Improvements In Environmental And Social Impacts Due To RAnd D']",Percentage Of RAnd D
Are there any goals/targets/commitments set towards carbon neutrality/ Net Zero,"['Remarks For Assurance Of Specific Commitments Goals And Targets Set By The Entity With Defined Timelines', 'Assurance Sub Type For Specific Commitments Goals And Targets Set By The Entity With Defined Timelines', 'Specific Commitments Goals And Targets Set By The Entity With Defined Timelines Explanatory Text Block - Principle6 Member', 'Whether There Are Any Reportable Segments', 'Whether There Are Any Major Customers']",Remarks For Assurance Of Specific Commitments Goals And Targets Set By The Entity With Defined Timelines
Are there any initiatives to promot sustainable shipping practices or reduce the carbon footprint of port operations,"['Remarks For Assurance Of Details Of Number Of Locations Where Plants And Or Operations Or Offices Of The Entity Are Situated', 'Whether There Are Any Construction Contracts', 'Whether There Are Any Reportable Segments', 'Whether There Are Any Major Customers', 'Does The Entity Have Procedures In Place For Sustainable Sourcing']",Does The Entity Have Procedures In Place For Sustainable Sourcing
Are there any initiatives towards reduction in GHG emissions,"['Whether There Are Any Contingent Liabilities', 'Total Scope1 And Scope2 Emissions Intensity The Relevant Metric May Be Selected By The Entity', 'Total Scope2 Emissions', 'Whether There Are Any Reportable Segments', 'Whether There Are Any Major Customers']",Total Scope1 And Scope2 Emissions Intensity The Relevant Metric May Be Selected By The Entity
Are there any intiatives taken with respect to sustainable agriclutire by the company,"['Whether There Are Any Contingent Liabilities', 'Whether There Are Any Major Customers', 'Whether Disclose Any Significant Adverse Impact To The Environment Arising From The Value Chain Of The Entity What Mitigation Or Adaptation Measures Have Been Taken By The Entity In This Regard Is Assured By Assurer', 'Whether These Are In Accordance With The Books Of Accounts Maintained By The Company Explanatory', 'Did Your Entity Carry Out Any Survey With Regard To Consumer Satisfaction Relating To The Major Products Or Services Of The Entity Significant Locations Of Operation Of The Entity Or The Entity As AWhole', 'Does The Entity Have Procedures In Place For Sustainable Sourcing', 'Steps Taken By The Company For Utilising Alternate Sources Of Energy Explanatory']",Whether Disclose Any Significant Adverse Impact To The Environment Arising From The Value Chain Of The Entity What Mitigation Or Adaptation Measures Have Been Taken By The Entity In This Regard Is Assured By Assurer
"Are there any social or environmental concerns and/or risks arising from production or disposal of products, as identified in the Life Cycle Perspective/Assessments","['Assurance Sub Type For Details Of Significant Social Or Environmental Concerns From Production Or Disposal Of Product Or Service With Action Taken To Mitigate The Same', 'Has The Entity Conducted Life Cycle Perspective Or Assessments For Any Of Its Products Or For Its Services', 'Details Of Any Corrective Actions Taken Or Underway To Address Significant Risks Or Concerns Arising From The Assessments Of Plant And Office Explanatory Text Block', 'CSR Project Or Activity Identified', 'Remarks For Assurance Of Details Of Significant Social Or Environmental Concerns From Production Or Disposal Of Product Or Service With Action Taken To Mitigate The Same', 'Whether There Are Any Major Customers']",Assurance Sub Type For Details Of Significant Social Or Environmental Concerns From Production Or Disposal Of Product Or Service With Action Taken To Mitigate The Same
Are there any technicians appointed during the supply chain process to detect or monitor the agriculture or crop management process,"['Number Of Complaints Filed During The Year - Discrimination At Work Place Member', 'Whether There Are Changes In Acounting Estimates During The Year', 'Percentage Of Discrimination At Work Place Of Value Chain Partners P5', 'Notes Management And Process Disclosures Explanatory Text Block', 'Whether There Are Any Related Party Transactions During Year', 'Whether There Is Any Change In Functional Currency During The Year', 'Does The Entity Have Procedures In Place For Sustainable Sourcing']",Does The Entity Have Procedures In Place For Sustainable Sourcing
Average attendance for board meeting in the current FY,"['Date Of Board Meeting When Final Accounts Were Approved', 'Details Of Specified Committee Of The Board Or Director Responsible For Decision Making On Sustainability Related Issues Explanatory Text Block', 'Assurance Sub Type For Whether The Entity Have ASpecified Committee Of The Board Or Director Responsible For Decision Making On Sustainability Related Issues', 'Does The Entity Have ASpecified Committee Of The Board Or Director Responsible For Decision Making On Sustainability Related Issues', 'Date Of Board Of Directors Meeting In Which Board Report Referred To Under Section 134 Was Approved']",Date Of Board Of Directors Meeting In Which Board Report Referred To Under Section 134 Was Approved
Count of high consquence work related injury or ill health of (excluding fatalities),"['Capital Work In Progress', 'High Consequence Work Related Injury Or Ill Health Excluding Fatalities - Workers Member', 'Rates And Taxes Excluding Taxes On Income', 'High Consequence Work Related Injury Or Ill Health Excluding Fatalities - Employees Member']",High Consequence Work Related Injury Or Ill Health Excluding Fatalities - Workers Member
Count of high consquence work related injury or ill health of employees (excluding fatalities),"['Commission Employees', 'High Consequence Work Related Injury Or Ill Health Excluding Fatalities - Employees Member', 'High Consequence Work Related Injury Or Ill Health Excluding Fatalities - Employees Member - Previous Year', 'Rates And Taxes Excluding Taxes On Income', 'High Consequence Work Related Injury Or Ill Health Excluding Fatalities - Workers Member']",High Consequence Work Related Injury Or Ill Health Excluding Fatalities - Employees Member
Count of pending/unresolved communities grievances,"['Share Application Money Pending Allotment', 'Terms And Conditions Of Shares Pending Allotment', 'Grievance Redressal Mechanism In Place - Complaint Received From Communities Member', 'Remarks For Assurance Of Describe The Mechanisms To Receive And Redress Grievances Of The Community', 'Number Of Complaints Pending From Stake Holder Group Resolution At The End Of Year - Complaint Received From Communities Member', 'Number Of Complaints Pending From Stake Holder Group Resolution At The End Of Year - Complaint Received From Communities Member - Previous Year']",Number Of Complaints Pending From Stake Holder Group Resolution At The End Of Year - Complaint Received From Communities Member
Description of actions and initiatives to promote access to healthcare products for priority diseases,"['Products And Services Domain', 'Disclosure Of Products And Services Explanatory', 'Details If The Employees Or Worker Of The Entity Have Access To Non Occupational Medical And Healthcare Services Is Not Applicable Explanatory Text Block', 'Description Of Main Activity - Details Of Business Activities Accounting For Ninety Percent Of The Turnover Domain1', 'Do The Employees Or Worker Of The Entity Have Access To Non Occupational Medical And Healthcare Services']",Disclosure Of Products And Services Explanatory
Did the company experience any spills for the current and previous years,"['Number Of Employees In The Company At The End Of The Financial Year', 'Waste Recovered Through Recycled - Previous Year', 'Current Tax Pertaining To Previous Years', 'Did Your Entity Carry Out Any Survey With Regard To Consumer Satisfaction Relating To The Major Products Or Services Of The Entity Significant Locations Of Operation Of The Entity Or The Entity As AWhole', 'Waste Recovered Through Re Used - Previous Year']",Waste Recovered Through Recycled - Previous Year
Did the company face any strike in the current year,"['Number Of Employees In The Company At The End Of The Financial Year', 'Whether Any Borrowing Costs Has Been Capitalised During The Year', 'Face Value Of Units Purchased', 'Do You Have AFocal Point Responsible For Addressing Human Rights Impacts Or Issues Caused Or Contributed To By The Business', 'Do Human Rights Requirements Form Part Of Your Business Agreements And Contracts']",Do You Have AFocal Point Responsible For Addressing Human Rights Impacts Or Issues Caused Or Contributed To By The Business
"Did your entity carry out any survey with regard to consumer satisfaction relating to the major products/services of the entity, significant locations of operation of the entity or the entity as a whole","['Number Of Employees In The Company At The End Of The Financial Year', 'Did Your Entity Carry Out Any Survey With Regard To Consumer Satisfaction Relating To The Major Products Or Services Of The Entity Significant Locations Of Operation Of The Entity Or The Entity As AWhole', 'The Entity Has Not Applicable Carry Out Any Survey With Regard To Consumer Satisfaction Relating To The Major Products Or Services Explanatory Text Block', 'Revenues From Transactions With Other Operating Segments Of The Same Entity']",Did Your Entity Carry Out Any Survey With Regard To Consumer Satisfaction Relating To The Major Products Or Services Of The Entity Significant Locations Of Operation Of The Entity Or The Entity As AWhole
Disclose any significant adverse impact on the environment arising from the value chain of the entity. Are there any mitigations or adaptiation measures taken by the entity in this context,"['Whether There Is Any Change In Functional Currency During The Year', 'Disclose Any Significant Adverse Impact To The Environment Arising From The Value Chain Of The Entity What Mitigation Or Adaptation Measures Have Been Taken By The Entity In This Regard Explanatory Text Block', 'Whether These Are In Accordance With The Books Of Accounts Maintained By The Company Explanatory', 'Remarks For Assurance Of Disclose Any Significant Adverse Impact To The Environment Arising From The Value Chain Of The Entity What Mitigation Or Adaptation Measures Have Been Taken By The Entity In This Regard']",Disclose Any Significant Adverse Impact To The Environment Arising From The Value Chain Of The Entity What Mitigation Or Adaptation Measures Have Been Taken By The Entity In This Regard Explanatory Text Block
Disclosure of transactions with related parties during the year which are more than 10% of the revenue,"['Disclosure In Auditors Report Relating To Transactions With Related Parties', 'Percentage Of Sales To Related Parties In Total Sales For Share Of Related Party Transactions - Previous Year', 'Percentage Of Purchases From Related Parties In Total Purchases For Share Of Related Party Transactions - Previous Year', 'Whether There Are Changes In Acounting Estimates During The Year', 'Disclosure Of Transactions Between Related Parties Explanatory', 'Whether These Are In Accordance With The Books Of Accounts Maintained By The Company Explanatory']",Disclosure Of Transactions Between Related Parties Explanatory
Discontinuation of auditors before end of term,"['Address Of Auditors', 'Address Of Secretarial Auditors', 'Short Term Provisions', 'Short Term Borrowings', 'Number Of Complaints Pending Resolution At The End Of Year - Working Conditions Complaints Member', 'Number Of Complaints Pending Resolution At The End Of Year - Working Conditions Complaints Member - Previous Year']",Address Of Auditors
Discussion of the integration of environmental considerations into strategic planning for data centre needs,"['Remarks For Assurance Of Data Breaches Information Like Number Of Instances Of Data Breaches Along With Impact And Percentage Of Data Breaches Involving Personally Identifiable Information Of Customers', 'Number Of Employees In The Company At The End Of The Financial Year', 'Assurance Sub Type For Data Breaches Information Like Number Of Instances Of Data Breaches Along With Impact And Percentage Of Data Breaches Involving Personally Identifiable Information Of Customers', 'Remarks For Assurance Of Whether The Entity Has Translated The Policy Into Procedures', 'Steps Taken By The Company For Utilising Alternate Sources Of Energy Explanatory']",Steps Taken By The Company For Utilising Alternate Sources Of Energy Explanatory
Do the farmers have access to PPE kits to prevent themselves from exposure to pesticides while handling wet green tobacco leaves which could lead to Green Tobacco Sickness,"['Changes In Exposure To Risk', 'Whether You Have Processes For Workers To Report The Work Related Hazards And To Remove Themselves From Such Risks', 'Does The Entity Have Any Project Related To Reducing Green House Gas Emission', 'Do The Employees Or Worker Of The Entity Have Access To Non Occupational Medical And Healthcare Services', 'Additional Information About Entity Exposure To Risk']",Whether You Have Processes For Workers To Report The Work Related Hazards And To Remove Themselves From Such Risks
"Does the company actively engage in the research collaborations with the universities, research institutions and other companies","['Research And Development Expense', 'Number Of Employees In The Company At The End Of The Financial Year', 'Name Of Other Parameter Of Energy Consumption Through Other Source From Renewable Sources - Energy Consumption Through Other Source From Renewable Sources Domain1', 'Whether Details Of Total Energy Consumption And Energy Intensity Applicable To The Company', 'Research Development Expenditure', 'Whether These Are In Accordance With The Books Of Accounts Maintained By The Company Explanatory', 'Remarks For Assurance Of Details Of Waste Management Practices Adopted In Your Establishments And The Strategy Adopted By Company To Reduce Usage Of Hazardous And Toxic Chemicals']",Research And Development Expense
Does the company collaborate with external agencies to reduce the amount of food loss and waste,"['Remarks For Assurance Of Details Of Waste Management Practices Adopted In Your Establishments And The Strategy Adopted By Company To Reduce Usage Of Hazardous And Toxic Chemicals', 'Number Of Employees In The Company At The End Of The Financial Year', 'Amount Of Recycled - Hazardous Waste Member - Previous Year', 'Details Of Waste Management Practices Adopted In Your Establishments And The Strategy Adopted By Company To Reduce Usage Of Hazardous And Toxic Chemicals Explanatory Text Block', 'Whether These Are In Accordance With The Books Of Accounts Maintained By The Company Explanatory', 'Amount Of Recycled - Hazardous Waste Member']",Details Of Waste Management Practices Adopted In Your Establishments And The Strategy Adopted By Company To Reduce Usage Of Hazardous And Toxic Chemicals Explanatory Text Block
Does the company comply with Maritime Labour Convention adopted by International Labour Organisation in 2006,"['Site Labour Supervision Cost Contracts', 'Whether Details Of Waste Management Practices Adopted In Your Establishments And The Strategy Adopted By Company To Reduce Usage Of Hazardous And Toxic Chemicals Is Assured By Assurer', 'Remarksfor Complaints Explanatory Text Block - Forced Labour Or Involuntary Labour Member', 'Number Of Complaints Filed During The Year - Forced Labour Or Involuntary Labour Member', 'Whether These Are In Accordance With The Books Of Accounts Maintained By The Company Explanatory', 'Remarks For Assurance Of Details Of Waste Management Practices Adopted In Your Establishments And The Strategy Adopted By Company To Reduce Usage Of Hazardous And Toxic Chemicals']",Remarksfor Complaints Explanatory Text Block - Forced Labour Or Involuntary Labour Member
Does the company comply with new regilation of Energy Efficiency Existing Ship (require al ships above 400GT),"['New Provisions Other Provisions', 'Whether Performance Against Above Policies And Follow Up Action Is Assured By Assurer', 'Remarks For Assurance Of Performance Against Above Policies And Follow Up Action', 'Whether Details Of Total Energy Consumption And Energy Intensity Applicable To The Company', 'Whether These Are In Accordance With The Books Of Accounts Maintained By The Company Explanatory', 'Steps Taken By The Company For Utilising Alternate Sources Of Energy Explanatory']",Whether Details Of Total Energy Consumption And Energy Intensity Applicable To The Company
Does the company conduct an employee satisfaction survey,"['Whether Initial Application Of An Ind As Has An Effect On The Current Period Or Any Prior Period', 'Number Of Employees In The Company At The End Of The Financial Year', 'Did Your Entity Carry Out Any Survey With Regard To Consumer Satisfaction Relating To The Major Products Or Services Of The Entity Significant Locations Of Operation Of The Entity Or The Entity As AWhole', 'The Entity Has Not Applicable Carry Out Any Survey With Regard To Consumer Satisfaction Relating To The Major Products Or Services Explanatory Text Block']",Did Your Entity Carry Out Any Survey With Regard To Consumer Satisfaction Relating To The Major Products Or Services Of The Entity Significant Locations Of Operation Of The Entity Or The Entity As AWhole
Does the company conduct assurance for its ESG or sustainability data through a third party or external agency,"['Whether Company Has Published Sustainability Report For The Financial Year', 'Remarks For Assurance Of Data Breaches Information Like Number Of Instances Of Data Breaches Along With Impact And Percentage Of Data Breaches Involving Personally Identifiable Information Of Customers', 'Name Of The External Agency If Any Independent Assessment Or Evaluation Or Assurance Has Been Carried Out By An External Agency For Energy Consumption Explanatory Text Block', 'Assurance Sub Type For Data Breaches Information Like Number Of Instances Of Data Breaches Along With Impact And Percentage Of Data Breaches Involving Personally Identifiable Information Of Customers', 'Disclosure In Auditors Report Relating To Fraud By The Company Or On The Company By Its Officers Or Its Employees Reported During Period', 'Name Of The External Agency In Case Any Independent Assessment Or Evaluation Or Assurance Has Been Carried Out By An External Agency For Water Withdrawal Explanatory Text Block']",Name Of The External Agency If Any Independent Assessment Or Evaluation Or Assurance Has Been Carried Out By An External Agency For Energy Consumption Explanatory Text Block
Does the company conduct assurance for its suppliers’ ESG or sustainability data through a third party or external agency,"['Whether Company Has Published Sustainability Report For The Financial Year', 'Remarks For Assurance Of Data Breaches Information Like Number Of Instances Of Data Breaches Along With Impact And Percentage Of Data Breaches Involving Personally Identifiable Information Of Customers', 'Assurance Sub Type For APreferential Procurement Policy Where Preference To Purchase From Suppliers Comprising Marginalized Or Vulnerable Groups And Its Percentage Of Total Procurement By Value Does It Constitute', 'Name Of The External Agency If Any Independent Assessment Or Evaluation Or Assurance Has Been Carried Out By An External Agency For Energy Consumption Explanatory Text Block', 'Assurance Sub Type For Data Breaches Information Like Number Of Instances Of Data Breaches Along With Impact And Percentage Of Data Breaches Involving Personally Identifiable Information Of Customers', 'Disclosure In Auditors Report Relating To Fraud By The Company Or On The Company By Its Officers Or Its Employees Reported During Period', 'Name Of The External Agency In Case Any Independent Assessment Or Evaluation Or Assurance Has Been Carried Out By An External Agency For Water Withdrawal Explanatory Text Block']",Name Of The External Agency If Any Independent Assessment Or Evaluation Or Assurance Has Been Carried Out By An External Agency For Energy Consumption Explanatory Text Block
Does the company conduct cybersecurity assessment by a third party,"['Water Withdrawal By Third Party Water - Previous Year', 'Water Discharge By Sent To Third Parties', 'Whether These Are In Accordance With The Books Of Accounts Maintained By The Company Explanatory', 'Steps Taken By The Company For Utilising Alternate Sources Of Energy Explanatory', 'Water Withdrawal By Third Party Water']",Whether These Are In Accordance With The Books Of Accounts Maintained By The Company Explanatory
Does the company conduct food safety audits,"['Safety Security Expenses', 'Number Of Employees In The Company At The End Of The Financial Year', 'Number Of Complaints Filed During The Year - Health Safety Complaints Member', 'Remarks For Assurance Of Details Of Instances Of Product Recalls On Account Of Safety Issues', 'Assurance Sub Type For Details Of Instances Of Product Recalls On Account Of Safety Issues']",Number Of Complaints Filed During The Year - Health Safety Complaints Member
"Does the company conduct impact assessments for CSR projects? If yes, provide details","['Details If Exemption Is Granted For Statement Under Section 129', 'Disclosure Of Other Reasons If Company Fails To Spend Prescribed Amount On CSR', 'Whether Details Of Total Energy Consumption And Energy Intensity Applicable To The Company', 'Disclosure Of Reasons If Company Fails To Spend Prescribed Amount On CSR', 'Name And Brief Details Of Project - Environmental Impact Assessments Of Project1', 'Name And Brief Details Of Project - Environmental Impact Assessments Of Project20']",Name And Brief Details Of Project - Environmental Impact Assessments Of Project1
Does the company conduct of assessment of negative impacts of its operation on the communities,"['Details Of Negative Social Impact Identified - Negative Social Impact Identified1', 'Number Of Employees In The Company At The End Of The Financial Year', 'Details Of Negative Social Impact Identified - Negative Social Impact Identified3', 'Disclosure In Auditors Report Relating To Fraud By The Company Or On The Company By Its Officers Or Its Employees Reported During Period', 'Remarks For Assurance Of Details Of Actions Taken To Mitigate Any Negative Social Impacts Identified In The Social Impact Assessments', 'Assurance Sub Type For Details Of Actions Taken To Mitigate Any Negative Social Impacts Identified In The Social Impact Assessments']",Remarks For Assurance Of Details Of Actions Taken To Mitigate Any Negative Social Impacts Identified In The Social Impact Assessments
Does the company conduct training and awareness programmes on any of the NGBRC principles for BOD,"['Number Of Employees In The Company At The End Of The Financial Year', 'Assurance Sub Type For Awareness Programmes Conducted For Value Chain Partners On Any Of The Principles During The Financial Year', 'Remarks For Assurance Of Percentage Coverage By Training And Awareness Programs On Any Of The Principles During The Financial Year For BODOr KMPOr Employee Or Worker', 'Remarks For Assurance Of Awareness Programmes Conducted For Value Chain Partners On Any Of The Principles During The Financial Year', 'Assurance Sub Type For Percentage Coverage By Training And Awareness Programs On Any Of The Principles During The Financial Year For BODOr KMPOr Employee Or Worker', 'Whether These Are In Accordance With The Books Of Accounts Maintained By The Company Explanatory']",Remarks For Assurance Of Percentage Coverage By Training And Awareness Programs On Any Of The Principles During The Financial Year For BODOr KMPOr Employee Or Worker
Does the company confirm on its commitments to follow guidelines provided by FSSAI and NIN,"['Shares In Company Held By Subsidiaries Of Its Holding Company', 'Provide Details Of The Non Compliance - Law Or Regulation Or Guidelines1', 'Disclosure In Auditors Report Relating To Fraud By The Company Or On The Company By Its Officers Or Its Employees Reported During Period', 'Whether Details Of Total Energy Consumption And Energy Intensity Applicable To The Company', 'Whether Total Scope3 Emissions And Its Intensity Is Applicable To The Company', 'Provide Details Of The Non Compliance - Law Or Regulation Or Guidelines12']",Provide Details Of The Non Compliance - Law Or Regulation Or Guidelines1
Does the company disclose ESG engagement with investee company,"['Name Of The Company', 'Name Of Stock Exchange Where The Company Is Listed', 'Assurance Sub Type For Details Of Complaints With Regard To Conflict Of Interest', 'EMail Of The Company', 'Remarks For Assurance Of Details Of Complaints With Regard To Conflict Of Interest', 'Whether These Are In Accordance With The Books Of Accounts Maintained By The Company Explanatory']",
Does the company ensure effectiveness of the board through internal or external evaluation or assessment,"['Number Of Employees In The Company At The End Of The Financial Year', 'Disclosure In Auditors Report Relating To Fraud By The Company Or On The Company By Its Officers Or Its Employees Reported During Period', 'Name Of The External Agency That Undertook Independent Assessment Or Evaluation Or Assurance For Energy Consumption Explanatory Text Block', 'Does The Entity Have ASpecified Committee Of The Board Or Director Responsible For Decision Making On Sustainability Related Issues', 'Name Of The External Agency That Undertook Independent Assessment Or Evaluation Or Assurance For Water Discharged Explanatory Text Block']",
Does the company ensure its jewellery meet BIS hallmark standards for quality assurance,"['Remarks For Assurance Of Measures Taken By The Entity To Ensure ASafe And Healthy Work Place', 'Whether Company Has Published Sustainability Report For The Financial Year', 'Assurance Sub Type For Measures Taken By The Entity To Ensure ASafe And Healthy Work Place', 'Disclosure In Auditors Report Relating To Fraud By The Company Or On The Company By Its Officers Or Its Employees Reported During Period']",
Does the company focus on providing healthcare facilities to vulnerable portions of the population,"['Number Of Employees In The Company At The End Of The Financial Year', 'Does The Entity Have Any Sites Or Facilities Identified As Designated Consumers Under The Performance Achieve And Trade Scheme Of The Government Of India', 'Do The Employees Or Worker Of The Entity Have Access To Non Occupational Medical And Healthcare Services', 'Whether Details Of Total Energy Consumption And Energy Intensity Applicable To The Company', 'Whether These Are In Accordance With The Books Of Accounts Maintained By The Company Explanatory']",
Does the company follow GRI standards,"['Percentage Of Cost Incurred On Well Being Measures With Respect To Total Revenue Of The Company', 'Number Of Employees In The Company At The End Of The Financial Year', 'Any Independent Assessment Or Evaluation Or Assurance Has Been Carried Out By An External Agency For Energy Consumption', 'Financial Effect Of Deviation From Accounting Standards Balance Sheet', 'Description Of Initial Application Of Standards Or Interpretations Explanatory', 'Whether Details Of Total Energy Consumption And Energy Intensity Applicable To The Company', 'Whether These Are In Accordance With The Books Of Accounts Maintained By The Company Explanatory']",
Does the company follow sustainable mining practices,"['Percentage Of Health And Safety Practices Of Value Chain Partners P3', 'Number Of Employees In The Company At The End Of The Financial Year', 'Description Of Accounting Policy For Mining Rights Explanatory', 'Whether Details Of Total Energy Consumption And Energy Intensity Applicable To The Company', 'Whether These Are In Accordance With The Books Of Accounts Maintained By The Company Explanatory', 'Does The Entity Have Procedures In Place For Sustainable Sourcing']",
Does the company have ESG or Sustainability or BRSR policy,"['Whether Company Has Published Sustainability Report For The Financial Year', 'Does The Entity Have An Anti Corruption Or Anti Bribery Policy', 'Disclosure In Auditors Report Relating To Fraud By The Company Or On The Company By Its Officers Or Its Employees Reported During Period', 'Does The Entity Have ASpecified Committee Of The Board Or Director Responsible For Decision Making On Sustainability Related Issues', 'Does The Entity Have An Equal Opportunity Policy As Per The Rights Of Persons With Disabilities Act2016', 'Whether The Company Has Undertaken Assessment Or Assurance Of The BRSRCore']",
Does the company have ESG related products/services?,"['Products And Services Domain', 'Disclosure Of Products And Services Explanatory', 'Does The Entity Have Any Project Related To Reducing Green House Gas Emission', 'Does The Entity Have An Equal Opportunity Policy As Per The Rights Of Persons With Disabilities Act2016', 'Name Of Product Or Service - Product Or Service Domain1']",
Does the company have End of Life Vehicles management,"['Number Of Employees In The Company At The End Of The Financial Year', 'Assurer Has Assured Whether The Entity Have ABusiness Continuity And Disaster Management Plan', 'Does The Entity Provide Transition Assistance Programs To Facilitate Continued Employability And The Management Of Career Endings Resulting From Retirement Or Termination Of Employment', 'Does The Entity Have ABusiness Continuity And Disaster Management Plan', 'Remarks For Assurance Of Whether The Entity Provide Transition Assistance Programs To Facilitate Continued Employability And The Management Of Career Endings Resulting From Retirement Or Termination Of Employment', 'Whether These Are In Accordance With The Books Of Accounts Maintained By The Company Explanatory']",
Does the company have a communication plan for engaging with the communities affected with aircraft noise,"['Number Of Employees In The Company At The End Of The Financial Year', 'Remarks For Assurance Of Whether The Entity Have ABusiness Continuity And Disaster Management Plan', 'Does The Entity Have ABusiness Continuity And Disaster Management Plan', 'Whether These Are In Accordance With The Books Of Accounts Maintained By The Company Explanatory', 'Does The Entity Have An Equal Opportunity Policy As Per The Rights Of Persons With Disabilities Act2016']",
Does the company have a dedicated ethics committee to oversee all the clinical trials,"['Number Of Employees In The Company At The End Of The Financial Year', 'Does The Entity Have Any Project Related To Reducing Green House Gas Emission', 'Does The Entity Have ASpecified Committee Of The Board Or Director Responsible For Decision Making On Sustainability Related Issues', 'Whether These Are In Accordance With The Books Of Accounts Maintained By The Company Explanatory', 'Do You Have APreferential Procurement Policy Where You Give Preference To Purchase From Suppliers Comprising Marginalized Or Vulnerable Groups']",
Does the company have a diversity equality and inclusion policy,"['Does The Entity Have AFramework Or Policy On Cyber Security And Risks Related To Data Privacy', 'Does The Entity Have An Anti Corruption Or Anti Bribery Policy', 'Number Of Employees In The Company At The End Of The Financial Year', 'Remarks For Assurance Of Details Of CSRProjects Undertaken In Designated Aspirational Districts As Identified By Government Bodies', 'Initially Applied Ind A Ss Domain', 'Does The Entity Have An Equal Opportunity Policy As Per The Rights Of Persons With Disabilities Act2016']",
Does the company have a documented CSR policy in place,"['Disclosure Responsibility Statement Of CSR Committee That Implementation And Monitoring Of CSR Policy Is In Compliance With CSR Policy Of Company', 'Remarks For Assurance Of Whether Do You Have AFocal Point Responsible For Addressing Human Rights Impacts Or Issues Caused Or Contributed To By The Business', 'Whether Company Has Written CSR Policy', 'Does The Entity Have An Equal Opportunity Policy As Per The Rights Of Persons With Disabilities Act2016', 'Does The Entity Have Procedures In Place For Sustainable Sourcing']",
Does the company have a editorial policy,"['Does The Entity Have An Anti Corruption Or Anti Bribery Policy', 'Number Of Employees In The Company At The End Of The Financial Year', 'Initially Applied Ind A Ss Domain', 'Does The Entity Have An Equal Opportunity Policy As Per The Rights Of Persons With Disabilities Act2016', 'Remarks For Assurance Of Whether The Entity Have An Equal Opportunity Policy As Per The Rights Of Persons With Disabilities Act2016']",
Does the company have a highest authority responsible for implementation and oversight of the Business Responsibility(ies) and ESG policy,"['Remarks For Assurance Of Details Of The Highest Authority Responsible For Implementation And Oversight Of The Business Responsibility Policy', 'Details On Policy Development And Implementation By Company On Corporate Social Responsibility Initiatives Taken During Year Explanatory', 'Details Of The Highest Authority Responsible For Implementation And Oversight Of The Business Responsibility Policy Explanatory Text Block', 'Number Of Employees In The Company At The End Of The Financial Year']",
Does the company have a human rights policy established,"['Does The Entity Have An Anti Corruption Or Anti Bribery Policy', 'Number Of Employees In The Company At The End Of The Financial Year', 'Remarks For Assurance Of Employees And Workers Who Have Been Provided Training On Human Rights Issues And Policies Of The Entity', 'Initially Applied Ind A Ss Domain', 'Does The Entity Have An Equal Opportunity Policy As Per The Rights Of Persons With Disabilities Act2016', 'Remarks For Assurance Of Whether The Entity Have An Equal Opportunity Policy As Per The Rights Of Persons With Disabilities Act2016']",
Does the company have a policy for appointment or reappointment o auditors,"['Whether Company Has Published Sustainability Report For The Financial Year', 'Does The Entity Have AFramework Or Policy On Cyber Security And Risks Related To Data Privacy', 'Does The Entity Have An Anti Corruption Or Anti Bribery Policy', 'The Entity Does Not Have The Financial Or Human And Technical Resources Available For The Task - Principle8 Member', 'Disclosure In Auditors Report Relating To Fraud By The Company Or On The Company By Its Officers Or Its Employees Reported During Period', 'Does The Entity Have An Equal Opportunity Policy As Per The Rights Of Persons With Disabilities Act2016', 'Remarks For Assurance Of Whether The Entity Have An Equal Opportunity Policy As Per The Rights Of Persons With Disabilities Act2016']",
Does the company have a policy for ensuring quality and patient safety during clinical trials,"['Whether Company Has Published Sustainability Report For The Financial Year', 'Does The Entity Have AFramework Or Policy On Cyber Security And Risks Related To Data Privacy', 'Safety Security Expenses', 'Does The Entity Have An Anti Corruption Or Anti Bribery Policy', 'Assurance Sub Type For Whether The Entity Have An Equal Opportunity Policy As Per The Rights Of Persons With Disabilities Act2016', 'Does The Entity Have An Equal Opportunity Policy As Per The Rights Of Persons With Disabilities Act2016', 'Remarks For Assurance Of Whether The Entity Have An Equal Opportunity Policy As Per The Rights Of Persons With Disabilities Act2016']",
Does the company have a policy on anti-money laundering and/or insider trading/dealing,"['Does The Entity Have An Anti Corruption Or Anti Bribery Policy', 'Disclosure In Auditors Report Relating To Fraud By The Company Or On The Company By Its Officers Or Its Employees Reported During Period', 'Initially Applied Ind A Ss Domain', 'Does The Entity Have An Equal Opportunity Policy As Per The Rights Of Persons With Disabilities Act2016', 'Details For The Entity Have Not Applicable An Anti Corruption Or Anti Bribery Policy Explanatory Text Block']",
Does the company have a policy on environmental management and is it available publicly,"['Does The Entity Have AFramework Or Policy On Cyber Security And Risks Related To Data Privacy', 'Name Of Stock Exchange Where The Company Is Listed', 'Whether Company Is Listed Company', 'Whether Information Available In Public Domain - Public Policy1', 'Does The Entity Have ABusiness Continuity And Disaster Management Plan', 'Whether Information Available In Public Domain - Public Policy27', 'Whether Information Available In Public Domain - Public Policy22']",
Does the company have a policy or commitment on financial inclusion,"['Does The Entity Have AFramework Or Policy On Cyber Security And Risks Related To Data Privacy', 'Does The Entity Have An Anti Corruption Or Anti Bribery Policy', 'Number Of Employees In The Company At The End Of The Financial Year', 'Details Of Material Changes And Commitment Occurred During Period Affecting Financial Position Of Company', 'Remarks For Assurance Of The Entity Is AMember Of Or Affiliated To Trade And Industry Chambers Or Associations Determined Based On The Total Members Of Such Body', 'Does The Entity Have An Equal Opportunity Policy As Per The Rights Of Persons With Disabilities Act2016']",
Does the company have a program or is taking efforts to increase the availability and affordability of the medicines in low income/developing markets,"['Whether Markets Served By The Entity Is Assured By Assurer', 'Name Of Stock Exchange Where The Company Is Listed', 'Number Of Employees In The Company At The End Of The Financial Year', 'Details If The Employees Or Worker Of The Entity Have Access To Non Occupational Medical And Healthcare Services Is Not Applicable Explanatory Text Block', 'Does The Entity Have ABusiness Continuity And Disaster Management Plan', 'Does The Entity Have Processes In Place To Avoid Or Manage Conflict Of Interests Involving Members Of The Board']",
Does the company have a public policy committing it and/or its suppliers to animal welfare principles,"['Staff Welfare Expense', 'Assurance Sub Type For APreferential Procurement Policy Where Preference To Purchase From Suppliers Comprising Marginalized Or Vulnerable Groups And Its Percentage Of Total Procurement By Value Does It Constitute', 'Disclosure In Auditors Report Relating To Fraud By The Company Or On The Company By Its Officers Or Its Employees Reported During Period', 'Remarks For Assurance Of APreferential Procurement Policy Where Preference To Purchase From Suppliers Comprising Marginalized Or Vulnerable Groups And Its Percentage Of Total Procurement By Value Does It Constitute']",
"Does the company have a publicly available policy in place for mining from conflict affected and high risk areas. If yes, provide details","['Details Of The Entity Have Processes In Place To Avoid Or Manage Conflict Of Interests Involving Members Of The Board Explanatory Text Block', 'Details If Exemption Is Granted For Statement Under Section 129', 'Description Of Accounting Policy For Mining Rights Explanatory', 'Does The Entity Have Processes In Place To Avoid Or Manage Conflict Of Interests Involving Members Of The Board', 'Does The Entity Have Procedures In Place For Sustainable Sourcing']",
Does the company have a specified committee of the board/director responsible for decision making on sustainability related issues (Y/N),"['Assurer Has Assured Whether The Entity Have ASpecified Committee Of The Board Or Director Responsible For Decision Making On Sustainability Related Issues', 'Whether Company Has Published Sustainability Report For The Financial Year', 'Number Of Employees In The Company At The End Of The Financial Year', 'Details Of Specified Committee Of The Board Or Director Responsible For Decision Making On Sustainability Related Issues Explanatory Text Block', 'Does The Entity Have ASpecified Committee Of The Board Or Director Responsible For Decision Making On Sustainability Related Issues']",
Does the company have a strategy for climate change adaptation and mitigation,"['Whether Company Has Published Sustainability Report For The Financial Year', 'Does The Entity Have Any Sites Or Facilities Identified As Designated Consumers Under The Performance Achieve And Trade Scheme Of The Government Of India', 'Assurance Sub Type For Disclose Any Significant Adverse Impact To The Environment Arising From The Value Chain Of The Entity What Mitigation Or Adaptation Measures Have Been Taken By The Entity In This Regard', 'Remarks For Assurance Of Disclose Any Significant Adverse Impact To The Environment Arising From The Value Chain Of The Entity What Mitigation Or Adaptation Measures Have Been Taken By The Entity In This Regard', 'Steps Taken By The Company For Utilising Alternate Sources Of Energy Explanatory']",
"Does the company have a strategy or initiative in place to enourage small forest owners and timber suppliers to adopt best practices or sustainable management in order to obtain certification from recognized systems such as PEF, FSC or equivalent","['Remarks For Assurance Of Details Of Waste Management Practices Adopted In Your Establishments And The Strategy Adopted By Company To Reduce Usage Of Hazardous And Toxic Chemicals', 'Information About Ultimate Risk Management Strategy In Relation To Hedging Relationships That Entity Frequently Resets', 'Does The Entity Have Processes In Place To Avoid Or Manage Conflict Of Interests Involving Members Of The Board', 'Disclosure In Auditors Report Relating To Fraud By The Company Or On The Company By Its Officers Or Its Employees Reported During Period', 'Details Of Waste Management Practices Adopted In Your Establishments And The Strategy Adopted By Company To Reduce Usage Of Hazardous And Toxic Chemicals Explanatory Text Block', 'Does The Entity Have Procedures In Place For Sustainable Sourcing']",
Does the company have a target to achieve gender diversity in the workforce,"['Number Of Employees In The Company At The End Of The Financial Year', 'Does The Entity Have Any Sites Or Facilities Identified As Designated Consumers Under The Performance Achieve And Trade Scheme Of The Government Of India', 'Whether These Are In Accordance With The Books Of Accounts Maintained By The Company Explanatory', 'Does The Entity Have An Equal Opportunity Policy As Per The Rights Of Persons With Disabilities Act2016', 'Does The Entity Have Procedures In Place For Sustainable Sourcing']",
Does the company have affiliatoins with trade and indsutry chambers/associations,"['Name Of The Trade And Industry Chambers Or Associations - Industry Chambers Or Associations7 Member', 'Number Of Affiliations With Trade And Industry Chambers Or Associations', 'Number Of Employees In The Company At The End Of The Financial Year', 'Name Of The Trade And Industry Chambers Or Associations - Industry Chambers Or Associations4 Member', 'Whether These Are In Accordance With The Books Of Accounts Maintained By The Company Explanatory']",
Does the company have agreements which safeguard the wellbeing of farm workers through the Agricultural Labour Practices Code,"['Assurance Sub Type For Details Of Financial Year For Which Reporting Is Being Done', 'Number Of Employees In The Company At The End Of The Financial Year', 'Does The Entity Have ABusiness Continuity And Disaster Management Plan', 'Whether These Are In Accordance With The Books Of Accounts Maintained By The Company Explanatory', 'Remarks For Assurance Of Details Of Financial Year For Which Reporting Is Being Done', 'Does The Entity Have Procedures In Place For Sustainable Sourcing']",
Does the company have an Environment or a Biodiversity policy,"['Whether Initial Application Of An Ind As Has An Effect On The Current Period Or Any Prior Period', 'Does The Entity Have An Equal Opportunity Policy As Per The Rights Of Persons With Disabilities Act2016', 'Does The Entity Have An Anti Corruption Or Anti Bribery Policy', 'Disclosure In Auditors Report Relating To Fraud By The Company Or On The Company By Its Officers Or Its Employees Reported During Period']",
Does the company have any standards or programmes related to sustainable tobacco during their supply chain process,"['Remarks For Assurance Of The Entity Have Procedures In Place For Sustainable Sourcing And Percentage Of Inputs Were Sourced Sustainably', 'Whether Any Borrowing Costs Has Been Capitalised During The Year', 'Disclosure In Auditors Report Relating To Fraud By The Company Or On The Company By Its Officers Or Its Employees Reported During Period', 'Does The Entity Have Any Project Related To Reducing Green House Gas Emission', 'Does The Entity Have Procedures In Place For Sustainable Sourcing']",
Does the company have any targets to reduce food waste,"['Number Of Employees In The Company At The End Of The Financial Year', 'Whether Any Borrowing Costs Has Been Capitalised During The Year', 'Amount Of Recycled - Hazardous Waste Member - Previous Year', 'Disclose Whether Targets Set Under The Pat Scheme Have Been Achieved In Case Targets Have Not Been Achieved Then Provide The Remedial Action Taken Explanatory Text Block', 'Does The Entity Have Any Project Related To Reducing Green House Gas Emission', 'Amount Of Recycled - Hazardous Waste Member', 'Waste Recovered Through Recycled']",
Does the company have code of conduct policy,"['Does The Entity Have An Anti Corruption Or Anti Bribery Policy', 'Number Of Employees In The Company At The End Of The Financial Year', 'Whether These Are In Accordance With The Books Of Accounts Maintained By The Company Explanatory', 'Does The Entity Extend Any Life Insurance Or Any Compensatory Package In The Event Of Death Of Workers', 'Does The Entity Have An Equal Opportunity Policy As Per The Rights Of Persons With Disabilities Act2016']",
"Does the company have commitment in place integrating circular fashin into all its operations? If yes, provide details","['Does The Entity Have Procedures In Place For Sustainable Sourcing', 'Details Of Material Changes And Commitment Occurred During Period Affecting Financial Position Of Company', 'Disclosure In Auditors Report Relating To Fraud By The Company Or On The Company By Its Officers Or Its Employees Reported During Period', 'Details Of The Entity Have Not Applicable Processes In Place To Avoid Or Manage Conflict Of Interests Involving Members Of The Board Explanatory Text Block', 'Does The Entity Have Processes In Place To Avoid Or Manage Conflict Of Interests Involving Members Of The Board']",
"Does the company have digital/smart substations or plans to have it in future? (If yes, provide the number of substation)","['Remarks For Assurance Of Whether The Waste Collection Plan Is In Line With The Extended Producer Responsibility Plan Submitted To Pollution Control Boards And Steps Taken To Address The Waste Collection Plan If Not Submitted', 'Number Of Employees In The Company At The End Of The Financial Year', 'Does The Entity Have Processes In Place To Avoid Or Manage Conflict Of Interests Involving Members Of The Board', 'Does The Entity Have ABusiness Continuity And Disaster Management Plan', 'Whether These Are In Accordance With The Books Of Accounts Maintained By The Company Explanatory', 'Does The Entity Have An Equal Opportunity Policy As Per The Rights Of Persons With Disabilities Act2016', 'Does The Entity Have Procedures In Place For Sustainable Sourcing']",
Does the company have due diligence process for sourcing minerals as raw materials,"['Remarks For Assurance Of The Entity Have Procedures In Place For Sustainable Sourcing And Percentage Of Inputs Were Sourced Sustainably', 'Raw Materials Consumed', 'Assurance Sub Type For The Entity Have Procedures In Place For Sustainable Sourcing And Percentage Of Inputs Were Sourced Sustainably', 'Description Of Raw Materials Category', 'Does The Entity Have Procedures In Place For Sustainable Sourcing']",
Does the company have employe development programs that have been developed to upgrade and improve employee skills,"['Remarks For Assurance Of Details Of Measures Undertaken By The Entity To Ensure That Statutory Dues Have Been Deducted And Deposited By The Value Chain Partners', 'Whether Equity Have Been Measured At Fair Value', 'Does The Entity Have ABusiness Continuity And Disaster Management Plan', 'Whether Liabilities Have Been Measured At Fair Value']",
Does the company have facilities/operations in water stress regions,"['Number Of Employees In The Company At The End Of The Financial Year', 'Cost Water Charges', 'Assurance Sub Type For Water Withdrawal Or Consumption And Discharge In Areas Of Water Stress In Kilolitres', 'Does The Entity Have Any Sites Or Facilities Identified As Designated Consumers Under The Performance Achieve And Trade Scheme Of The Government Of India', 'Remarks For Assurance Of Water Withdrawal Or Consumption And Discharge In Areas Of Water Stress In Kilolitres', 'Does The Entity Have Procedures In Place For Sustainable Sourcing']",
Does the company have inhouse research and development facilities/centres and team,"['Research And Development Expense', 'Expenditure Incurred On Research And Development', 'Research Development Expenditure', 'Whether Details Of Total Energy Consumption And Energy Intensity Applicable To The Company', 'Does The Entity Have An Equal Opportunity Policy As Per The Rights Of Persons With Disabilities Act2016', 'Value Of Shares Paid Up']",
Does the company have its products in compliance with BIS standards,"['Number Of Persons Benefitted From CSRProjects - CSRProjects83', 'Disclosure In Auditors Report Relating To Fraud By The Company Or On The Company By Its Officers Or Its Employees Reported During Period', 'Whether These Are In Accordance With The Books Of Accounts Maintained By The Company Explanatory', 'Does The Entity Have An Equal Opportunity Policy As Per The Rights Of Persons With Disabilities Act2016', 'Does The Entity Have Procedures In Place For Sustainable Sourcing']",
Does the company have lead independent director on the board,"['Assurer Has Assured Whether The Entity Have ASpecified Committee Of The Board Or Director Responsible For Decision Making On Sustainability Related Issues', 'Number Of Employees In The Company At The End Of The Financial Year', 'Does The Entity Have ASpecified Committee Of The Board Or Director Responsible For Decision Making On Sustainability Related Issues', 'Whether These Are In Accordance With The Books Of Accounts Maintained By The Company Explanatory', 'Remarks For Assurance Of Whether The Entity Have ASpecified Committee Of The Board Or Director Responsible For Decision Making On Sustainability Related Issues']",
Does the company have mechanisms to receive and respond to consumer complaints and feedback,"['Geological And Geophysical Expenditure Pertaining To Exploration And Production Activities', 'Disclosure In Auditors Report Relating To Fraud By The Company Or On The Company By Its Officers Or Its Employees Reported During Period', 'Describe The Mechanisms In Place To Receive And Respond To Consumer Complaints And Feedback Explanatory Text Block', 'Remarks For Assurance Of The Mechanisms In Place To Receive And Respond To Consumer Complaints And Feedback']",
Does the company have oil spill/gas leak action plan,"['Number Of Employees In The Company At The End Of The Financial Year', 'Description Of Accounting Policy For Oil And Gas Assets Explanatory', 'Does The Entity Have ABusiness Continuity And Disaster Management Plan', 'Does The Entity Have Any Project Related To Reducing Green House Gas Emission']",
Does the company have policy for precention to prevent sexual harassment at workplace,"['Whether Company Has Published Sustainability Report For The Financial Year', 'Total Complaints Reported Under Sexual Harassment Of Women At Workplace', 'Number Of Employees In The Company At The End Of The Financial Year', 'Remarks For Assurance Of Complaints Filed Under The Sexual Harassment Of Women At Workplace']",
Does the company have policy on offering stock options,"['Name Of Stock Exchange Where The Company Is Listed', 'Number Of Outstanding Stock Options', 'Cost Reimbursed By Subsidiary Company For Issuing Options Or Shares Under Employee Stock Option Or Stock Purchase Scheme', 'Proceeds From Exercise Of Stock Options', 'Name Of Stock Exchange Where The Company Is Listed - Stock Exchange2', 'Does The Entity Have An Equal Opportunity Policy As Per The Rights Of Persons With Disabilities Act2016', 'Name Of Stock Exchange Where The Company Is Listed - Stock Exchange1']",
Does the company have processes for workers to report the work related hazards and to remove themselves from such risks (Y/N),"['Whether Company Has Published Sustainability Report For The Financial Year', 'Whether You Have Processes For Workers To Report The Work Related Hazards And To Remove Themselves From Such Risks', 'Processes For Workers To Report The Work Related Hazards And To Remove Themselves From Such Risks Is Not Applicable Explanatory Text Block', 'Disclosure In Auditors Report Relating To Fraud By The Company Or On The Company By Its Officers Or Its Employees Reported During Period']",
Does the company have processes in place to avoid/manage conflicts of interest involving members of the Board,"['Whether These Are In Accordance With The Books Of Accounts Maintained By The Company Explanatory', 'Remarks For Assurance Of The Entity Have Processes In Place To Avoid Or Manage Conflict Of Interests Involving Members Of The Board', 'Does The Entity Have Processes In Place To Avoid Or Manage Conflict Of Interests Involving Members Of The Board', 'Number Of Employees In The Company At The End Of The Financial Year']",
Does the company have programmes for listing designed to promote small businesses (MSME) and community development,"['Whether Company Has Published Sustainability Report For The Financial Year', 'Remarks For Assurance Of Whether The Entity Have ABusiness Continuity And Disaster Management Plan', 'Does The Entity Have ABusiness Continuity And Disaster Management Plan', 'Micro Small Medium Enterprises Domain', 'Assurance Sub Type For Describe The Mechanisms To Receive And Redress Grievances Of The Community', 'Assurance Sub Type For Whether The Entity Have ABusiness Continuity And Disaster Management Plan', 'Remarks For Assurance Of Describe The Mechanisms To Receive And Redress Grievances Of The Community']",
Does the company have programs established to measure food loss and waste,"['Steps Taken To Address The Waste Collection Plan Explanatory Text Block', 'Changes In Methods Used To Measure Risk', 'Methods Used To Measure Risk', 'Waste Recovered Through Recycled']",
Does the company have publicly available programs to improve the accessibility to healthcare,"['Number Of Employees In The Company At The End Of The Financial Year', 'Whether Information Available In Public Domain - Public Policy3', 'Does The Entity Have ABusiness Continuity And Disaster Management Plan', 'Do The Employees Or Worker Of The Entity Have Access To Non Occupational Medical And Healthcare Services', 'The Entity Does Not Have The Financial Or Human And Technical Resources Available For The Task - Principle3 Member', 'Whether These Are In Accordance With The Books Of Accounts Maintained By The Company Explanatory']",
Does the company have separate roles for Chairman and CEO,"['Whether Company Has Published Sustainability Report For The Financial Year', 'Remarks For Assurance Of Address Of Registered Office Of Company', 'Does The Entity Have ABusiness Continuity And Disaster Management Plan', 'Whether Details Of Total Energy Consumption And Energy Intensity Applicable To The Company', 'Does The Entity Have An Equal Opportunity Policy As Per The Rights Of Persons With Disabilities Act2016', 'Does The Entity Have Procedures In Place For Sustainable Sourcing', 'Steps Taken By The Company For Utilising Alternate Sources Of Energy Explanatory']",
Does the company have tailing management system after mining,"['Number Of Employees In The Company At The End Of The Financial Year', 'Whether These Are In Accordance With The Books Of Accounts Maintained By The Company Explanatory', 'Does The Entity Have ABusiness Continuity And Disaster Management Plan', 'Remarks For Assurance Of Health And Safety Management System']",
Does the company have waste heat recovery systems for enchancing energy efficiency (Cement),"['Waste Recovered Through Other Recovery Operations', 'Waste Recovered Through Other Recovery Operations - Previous Year', 'Steps Taken By The Company For Utilising Alternate Sources Of Energy Explanatory', 'Details Regarding Energy Conservation']",
Does the company implement a comprehensive framework or Enterprise Risk Management framework,"['Does The Entity Have AFramework Or Policy On Cyber Security And Risks Related To Data Privacy', 'Description Of Regulatory Framework In Which Plan Operates', 'Remarks For Assurance Of Whether The Entity Have AFramework Or Policy On Cyber Security And Risks Related To Data Privacy', 'Does The Entity Have ABusiness Continuity And Disaster Management Plan', 'Description Of Effect Of Regulatory Framework On Plan']",
Does the company implement strategies to control and reduce the amount of construction and demolition waste from buildings that are constructed or are part of portfolio,"['Construction And Demolition Waste - Previous Year', 'Whether These Are In Accordance With The Books Of Accounts Maintained By The Company Explanatory', 'Construction And Demolition Waste', 'Number Of Employees In The Company At The End Of The Financial Year']",
Does the company index for social enterprises that target underserved or less privileged population segments,"['Whether Company Has Published Sustainability Report For The Financial Year', 'Micro Small Medium Enterprises Domain', 'Remarks For Assurance Of Whether CSRIs Applicable As Per Section135 Of Companies Act2013', 'Disclosure Of Reportable Segments Explanatory', 'Type Of Assurance For Section AGeneral Disclosures']",
Does the company integrate ESG aspects in its insurance underwriting process for non life non health insurance reinsurance,"['Revenue From Insurance Contracts Issued Without Reduction For Reinsurance Held', 'Insurance', 'The Entity Has Not Applicable Conducted Life Cycle Perspective Or Assessments For Any Of Its Products Or For Its Services Explanatory Text Block', 'Does The Entity Extend Any Life Insurance Or Any Compensatory Package In The Event Of Death Of Employees', 'Non Controlling Interest', 'Does The Entity Extend Any Life Insurance Or Any Compensatory Package In The Event Of Death Of Workers', 'Assets Under Insurance Contracts And Reinsurance Contracts Issued']",
Does the company lend towards Electric Vehicles,"['Appropriation Towards Bonus Shares', 'Remarks For Assurance Of Details Of Total Energy Consumption In Joules Or Multiples And Energy Intensity', 'Whether Details Of Total Energy Consumption And Energy Intensity Applicable To The Company', 'Efforts Made Towards Technology Absorption Explanatory', 'Energy Intensity Per Rupee Of Turnover']",
Does the company manufacture/sell sustainable apparel or garments,"['Name Of The Trade And Industry Chambers Or Associations - Industry Chambers Or Associations7 Member', 'Number Of Employees In The Company At The End Of The Financial Year', 'Inventories At Fair Value Less Costs To Sell', 'Disclosure In Auditors Report Relating To Fraud By The Company Or On The Company By Its Officers Or Its Employees Reported During Period', 'Name Of The Trade And Industry Chambers Or Associations - Industry Chambers Or Associations1 Member', 'Name Of The Trade And Industry Chambers Or Associations - Industry Chambers Or Associations8 Member', 'Does The Entity Have Procedures In Place For Sustainable Sourcing']",
"Does the company measure or track the age of aircrafts? If yes, the what is the average of company’s air fleet","['Name Of Stock Exchange Where The Company Is Listed', 'Number Of Employees In The Company At The End Of The Financial Year', 'Whether Details Of Air Emissions Other Than Ghg Emissions By The Entity Is Applicable To The Company', 'Whether Extended Producer Responsibility Is Applicable To The Entity SActivities', 'Whether Details Of The Stock Exchange Where The Company Is Listed Is Assured By Assurer', 'What Percentage Of Total Procurement By Value Does It Constitute']",
Does the company meet priority sector lending requirements as per RBI,"['Sector In Which Project Is Covered', 'Profit Loss For The Period As Per Ind As', 'Profit Loss For The Period As Per Indian Gaap', 'Energy Intensity Per Rupee Of Turnover', 'Is The Premise Or Office Of The Entity Accessible To Differently Abled Visitors As Per The Requirements Of The Rights Of Persons With Disabilities Act2016']",
Does the company mention that they have a safety committee/policy in place with respect to accidents or misfortune events,"['Disclosure Responsibility Statement Of CSR Committee That Implementation And Monitoring Of CSR Policy Is In Compliance With CSR Policy Of Company', 'Safety Security Expenses', 'Does The Entity Extend Any Life Insurance Or Any Compensatory Package In The Event Of Death Of Employees', 'Does The Entity Have An Equal Opportunity Policy As Per The Rights Of Persons With Disabilities Act2016', 'Does The Entity Have Procedures In Place For Sustainable Sourcing']",
Does the company mention use of natural ingredients in their products and are they approved by government norms,"['Reclaimed Products And Their Packaging Materials As Percentage Of Total Products Sold In Respective Category - Reclaimed Products And Their Packaging Domain1', 'Products And Services Domain', 'Reclaimed Products And Their Packaging Materials As Percentage Of Total Products Sold In Respective Category - Reclaimed Products And Their Packaging Domain3', 'Reclaimed Products And Their Packaging Materials As Percentage Of Total Products Sold In Respective Category - Reclaimed Products And Their Packaging Domain7', 'Reclaimed Products And Their Packaging Materials As Percentage Of Total Products Sold In Respective Category - Reclaimed Products And Their Packaging Domain8', 'Whether These Are In Accordance With The Books Of Accounts Maintained By The Company Explanatory']",
Does the company monitor Chemical Oxygen Demand during water discharge,"['Name Of Other Emissions - Other Air Emissions Domain8', 'Water Discharge To Groundwater', 'Cost Water Charges', 'Water Discharge To Surface Water', 'Disclosure In Auditors Report Relating To Fraud By The Company Or On The Company By Its Officers Or Its Employees Reported During Period', 'Whether Details Of Total Energy Consumption And Energy Intensity Applicable To The Company', 'Remarks For Assurance Of Water Withdrawal Or Consumption And Discharge In Areas Of Water Stress In Kilolitres']",
Does the company monitor and measure noise levels? Are they compliant with noise regulations,"['Is The Entity Compliant With The Applicable Environmental Law', 'Assurer Has Assured Whether The Entity Compliant With The Applicable Environmental Law', 'Remarks For Assurance Of Whether The Entity Compliant With The Applicable Environmental Law', 'Disclosure Of Whether All Assets And Liabilities Are Registered With Company', 'Whether These Are In Accordance With The Books Of Accounts Maintained By The Company Explanatory']",
Does the company owns/lease/manages forest land for its operations,"['Whether Company Has Published Sustainability Report For The Financial Year', 'The Entity Does Not Consider The Principles Material To Its Business - Principle9 Member', 'The Entity Does Not Consider The Principles Material To Its Business - Principle5 Member', 'Disclosure In Auditors Report Relating To Fraud By The Company Or On The Company By Its Officers Or Its Employees Reported During Period', 'Whether Details Of Total Energy Consumption And Energy Intensity Applicable To The Company', 'Remarks For Assurance Of Whether The Entity Conducted Life Cycle Perspective Or Assessments For Any Of Its Products Or For Its Services', 'Does The Entity Have Procedures In Place For Sustainable Sourcing']",
Does the company participate in the GRESB for real estate benchmark assessment,"['Does Company Participate In The Business Responsibility Initiatives Of The Listed Entity - Holding Subsidiary Associate Companies And Joint Ventures Domain280', 'Number Of Employees In The Company At The End Of The Financial Year', 'Does Company Participate In The Business Responsibility Initiatives Of The Listed Entity - Holding Subsidiary Associate Companies And Joint Ventures Domain28', 'Does Company Participate In The Business Responsibility Initiatives Of The Listed Entity - Holding Subsidiary Associate Companies And Joint Ventures Domain1', 'Remarks For Assurance Of Details Of Total Energy Consumption In Joules Or Multiples And Energy Intensity', 'Whether Details Of Total Energy Consumption And Energy Intensity Applicable To The Company', 'Whether These Are In Accordance With The Books Of Accounts Maintained By The Company Explanatory']",
"Does the company perform climate related scenario analysis (based on TCFD framework); Based on the climate risk assessment, has the company set up a plan to adapt to the identified physical climate risks","['Does The Entity Have AFramework Or Policy On Cyber Security And Risks Related To Data Privacy', 'Whether Company Has Published Sustainability Report For The Financial Year', 'Number Of Employees In The Company At The End Of The Financial Year', 'Web Link Of The Policy On Cyber Security And Risks Related To Data Privacy', 'Assurer Has Assured Whether The Entity Have AFramework Or Policy On Cyber Security And Risks Related To Data Privacy', 'Desclosure Of The Processes Used To Identify Work Related Hazards And Assess Risks On ARoutine And Non Routine Basis By The Entity Explanatory Text Block']",
Does the company perform materiality assessment and identify material ESG issues,"['Number Of Employees In The Company At The End Of The Financial Year', 'Material Issue Identified - Entitys Material Responsible Business Conduct Issues Domain37', 'Name Of The External Agency That Undertook Independent Assessment Or Evaluation Or Assurance For Energy Consumption Explanatory Text Block', 'Whether Details Of Total Energy Consumption And Energy Intensity Applicable To The Company', 'Material Issue Identified - Entitys Material Responsible Business Conduct Issues Domain1', 'Whether These Are In Accordance With The Books Of Accounts Maintained By The Company Explanatory', 'Whether The Company Has Undertaken Assessment Or Assurance Of The BRSRCore']",
"Does the company provide medical assistance (Ambulance service, fixed medical checkups, to the employees)","['Number Of Employees In The Company At The End Of The Financial Year', 'Employee Medical Insurance Expenses', 'Does The Entity Provide Transition Assistance Programs To Facilitate Continued Employability And The Management Of Career Endings Resulting From Retirement Or Termination Of Employment', 'Do The Employees Or Worker Of The Entity Have Access To Non Occupational Medical And Healthcare Services', 'Bio Medical Waste']",
"Does the company provide training on code of conduct, anti corruption, and anti bribery policies to the employee","['Whether These Are In Accordance With The Books Of Accounts Maintained By The Company Explanatory', 'Does The Entity Have An Anti Corruption Or Anti Bribery Policy', 'Anti Corruption Or Anti Bribery Policy Explanatory Text Block', 'Number Of Employees In The Company At The End Of The Financial Year']",
Does the company take initiatives with regards to its Biodiversity conservation/land rehabilitation and biodiversity restoration,"['Description Of Accounting Policy For Decommissioning Restoration And Rehabilitation Provisions Explanatory', 'Percentage Of Cost Incurred On Well Being Measures With Respect To Total Revenue Of The Company', 'Disclosure In Auditors Report Relating To Fraud By The Company Or On The Company By Its Officers Or Its Employees Reported During Period', 'Remarks For Assurance Of Details Of Significant Direct And Indirect Impact Of The Entity On Biodiversity In Such Areas Along With Prevention And Remediation Activities', 'Details Of Significant Direct And Indirect Impact Of The Entity On Biodiversity In Such Areas Along With Prevention And Remediation Activities Explanatory Text Block', 'Percentage Of Cost Incurred On Well Being Measures With Respect To Total Revenue Of The Company - Previous Year']",
"Does the company take measures for the well being of individuals other than permanent employees (which may include interns, contracts, etc.)","['Number Of Employees In The Company At The End Of The Financial Year', 'Number Of Well Being Of Employees Or Workers - Other Gender Member - Health Insurance Member - Other Than Permanent Employees Member', 'Number Of Well Being Of Employees Or Workers - Other Gender Member - Total Employee Benefits Member - Other Than Permanent Employees Member', 'Disclosure In Auditors Report Relating To Fraud By The Company Or On The Company By Its Officers Or Its Employees Reported During Period', 'Number Of Well Being Of Employees Or Workers - Gender Member - Benefits Member - Other Than Permanent Employees Member']",
Does the company undertake intiatives or programs to raise awareness about sustainability challenges and opportunities in the natural rubber industry for suppliers,"['Whether Company Has Published Sustainability Report For The Financial Year', 'Number Of Employees In The Company At The End Of The Financial Year', 'Total Number Of Awareness Programmes Held - Awareness Programmes Conducted For Value Chain Partners Domain9', 'Does The Entity Have ASpecified Committee Of The Board Or Director Responsible For Decision Making On Sustainability Related Issues', 'Total Number Of Awareness Programmes Held - Awareness Programmes Conducted For Value Chain Partners Domain1', 'Total Number Of Awareness Programmes Held - Awareness Programmes Conducted For Value Chain Partners Domain10']",
Does the company use smart metters in its distribution grid,"['Disclosure In Auditors Report Relating To Fraud By The Company Or On The Company By Its Officers Or Its Employees Reported During Period', 'Energy Intensity Per Rupee Of Turnover Adjusting For Purchasing Power Parity - Previous Year', 'Energy Intensity Per Rupee Of Turnover Adjusting For Purchasing Power Parity', 'Transportation Distribution Expenses']",
Does the company’s policy and measures align with International Civil Aviation Organisation’s Balance Approach,"['Remarks For Assurance Of Whether The Waste Collection Plan Is In Line With The Extended Producer Responsibility Plan Submitted To Pollution Control Boards And Steps Taken To Address The Waste Collection Plan If Not Submitted', 'Balance With Banks', 'Description Of Line Item S In Statement Of Comprehensive Income In Which Amortisation Of Intangible Assets Is Included', 'Assurer Has Assured Whether The Waste Collection Plan Is In Line With The Extended Producer Responsibility Plan Submitted To Pollution Control Boards And Steps Taken To Address The Waste Collection Plan If Not Submitted', 'Whether These Are In Accordance With The Books Of Accounts Maintained By The Company Explanatory']",
Does the company’s policy on Biodiversity extend to its value chain partners (Y/N),"['Remarks For Assurance Of Whether The Enlisted Policies Extend To Your Value Chain Partners', 'Do The Enlisted Policies Extend To Your Value Chain Partners - Principle6 Member', 'Disclosure In Auditors Report Relating To Fraud By The Company Or On The Company By Its Officers Or Its Employees Reported During Period', 'Names Of All Partners In Partnership Firm', 'Do The Enlisted Policies Extend To Your Value Chain Partners - Principle5 Member', 'Do The Enlisted Policies Extend To Your Value Chain Partners - Principle7 Member']",
Does the company’s policy on cybersecurity and risks related to data privacy extend to its value chain partners,"['Web Link Of The Policy On Cyber Security And Risks Related To Data Privacy', 'Does The Entity Have AFramework Or Policy On Cyber Security And Risks Related To Data Privacy', 'Description Of Risks To Which Plan Exposes Entity', 'Disclosure In Auditors Report Relating To Fraud By The Company Or On The Company By Its Officers Or Its Employees Reported During Period']",
Does the copmany manufacture electric or alternate fuel bsaed vessel/ships or related components for the same?,"['Remarks For Assurance Of Details Of Total Energy Consumption In Joules Or Multiples And Energy Intensity', 'Does The Entity Have ASpecified Committee Of The Board Or Director Responsible For Decision Making On Sustainability Related Issues', 'Revenues From Transactions With Other Operating Segments Of The Same Entity', 'Assurance Sub Type For Details Of Total Energy Consumption In Joules Or Multiples And Energy Intensity', 'Steps Taken By The Company For Utilising Alternate Sources Of Energy Explanatory']",
"Does the entity comply with ISO 27001:2013, ISO 22301:2019 OR PCI DSS standards to safeguard the customer data","['Does The Entity Have AFramework Or Policy On Cyber Security And Risks Related To Data Privacy', 'Whether Data Breaches Information Like Number Of Instances Of Data Breaches Along With Impact And Percentage Of Data Breaches Involving Personally Identifiable Information Of Customers Is Assured By Assurer', 'ISO Country Code Of Place Of Maintenance Of Computer Servers Storing Accounting Data', 'Remarks For Assurance Of Data Breaches Information Like Number Of Instances Of Data Breaches Along With Impact And Percentage Of Data Breaches Involving Personally Identifiable Information Of Customers', 'Revenues From Transactions With Other Operating Segments Of The Same Entity']",
Does the entity disclose the details of beneficiaries of CSR projects,"['Number Of Employees In The Company At The End Of The Financial Year', 'Type Of Assurance For Details Of CSR', 'Details CSR Policy Explanatory', 'Whether Details Of Total Energy Consumption And Energy Intensity Applicable To The Company', 'Revenues From Transactions With Other Operating Segments Of The Same Entity', 'Remarks For Assurance Of Details Of Beneficiaries Of CSRProjects']",
Does the entity display product information on the product over and above what is mandated as per local laws,"['Profit Loss For The Period As Per Indian Gaap', 'Assurer Has Assured Whether The Entity Display Product Information On The Product Over And Above What Is Mandated As Per Local Laws', 'Does The Entity Display Product Information On The Product Over And Above What Is Mandated As Per Local Laws', 'Profit Loss For The Period As Per Ind As']",
Does the entity display relevant information on the product labels as per the requirements of national and international drug regulatory bodies,"['Does The Entity Display Product Information On The Product Over And Above What Is Mandated As Per Local Laws', 'Number Of Employees In The Company At The End Of The Financial Year', 'Remarks For Assurance Of Whether The Entity Display Product Information On The Product Over And Above What Is Mandated As Per Local Laws', 'Profit Loss For The Period As Per Indian Gaap', 'Assurer Has Assured Whether The Entity Display Product Information On The Product Over And Above What Is Mandated As Per Local Laws']",
Does the entity have ISO 45001:2018 certification,"['Number Of Certified Emission Rights Under Certification', 'Does The Entity Have ABusiness Continuity And Disaster Management Plan', 'The Entity Does Not Have The Financial Or Human And Technical Resources Available For The Task - Principle2 Member', 'Revenues From Transactions With Other Operating Segments Of The Same Entity', 'Does The Entity Have An Equal Opportunity Policy As Per The Rights Of Persons With Disabilities Act2016', 'Does The Entity Have Procedures In Place For Sustainable Sourcing']",
Does the entity have a business continuity and disaster management plan,"['Assurer Has Assured Whether The Entity Have ABusiness Continuity And Disaster Management Plan', 'Remarks For Assurance Of Whether The Entity Have ABusiness Continuity And Disaster Management Plan', 'Initially Applied Ind A Ss Domain', 'Does The Entity Have ABusiness Continuity And Disaster Management Plan', 'Amount Incurred By Entity For Provision Of Key Management Personnel Services Provided By Separate Management Entity']",
Does the entity have a framework/policy on cybersecurity and risks related to data privacy,"['Does The Entity Have AFramework Or Policy On Cyber Security And Risks Related To Data Privacy', 'Remarks For Assurance Of Whether The Entity Have AFramework Or Policy On Cyber Security And Risks Related To Data Privacy', 'Description Of Risks To Which Plan Exposes Entity', 'Assurer Has Assured Whether The Entity Have AFramework Or Policy On Cyber Security And Risks Related To Data Privacy', 'Transfers Of Research And Development To Entity Related Party Transactions']",
"Does the entity have a plan to lend to MSME? If yes, provide details","['Assurer Has Assured Whether The Entity Have ABusiness Continuity And Disaster Management Plan', 'Remarks For Assurance Of Whether The Entity Have ABusiness Continuity And Disaster Management Plan', 'Description Of Risks To Which Plan Exposes Entity', 'Does The Entity Have ABusiness Continuity And Disaster Management Plan', 'Does The Entity Have Any Project Related To Reducing Green House Gas Emission', 'Description Of Nature Of Necessary Adjustment To Provide Comparative Information']",
Does the entity have a system to finance sustainable projects,"['Initially Applied Ind A Ss Domain', 'Does The Entity Have Any Project Related To Reducing Green House Gas Emission', 'Does The Entity Have Any Sites Or Facilities Identified As Designated Consumers Under The Performance Achieve And Trade Scheme Of The Government Of India', 'Transfers Under Finance Agreements To Entity Related Party Transactions', 'Does The Entity Have Procedures In Place For Sustainable Sourcing', 'The Entity Does Not Have The Financial Or Human And Technical Resources Available For The Task - Principle7 Member']",
Does the entity have a whistleblower policy,"['Does The Entity Have An Anti Corruption Or Anti Bribery Policy', 'Initially Applied Ind A Ss Domain', 'Assurer Has Assured Whether The Entity Have An Equal Opportunity Policy As Per The Rights Of Persons With Disabilities Act2016', 'Revenues From Transactions With Other Operating Segments Of The Same Entity', 'Does The Entity Have An Equal Opportunity Policy As Per The Rights Of Persons With Disabilities Act2016', 'Remarks For Assurance Of Whether The Entity Have An Equal Opportunity Policy As Per The Rights Of Persons With Disabilities Act2016']",
Does the entity have an anti corruption or anti bribery policy,"['Whether Initial Application Of An Ind As Has An Effect On The Current Period Or Any Prior Period', 'Does The Entity Have An Anti Corruption Or Anti Bribery Policy', 'Details For The Entity Have Not Applicable An Anti Corruption Or Anti Bribery Policy Explanatory Text Block', 'Revenues From Transactions With Other Operating Segments Of The Same Entity']",
"Does the entity have any sites/facilities identified as designated consumers under the Performance, Achieve and Tade Scheme of the Government of India? (Y/N) If yes, disclose whether targets set under the PAT scheme have been achieved in case targets have not been achieved, provide the remedial action taken, if any","['Does The Entity Have Any Sites Or Facilities Identified As Designated Consumers Under The Performance Achieve And Trade Scheme Of The Government Of India', 'Disclose Whether Targets Set Under The Pat Scheme Have Been Achieved In Case Targets Have Not Been Achieved Then Provide The Remedial Action Taken Explanatory Text Block', 'Number Of Employees In The Company At The End Of The Financial Year', 'Whether Any Borrowing Costs Has Been Capitalised During The Year']",
Does the entity have procedures in place for sustainable sourcing strategy around sustainable/efficient/responsible supply chain,"['Principal Place Of Business Of Entity Whose Consolidated Financial Statements Have Been Produced For Public Use', 'Remarks For Assurance Of The Entity Have Procedures In Place For Sustainable Sourcing And Percentage Of Inputs Were Sourced Sustainably', 'Information About Ultimate Risk Management Strategy In Relation To Hedging Relationships That Entity Frequently Resets', 'Does The Entity Have Procedures In Place For Sustainable Sourcing']",
Does the entity have stewardship code,"['Does The Entity Have ABusiness Continuity And Disaster Management Plan', 'The Entity Does Not Have The Financial Or Human And Technical Resources Available For The Task - Principle6 Member', 'Product Or Service Category ITC4 Digit Code', 'Revenues From Transactions With Other Operating Segments Of The Same Entity', 'Does The Entity Have An Equal Opportunity Policy As Per The Rights Of Persons With Disabilities Act2016', 'Does The Entity Have Procedures In Place For Sustainable Sourcing']",
"Does the entity have system/mechanism in place to address issues (congestion, indoor coverage, call drops, modernisation and upgrade of data speeds, among others)","['Does The Entity Have AFramework Or Policy On Cyber Security And Risks Related To Data Privacy', 'Complete Postal Address Of Place Of Maintenance Of Computer Servers Storing Accounting Data', 'Does The Entity Have Procedures In Place For Sustainable Sourcing', 'Remarks For Assurance Of The Internal Mechanisms In Place To Redress Grievances Related To Human Rights Issues', 'Principal Place Of Business Of Entity Whose Consolidated Financial Statements Have Been Produced For Public Use', 'Does The Entity Have Processes In Place To Avoid Or Manage Conflict Of Interests Involving Members Of The Board']",
Does the entity implement carbon pricing mechanism/model?,"['Number Of Days Of Accounts Payable - Previous Year', 'Number Of Days Of Accounts Payable', 'Depreciation Method Investment Property Cost Model', 'Description Of Other Inputs To Options Pricing Model Share Options Granted', 'Revenues From Transactions With Other Operating Segments Of The Same Entity']",
Does the organisation conduct training on data privacy and awareness programs for information security to its customers/employees,"['Does The Entity Have AFramework Or Policy On Cyber Security And Risks Related To Data Privacy', 'Remarks For Assurance Of Data Breaches Information Like Number Of Instances Of Data Breaches Along With Impact And Percentage Of Data Breaches Involving Personally Identifiable Information Of Customers', 'Web Link Of The Policy On Cyber Security And Risks Related To Data Privacy', 'Disclosure In Auditors Report Relating To Fraud By The Company Or On The Company By Its Officers Or Its Employees Reported During Period', 'Information About Major Customers']",
Does the organisation have Board Diversity Policy,"['Date Of Signing Board Report', 'Does The Entity Have An Anti Corruption Or Anti Bribery Policy', 'Directors Signing Board Report Domain', 'Does The Entity Have ASpecified Committee Of The Board Or Director Responsible For Decision Making On Sustainability Related Issues', 'Does The Entity Have Processes In Place To Avoid Or Manage Conflict Of Interests Involving Members Of The Board', 'Remarks For Assurance Of Whether The Entity Have ASpecified Committee Of The Board Or Director Responsible For Decision Making On Sustainability Related Issues']",
Does the organisation have opportunities for Paternal leavesWhat all initiatives does the organisation undertake for increase in the retention rate of employees,"['Number Of Employees In The Company At The End Of The Financial Year', 'The Entity Does Not Have The Financial Or Human And Technical Resources Available For The Task - Principle9 Member', 'Retention Rates Permanent Employees That Took Parental Leave - Gender Member', 'Whether These Are In Accordance With The Books Of Accounts Maintained By The Company Explanatory', 'Retention Rates Permanent Employees That Took Parental Leave - Female Member', 'Does The Entity Have Procedures In Place For Sustainable Sourcing']",
Does the organisation report on CDP Disclosure as per Climate Change Module,"['Type Of Assurance For Section AGeneral Disclosures', 'Does The Entity Display Product Information On The Product Over And Above What Is Mandated As Per Local Laws', 'Profit Loss For The Period As Per Ind As', 'Profit Loss For The Period As Per Indian Gaap', 'Disclosure In Auditors Report Explanatory', 'Type Of Assurance For Governance Leadership And Oversight']",
Does your company have a publicly available no deforestation policy or commitment that applies to your company’s operational practices,"['Whether Company Has Written CSR Policy', 'Details Of Waste Management Practices Adopted In Your Establishments And The Strategy Adopted By Company To Reduce Usage Of Hazardous And Toxic Chemicals Explanatory Text Block', 'Does The Entity Have An Equal Opportunity Policy As Per The Rights Of Persons With Disabilities Act2016', 'Whether Information Available In Public Domain - Public Policy2', 'Percentage Of Health And Safety Practices Of Your Plants And Offices That Were Assessed P3', 'Statement That Remuneration Is As Per Remuneration Policy Of Company']",
Does your company offer eSG based products within its non life non health insurance business segment,"['Details Of Your Entitys Policy Or Policies Has Not Applicable Each Principle And Its Core Elements Of The NGRBCs Explanatory Text Block - Principle2 Member', 'Other Non Hazardous Waste Generated', 'Whether There Are Non Adjusting Events After Reporting Period', 'Non Controlling Interest', 'Details Of Your Entitys Policy Or Policies Has Not Applicable Each Principle And Its Core Elements Of The NGRBCs Explanatory Text Block - Principle6 Member', 'Details Of Your Entitys Policy Or Policies Has Not Applicable Each Principle And Its Core Elements Of The NGRBCs Explanatory Text Block - Principle5 Member']",
Existence of management process for ensuring quality and patient safety during clinical trials,"['Type Of Assurance For Policy And Management Processes', 'Safety Security Expenses', 'Type Of Assurance For Section BManagement And Process Disclosures', 'Notes Management And Process Disclosures Explanatory Text Block', 'Description Of Nature Of Regulatory Ratesetting Process', 'Remarks For Assurance Of Health And Safety Management System']",
Fatalities of employees,"['Number Of Permanent Employees On Rolls Of Company', 'Commission Employees', 'Number Of Fatalities - Employees Member - Previous Year', 'Number Of Fatalities - Employees Member']",
Fatalities of workers,"['Name Of State Union Territory Of Place Of Maintenance Of Computer Servers Storing Accounting Data', 'Number Of Fatalities - Workers Member', 'Number Of Fatalities - Workers Member - Previous Year', 'Address Of Registered Office Of Company']",
"Has the company advocated any public policy positions? If yes, provide details","['Web Link Public Policy Position Advocated - Public Policy34', 'Web Link Public Policy Position Advocated - Public Policy38', 'Whether Any Borrowing Costs Has Been Capitalised During The Year', 'Remarks For Assurance Of Details Of Public Policy Positions Advocated By The Entity', 'Web Link Public Policy Position Advocated - Public Policy1', 'Whether Company Has Entered Into Any Lease Agreement', 'Assurance Sub Type For Details Of Public Policy Positions Advocated By The Entity']",
"Has the company identified risk and threats it faces in ensuring the safet and security of its passengers, staff, and assets","['Remarks For Assurance Of Measures Taken By The Entity To Ensure ASafe And Healthy Work Place', 'Number Of Employees In The Company At The End Of The Financial Year', 'Disclosure In Auditors Report Relating To Fraud By The Company Or On The Company By Its Officers Or Its Employees Reported During Period', 'Description Of How Entity Reflects Its Risk Management Strategy By Using Hedge Accounting And Designating Hedging Relationships That It Frequently Resets', 'Whether Total Scope3 Emissions And Its Intensity Is Applicable To The Company', 'Desclosure Of The Processes Used To Identify Work Related Hazards And Assess Risks On ARoutine And Non Routine Basis By The Entity Explanatory Text Block', 'The Entity Has Not Applicable AFramework Or Policy On Cyber Security And Risks Related To Data Privacy Explanatory Text Block']",
Has the company partnered with airframe and tehnology manufacturesre to increase fuel efficiency and reduce environmental impact,"['Whether Company Has Published Sustainability Report For The Financial Year', 'Assurer Has Assured Whether The Entity Compliant With The Applicable Environmental Law', 'Assurance Sub Type For Percentage Of Value Chain Partners By Value Of Business Done With Such Partners That Were Assessed For Environmental Impacts', 'Percentage Of Value Chain Partners By Value Of Business Done With Such Partners That Were Assessed For Environmental Impacts', 'Power And Fuel', 'Remarks For Assurance Of Percentage Of Value Chain Partners By Value Of Business Done With Such Partners That Were Assessed For Environmental Impacts']",
"Has the company taken any corrective action or underway on any issues related to anti competitive model, based on adverse orders from regulatory authorities? If yes, provide details","['Assurance Sub Type For Details Of Corrective Action Taken Or Underway On Any Issues Related To Anti Competitive Conduct By The Entity Based On Adverse Orders From Regulatory Authorities', 'Remarks For Assurance Of Details Of Corrective Action Taken Or Underway On Any Issues Related To Anti Competitive Conduct By The Entity Based On Adverse Orders From Regulatory Authorities', 'Whether Company Has Entered Into Any Lease Agreement', 'Whether Auditors Report Has Been Qualified Or Has Any Reservations Or Contains Adverse Remarks']",
"Has the company taken initiatives to use reusable, recyclable or compostable packagin","['Whether Company Has Published Sustainability Report For The Financial Year', 'Whether The Company Has Undertaken Assessment Or Assurance Of The BRSRCore', 'Assurance Sub Type For Steps Taken To Inform And Educate Consumers About Safe And Responsible Usage Of Products And Or Services', 'Steps Taken To Inform And Educate Consumers About Safe And Responsible Usage Of Products And Or Services Explanatory Text Block', 'Whether The Company Has Undertaken Reasonable Assurance Of The BRSRCore', 'Steps Taken By The Company For Utilising Alternate Sources Of Energy Explanatory']",
Has the company undergone any fines/penalties/punishments/award/compunding fees/settlement amount paid in proceedings with regulators/law enforcement agencies/judicial institution during the financial year,"['Whether Company Has Published Sustainability Report For The Financial Year', 'Assurance Sub Type For Details Of Fines Or Penalties Or Punishment Or Award Or Compounding Fees Or Settlement', 'Whether Any Borrowing Costs Has Been Capitalised During The Year', 'Remarks For Assurance Of Details Of Fines Or Penalties Or Punishment Or Award Or Compounding Fees Or Settlement']",
Has the entity implemented mechanism for Zero Liquid Discharge,"['Whether Company Has Published Sustainability Report For The Financial Year', 'Has The Entity Implemented AMechanism For Zero Liquid Discharge', 'Whether Any Borrowing Costs Has Been Capitalised During The Year', 'Remarks For Assurance Of The Entity Implemented AMechanism For Zero Liquid Discharge', 'Assurance Sub Type For The Entity Implemented AMechanism For Zero Liquid Discharge']",
Has the entity performed audit by DoT and maintain compliance with EMF radiation levels set by local regulations and ICNIRP,"['Remarks For Assurance Of Specific Commitments Goals And Targets Set By The Entity With Defined Timelines', 'Assurance Sub Type For Specific Commitments Goals And Targets Set By The Entity With Defined Timelines', 'Whether Specific Commitments Goals And Targets Set By The Entity With Defined Timelines Is Assured By Assurer', 'Cost Taxes Other Levies By Government Local Authorities', 'Cash And Cash Equivalents Held By Entity Unavailable For Use By Group']",
How are potential security threats and emergencies addressed,"['Safety Security Expenses', 'Remark For Consumer Complaints - Cyber Security Member', 'Web Link Of The Policy On Cyber Security And Risks Related To Data Privacy', 'Steps Taken To Address The Waste Collection Plan Explanatory Text Block', 'Indication Of How Frequently Hedging Relationships Are Discontinued And Restarted', 'Description Of Whether There Are Potential Income Tax Consequences Not Practicably Determinable']",
How did the entity handle aliquots and provide details on reducing aliquots,"['Description Of How Entity Establishes Hedge Ratio And What Sources Of Hedge Ineffectiveness Are', 'Provide The Processes For Consultation Between Stakeholders And The Board On Economic Environmental And Social Topics Or If Consultation Is Delegated How Is Feedback From Such Consultations Provided To The Board Explanatory Text Block', 'Description Of How Entity Determined Maximum Economic Benefit Available', 'Do Human Rights Requirements Form Part Of Your Business Agreements And Contracts', 'Details Of Instances As To How The Inputs Received From Stakeholders On These Topics Were Incorporated Into Policies And Activities Of The Entity Explanatory Text Block']",
How does the company ensure that the minority shareholders effectively protect their interest and rights within company,"['Number Of Employees In The Company At The End Of The Financial Year', 'Number Of Shareholders Of Company', 'Percentage Of Sourced Directly From Within The District And Neighbouring Districts - Previous Year', 'Percentage Of Sourced Directly From Within The District And Neighbouring Districts', 'Whether These Are In Accordance With The Books Of Accounts Maintained By The Company Explanatory', 'Does The Entity Have Processes In Place To Avoid Or Manage Conflict Of Interests Involving Members Of The Board', 'Profit Loss For Period Before Minority Interest']",
How many complaints were filed by employees and workers or employees as a % of number of employees in the current year,"['Number Of Complaints Filed From Stake Holder Group During The Year - Complaint Received From Employees And Workers Member', 'Number Of Employees In The Company At The End Of The Financial Year', 'Number Of Complaints Filed From Stake Holder Group During The Year - Complaint Received From Employees And Workers Member - Previous Year', 'Commission Employees', 'Number Of Complaints Filed During The Year - Working Conditions Complaints Member']",
How many complaints were filed on discrimination at workplace in current year?,"['Whether Subsidiary Has Filed Balance Sheet', 'Number Of Complaints Filed During The Year - Discrimination At Work Place Member', 'Number Of Complaints Pending Resolution At The End Of Year - Discrimination At Work Place Member', 'Amount Provided In Current Year', 'Number Of Complaints Filed During The Year - Discrimination At Work Place Member - Previous Year']",
How many complaints were filed on wages in the current year,"['Number Of Complaints Filed During The Year - Wages Member - Previous Year', 'Number Of Employees In The Company At The End Of The Financial Year', 'Salaries And Wages', 'Number Of Complaints Filed During The Year - Health Safety Complaints Member', 'Number Of Complaints Filed During The Year - Wages Member']",
How many labs are NABL accredited,"['Description Of How Entity Establishes Hedge Ratio And What Sources Of Hedge Ineffectiveness Are', 'Waste Intensity The Relevant Metric May Be Selected By The Entity', 'Indication Of How Frequently Hedging Relationships Are Discontinued And Restarted', 'Water Intensity The Relevant Metric May Be Selected By The Entity', 'Waste Intensity The Relevant Metric May Be Selected By The Entity - Previous Year']",
How many patents were filed and granted during the current year,"['Information Whether And How Other Features Were Incorporated Into Measurement Of Fair Value Share Options Granted', 'Whether Any Borrowing Costs Has Been Capitalised During The Year', 'Number Of Complaints Filed During The Year - Wages Member', 'Number Of Complaints Filed During The Year - Otherhumanrightsrelatedissues Member']",
How much was the Water intensity in Current Year (in kilolitres) for physical output?,"['Top Ten Employed Throughout The Financial Year Was In Receipt Of Remuneration In Aggregate For That Year Not Less Than One Crore And Two Lakh Rupees Explanatory', 'Cost Water Charges', 'Water Intensity In Term Of Physical Output', 'Energy Intensity In Term Of Physical Output', 'Water Intensity In Term Of Physical Output - Previous Year']",
How much was the hazardous waste for the current year (in metric tonnes)?,"['Whether Company Has Published Sustainability Report For The Financial Year', 'Other Hazardous Waste - Previous Year', 'Waste Intensity The Relevant Metric May Be Selected By The Entity - Previous Year', 'Number Of Employees In The Company At The End Of The Financial Year', 'Total Waste Recovered', 'Amount Of Recycled - Hazardous Waste Member', 'Waste Recovered Through Recycled']",
ISO 13485,"['Water Discharge To Groundwater With Out Treatment Per Area - Facility Or Plant Located In Areas Of Water Stress Domain5', 'ISO Country Code Of Place Of Maintenance Of Computer Servers Storing Accounting Data', 'Web Link Public Policy Position Advocated - Public Policy38', 'Corporate Identity Number', 'Date Of Board Of Directors Meeting In Which Board Report Referred To Under Section 134 Was Approved', 'Accounting Estimates Domain']",
ISO 22000 FSSC,"['Water Discharge To Groundwater With Out Treatment Per Area - Facility Or Plant Located In Areas Of Water Stress Domain5', 'ISO Country Code Of Place Of Maintenance Of Computer Servers Storing Accounting Data', 'Web Link Public Policy Position Advocated - Public Policy38', 'CompanyName', 'Disclosure In Auditors Report Relating To Compliance With Section 185 And 186 Of Companies Act 2013', 'Accounting Estimates Domain']",
ISO 9001:2015 certification,"['Number Of Certified Emission Rights Under Certification', 'Name Of The National And International Codes Or Certifications Or Labels Or Standards Adopted By Your Entity And Mapped To Each Principle Explanatory Text Block - Principle1 Member', 'ISO Country Code Of Place Of Maintenance Of Computer Servers Storing Accounting Data', 'Remarks For Assurance Of Name Of The National And International Codes Or Certifications Or Labels Or Standards Adopted By Your Entity And Mapped To Each Principle', 'Assurance Sub Type For Name Of The National And International Codes Or Certifications Or Labels Or Standards Adopted By Your Entity And Mapped To Each Principle']",
Independence of Chairperson of committee (Audit),"['Number Of Days Of Accounts Payable - Previous Year', 'Number Of Days Of Accounts Payable', 'Disclosure Of Composition Of Audit Committee And Non Acceptance Of Any Recommendation Of Audit Committee Along With Reasons Explanatory', 'Name Of Audit Firm', 'Disclosure Of Composition Of CSR Committee Text Block', 'Amount Of Accounts Payable During The Year']",
Independence of Chairperson of committee (NRC),"['Disclosure Of Composition Of CSR Committee Explanatory', 'Disclosure Of Composition Of Audit Committee And Non Acceptance Of Any Recommendation Of Audit Committee Along With Reasons Explanatory', 'Description Of Other Committee For Compliance With Statutory Requirements Of Relevance To The Principles And Rectification - Principle5 Member', 'Description Of Other Committee For Compliance With Statutory Requirements Of Relevance To The Principles And Rectification - Principle1 Member', 'Description Of Other Committee For Compliance With Statutory Requirements Of Relevance To The Principles And Rectification - Principle4 Member', 'Disclosure Of Composition Of CSR Committee Text Block']",
Independence of Chairperson of committee (risk management),"['Number Of Female Key Management Personnel', 'Whether You Have Processes For Workers To Report The Work Related Hazards And To Remove Themselves From Such Risks', 'Disclosure Of Risk Management Strategy Related To Hedge Accounting Explanatory', 'Explanation Of Risk Management Strategy Related To Hedge Accounting Explanatory', 'Desclosure Of The Processes Used To Identify Work Related Hazards And Assess Risks On ARoutine And Non Routine Basis By The Entity Explanatory Text Block']",
Is company using sustainable alternative fuels liek SAF in its fleet,"['Shares In Company Held By Subsidiaries Of Its Holding Company', 'Whether Company Is Listed Company', 'It Is Planned To Be Done In The Next Financial Year - Principle7 Member', 'It Is Planned To Be Done In The Next Financial Year - Principle9 Member', 'It Is Planned To Be Done In The Next Financial Year - Principle8 Member', 'Shares In Company Held By Associates Of Its Holding Company']",
Is the chairperson of the board an independent director?,"['Name Of Stock Exchange Where The Company Is Listed', 'Whether The Processes For Consultation Between Stakeholders And The Board On Economic Environmental And Social Topics Or If Consultation Is Delegated How Is Feedback From Such Consultations Provided To The Board Is Assured By Assurer', 'Does The Entity Have ASpecified Committee Of The Board Or Director Responsible For Decision Making On Sustainability Related Issues', 'Total Number Of Board Of Directors', 'Whether Initial Application Of An Ind As Has An Effect On The Current Period Or Any Prior Period', 'Number Of Female Board Of Directors']",
Is the company adhering to Food Safety Standards and Processes,"['Name Of Stock Exchange Where The Company Is Listed', 'Safety Security Expenses', 'It Is Planned To Be Done In The Next Financial Year - Principle5 Member', 'Processes For Workers To Report The Work Related Hazards And To Remove Themselves From Such Risks Is Not Applicable Explanatory Text Block', 'It Is Planned To Be Done In The Next Financial Year - Principle3 Member', 'Whether Total Scope3 Emissions And Its Intensity Is Applicable To The Company', 'It Is Planned To Be Done In The Next Financial Year - Principle6 Member']",
Is the company aligned with SDGs? Does the company set targets according  to SDGs,"['Whether Specific Commitments Goals And Targets Set By The Entity With Defined Timelines Is Assured By Assurer', 'Name Of Stock Exchange Where The Company Is Listed', 'Whether These Are In Accordance With The Books Of Accounts Maintained By The Company Explanatory', 'Remarks For Assurance Of Specific Commitments Goals And Targets Set By The Entity With Defined Timelines']",
Is the company currently operating/deploying low carbon fleet (EVs or other vehicles) in its logistics business or do they have a plan to shift current feet to low carbon alternative fleet,"['Shares In Company Held By Holding Company Or Ultimate Holding Company Or By Its Subsidiaries Or Associates', 'Do You Have AFocal Point Responsible For Addressing Human Rights Impacts Or Issues Caused Or Contributed To By The Business', 'Disclosure In Auditors Report Relating To Fraud By The Company Or On The Company By Its Officers Or Its Employees Reported During Period', 'It Is Planned To Be Done In The Next Financial Year - Principle6 Member']",
"Is the company exposed to animal products and are these certified or accredited by one or more independent third party? If yes, does the company demand or monitor such certification or accreditation from its suppliers?","['Disclosure In Auditors Report Relating To Fraud By The Company Or On The Company By Its Officers Or Its Employees Reported During Period', 'Whether These Are In Accordance With The Books Of Accounts Maintained By The Company Explanatory', 'Whether Weblink Where Information On Products And Services Of The Entity Can Be Accessed Is Assured By Assurer', 'Whether APreferential Procurement Policy Where Preference To Purchase From Suppliers Comprising Marginalized Or Vulnerable Groups And Its Percentage Of Total Procurement By Value Does It Constitute Is Assured By Assurer']",
Is the company fulfilling International Maritime Organisation - MARPOL Air Pollution prevention guidelines,"['Name Of Stock Exchange Where The Company Is Listed', 'Whether Company Is Listed Company', 'Whether The Waste Collection Plan Is In Line With The Extended Producer Responsibility Plan Submitted To Pollution Control Boards', 'Whether Details Of Air Emissions Other Than Ghg Emissions By The Entity Is Applicable To The Company', 'Type Of Assurance For Governance Leadership And Oversight']",
Is the company investing in new generation aircraft fleet? Has the number increased as compared to previous year?,"['Whether Company Has Published Sustainability Report For The Financial Year', 'Number Of Employees In The Company At The End Of The Financial Year', 'Percentage Of Investments In Related Parties In Total Investments - Previous Year', 'Average Number Of Female Employees Or Workers At The Beginning Of The Year And As At End Of The Year - Previous Year', 'Whether CSRIs Applicable As Per Section135 Of Companies Act2013']",
Is the company manufacturing any energy efficient products or is spending on R&D for manufacturing such products in near future?,"['Percentage Of RAnd D - Previous Year', 'Products And Services Domain', 'Whether The Products And Packaging Reclaimed At End Of Life Of Products Amount Reused Or Recycled Or Safely Disposed Is Assured By Assurer', 'Whether Products Or Services Sold By The Entity Accounting For Ninety Percent Of The Turnover Is Assured By Assurer', 'Percentage Of RAnd D', 'Steps Taken By The Company For Utilising Alternate Sources Of Energy Explanatory']",
Is the company manufacturing sustainable/eco-friendly paint/coatings,"['Name Of Stock Exchange Where The Company Is Listed', 'Whether The Processes For Identifying Key Stakeholder Groups Of The Entity Is Assured By Assurer', 'Whether Company Is Listed Company', 'Whether The Entity Have Procedures In Place For Sustainable Sourcing And Percentage Of Inputs Were Sourced Sustainably Is Assured By Assurer', 'Does The Entity Have Procedures In Place For Sustainable Sourcing']",
Is the company offering e-learning courses/certifications to its students,"['Name Of Stock Exchange Where The Company Is Listed', 'Whether EMail Of The Company Is Assured By Assurer', 'It Is Planned To Be Done In The Next Financial Year - Principle2 Member', 'Whether Details Of Green House Gas Emissions And Its Intensity Is Applicable To The Company', 'Disclosure In Auditors Report Relating To Fraud By The Company Or On The Company By Its Officers Or Its Employees Reported During Period', 'Whether Total Scope3 Emissions And Its Intensity Is Applicable To The Company', 'It Is Planned To Be Done In The Next Financial Year - Principle4 Member']",
Is the company promoting local tourism,"['Amount Spent In Local Area', 'Name Of Stock Exchange Where The Company Is Listed', 'Does The Entity Display Product Information On The Product Over And Above What Is Mandated As Per Local Laws', 'Whether Company Is Listed Company', 'Assurer Has Assured Whether The Entity Display Product Information On The Product Over And Above What Is Mandated As Per Local Laws', 'Percentage Of Loans And Advances Given To Related Parties In Total Loans And Advances']",
"Is the company sourcing raw materials from the certified sustainable sources (such as global GAP, RSPO, Rainforest, FSC)","['Raw Materials Consumed', 'Whether The Entity Have Procedures In Place For Sustainable Sourcing And Percentage Of Inputs Were Sourced Sustainably Is Assured By Assurer', 'Description Of Raw Materials Category', 'Does The Entity Have Procedures In Place For Sustainable Sourcing', 'Steps Taken By The Company For Utilising Alternate Sources Of Energy Explanatory']",
Is the company using low carbon vehicle and equipments in its ports to carry out operations,"['Vehicle Running Expenses', 'Whether Details Of Green House Gas Emissions And Its Intensity Is Applicable To The Company', 'Disclosure In Auditors Report Relating To Fraud By The Company Or On The Company By Its Officers Or Its Employees Reported During Period', 'It Is Planned To Be Done In The Next Financial Year - Principle7 Member', 'Whether Total Scope3 Emissions And Its Intensity Is Applicable To The Company', 'It Is Planned To Be Done In The Next Financial Year - Principle6 Member']",
Is the company using sustainable material in its typre (also state the ttype of material used) or has committed to use sustainable material in typres,"['Material Cost Contract', 'Whether The Entity Has Undertaken Any Specific Initiatives Or Used Innovative Technology Or Solutions To Improve Resource Efficiency Is Assured By Assurer', 'Recycled Or Re Used In Put Material To Total Material - Recycled Or Reused Input Material Used In Production Or Providing Services Domain2', 'It Is Planned To Be Done In The Next Financial Year - Principle5 Member', 'Disclosure In Auditors Report Relating To Fraud By The Company Or On The Company By Its Officers Or Its Employees Reported During Period', 'Remarks For Assurance Of The Entity Has Undertaken Any Specific Initiatives Or Used Innovative Technology Or Solutions To Improve Resource Efficiency', 'Recycled Or Re Used In Put Material To Total Material - Recycled Or Reused Input Material Used In Production Or Providing Services Domain8']",
Is the company’s training centre for its seafarers certified or has got validated by any institution,"['Whether The Entity Has Undertaken Any Specific Initiatives Or Used Innovative Technology Or Solutions To Improve Resource Efficiency Is Assured By Assurer', 'Assurer Has Assured Whether The Entity Conducted Life Cycle Perspective Or Assessments For Any Of Its Products Or For Its Services', 'Disclosure In Auditors Report Relating To Fraud By The Company Or On The Company By Its Officers Or Its Employees Reported During Period', 'Has The Entity Conducted Life Cycle Perspective Or Assessments For Any Of Its Products Or For Its Services', 'Training Recruitment Expenses']",
Is the education institute providing placement assistance to its students,"['Education Cess Pertaining To Exploration And Production Activities', 'Disclosure In Auditors Report Relating To Fraud By The Company Or On The Company By Its Officers Or Its Employees Reported During Period', 'It Is Planned To Be Done In The Next Financial Year - Principle7 Member', 'It Is Planned To Be Done In The Next Financial Year - Principle8 Member', 'It Is Planned To Be Done In The Next Financial Year - Principle3 Member', 'Whether Total Scope3 Emissions And Its Intensity Is Applicable To The Company']",
"Is the entity compliant with the appliacble environmental law/regulations/guidelines for India; such as the Water (Prevention and Control of Pollution) Act, AIr (Prevention and Control of Pollution) Act, Environmental protection act and rules thereunder (Y/N). If not, provide details of all such non compliances","['Operating And Maintenance Cost Of Emission And Other Pollution Reduction Equipments', 'Is The Entity Compliant With The Applicable Environmental Law', 'Number Of Employees In The Company At The End Of The Financial Year', 'Remarks For Assurance Of Whether The Entity Compliant With The Applicable Environmental Law', 'Provide Details Of The Non Compliance - Law Or Regulation Or Guidelines6', 'Provide Details Of The Non Compliance - Law Or Regulation Or Guidelines7']",
"Is the forestland certified as per international sustainable forest management standards such as FSC, PEFC, SFI","['Whether Measures Taken By The Entity To Ensure ASafe And Healthy Work Place Is Assured By Assurer', 'Profit Loss For The Period As Per Ind As', 'Number Of Certified Emission Rights Held As Inventory', 'Profit Loss For The Period As Per Indian Gaap', 'Whether Name Of The National And International Codes Or Certifications Or Labels Or Standards Adopted By Your Entity And Mapped To Each Principle Is Assured By Assurer', 'Equity As Per Ind As']",
Is the independent director paid commissions/incentives other than the board sitting fees,"['Number Of Board Of Directors For Remuneration Or Salary Or Wages - Other Gender Member', 'Details Of Specified Committee Of The Board Or Director Responsible For Decision Making On Sustainability Related Issues Explanatory Text Block', 'Directors Sitting Fees', 'Does The Entity Have ASpecified Committee Of The Board Or Director Responsible For Decision Making On Sustainability Related Issues', 'Sitting Fees Key Managerial Personnel Or Director']",
Is the manufacturing smart farm equipments/machinery,"['Capital Investment On Energy Conservation Equipments', 'It Is Planned To Be Done In The Next Financial Year - Principle4 Member', 'It Is Planned To Be Done In The Next Financial Year - Principle8 Member', 'Repairs To Machinery']",
Is the variable pay of executives linked to sustainability or ESG parameters,"['Whether Company Has Published Sustainability Report For The Financial Year', 'Whether Statement By Director Responsible For The Business Responsibility Report Highlighting ESGRelated Challenges Targets And Achievements Is Assured By Assurer', 'Name Of Stock Exchange Where The Company Is Listed', 'Details Of Specified Committee Of The Board Or Director Responsible For Decision Making On Sustainability Related Issues Explanatory Text Block', 'Environmental And Social Parameters Relevant To The Product As APercentage To Total Turnover']",
Is the whistleblower policy applicable to value chain,"['Whether Cash Flow Statement Is Applicable On Company', 'The Enlisted Policies Do Not Applicable Extend To Your Value Chain Partners Explanatory Text Block - Principle1 Member', 'The Enlisted Policies Do Not Applicable Extend To Your Value Chain Partners Explanatory Text Block - Principle6 Member', 'The Enlisted Policies Do Not Applicable Extend To Your Value Chain Partners Explanatory Text Block - Principle7 Member', 'Whether Secretarial Audit Report Is Applicable On Company', 'The Enlisted Policies Do Not Applicable Extend To Your Value Chain Partners Explanatory Text Block - Principle5 Member']",
Is there a claw back mechanism/policy for senior management/KMP,"['Type Of Assurance For Policy And Management Processes', 'Whether There Is Any Business Combination', 'Whether There Is Any Voluntary Change In Accounting Policy', 'Is There AMechanism Available To Receive And Redress Grievances For Permanent Workers', 'Is There AMechanism Available To Receive And Redress Grievances For Permanent Employees']",
Is there a disclosure regarding the energy management system? ISO 50001 Certification,"['Whether There Is Any Change In Functional Currency During The Year', 'Whether Health And Safety Management System Is Assured By Assurer', 'Disclosure Web Link Of Entity At Which Business Continuity And Disaster Management Plan Is Placed', 'Details Regarding Energy Conservation']",
Is there a policy on related party transactions,"['Percentage Of Sales To Related Parties In Total Sales For Share Of Related Party Transactions', 'Amounts Receivable Related Party Transactions', 'Whether There Are Any Related Party Transactions During Year', 'Percentage Of Purchases From Related Parties In Total Purchases For Share Of Related Party Transactions', 'Settlement Of Liabilities On Behalf Of Entity By Related Party Related Party Transactions']",
Is there a robust supplier assessment done by the company to avoid any conflicts with ESG requirements/sustainability/ESG assessment for suppliers,"['Whether Company Has Published Sustainability Report For The Financial Year', 'Description Of Intangible Assets With Indefinite Useful Life Supporting Assessment Of Indefinite Useful Life', 'Whether There Is Any Business Combination', 'Whether Compliance With Statutory Requirements Of Relevance To The Principles And Rectification Of Any Non Compliances Is Assured By Assurer', 'Whether The Entity Have Processes In Place To Avoid Or Manage Conflict Of Interests Involving Members Of The Board Is Assured By Assurer', 'Does The Entity Have Processes In Place To Avoid Or Manage Conflict Of Interests Involving Members Of The Board']",
Is there any commitment or plan to shift to alternate fuels such as SAF,"['Whether There Is Any Departure From Ind AS', 'Whether There Is Any Business Combination', 'Is There AMechanism Available To Receive And Redress Grievances For Permanent Employees', 'Is There AMechanism Available To Receive And Redress Grievances For Permanent Workers']",
Is there presence of offices/manufacturing facilities in ecologically sensitive areas,"['Disclosure Of Geographical Areas Explanatory', 'Description How There Is Significant Influence In Associate', 'Whether Details Of Operations Or Offices In Or Around Ecologically Sensitive Areas Where Environmental Approvals Or Clearances Are Required Is Assured By Assurer', 'Remarks For Assurance Of Details Of Operations Or Offices In Or Around Ecologically Sensitive Areas Where Environmental Approvals Or Clearances Are Required']",
Is your company a signatory/participant of the United Nations Global Compact,"['Name Of Stock Exchange Where The Company Is Listed', 'Whether Company Is Listed Company', 'Number Of Countries Where Market Served By The Entity', 'Initially Applied Ind A Ss Domain', 'Whether Details Of The Stock Exchange Where The Company Is Listed Is Assured By Assurer', 'Country Of Other Stock Exchange - Stock Exchange3']",
N-CAP Rating of 4 or 5 star?,"['Statement Showing Details Of Employees Of Company Under Sub Rule 2 And 3 Of Rule 5 Of Companies Appointment And Remuneration Of Managerial Personnels Rules 2014 Explanatory', 'State Of CSRProjects Undertaken - CSRProjects Undertaken7', 'NOx', 'Disclosure As Per Sub Rule 5 Of Rule 8 Of Companies Accounts Rules 2014 Explanatory', 'NOx - Previous Year']",
Number of complaints filed by community stakeholders,"['Whether Subsidiary Has Filed Balance Sheet', 'Number Of Complaints Filed From Stake Holder Group During The Year - Complaint Received From Communities Member', 'Number Of Complaints Filed During The Year - Health Safety Complaints Member', 'Number Of Complaints Filed From Stake Holder Group During The Year - Complaint Received From Communities Member - Previous Year', 'Number Of Complaints Filed During The Year - Working Conditions Complaints Member', 'Number Of Shares Held By Mutual Funds']",
Number of complaints on PSH as a % of female employees/workers for current year,"['Number Of Trained Employees Or Workers - Female Member - On Skill Upgradation Member - Workers Member', 'Number Of Employees In The Company At The End Of The Financial Year', 'Average Number Of Female Employees Or Workers At The Beginning Of The Year And As At End Of The Year', 'Number Of Trained Employees Or Workers - Female Member - On Skill Upgradation Member - Workers Member - Previous Year', 'Number Of Permanent Employees On Rolls Of Company', 'Number Of Female Employees Or Workers - Previous Year']",
Number of complaints received in relation to issues of conflict of interest of the directors/KMPs,"['Number Of Complaints Received In Relation To Issues Of Conflict Of Interest Of The KMPs', 'Number Of Other Issues Of Shares', 'Number Of Employees In The Company At The End Of The Financial Year', 'Number Of Complaints Received In Relation To Issues Of Conflict Of Interest Of The Directors', 'Number Of Complaints Received In Relation To Issues Of Conflict Of Interest Of The KMPs - Previous Year']",
Number of directors against whom disciplinary action was taken by any law enforcement agency for the charges of bribery/corruption,"['Steps Taken By The Company For Utilising Alternate Sources Of Energy Explanatory', 'Remarks For Assurance Of Number Of Directors Or KMPs Or Employees Or Workers Against Whom Disciplinary Action Was Taken By Any Law Enforcement Agency For The Charges Of Bribery Or Corruption', 'Details Of Implementing Agency', 'Assurance Sub Type For Number Of Directors Or KMPs Or Employees Or Workers Against Whom Disciplinary Action Was Taken By Any Law Enforcement Agency For The Charges Of Bribery Or Corruption']",
Number of directorships of all board members,"['Total Number Of Training And Awareness Programs Held - Board Of Directors Segment Member', 'Names Of All Partners In Partnership Firm', 'Total Number Of Board Of Directors', 'Number Of Female Board Of Directors', 'Number Of Meetings Of Board']",
Number of employees against whom disciplinary action was taken by any law enforcement agency for the charges of bribery/corruption,"['Number Of Employees In The Company At The End Of The Financial Year', 'Steps Taken By The Company For Utilising Alternate Sources Of Energy Explanatory', 'Remarks For Assurance Of Number Of Directors Or KMPs Or Employees Or Workers Against Whom Disciplinary Action Was Taken By Any Law Enforcement Agency For The Charges Of Bribery Or Corruption', 'Assurance Sub Type For Number Of Directors Or KMPs Or Employees Or Workers Against Whom Disciplinary Action Was Taken By Any Law Enforcement Agency For The Charges Of Bribery Or Corruption']",
Number of independent directors in CSR committee,"['Disclosure Responsibility Statement Of CSR Committee That Implementation And Monitoring Of CSR Policy Is In Compliance With CSR Policy Of Company', 'Disclosure Of Composition Of CSR Committee Explanatory', 'Number Of Complaints Received In Relation To Issues Of Conflict Of Interest Of The Directors', 'Total Number Of Board Of Directors', 'Number Of Female Board Of Directors', 'Disclosure Of Composition Of CSR Committee Text Block']",
Number of independent directors in risk management committee,"['Number Of Female Key Management Personnel', 'Information About Ultimate Risk Management Strategy In Relation To Hedging Relationships That Entity Frequently Resets', 'Reappointment Of Independent Directors As Per Section 14910 Explanatory', 'Total Number Of Board Of Directors', 'Number Of Female Board Of Directors', 'Total Number Of Key Management Personnel']",
Number of independent women directors on the board,"['Reappointment Of Independent Directors As Per Section 14910 Explanatory', 'Directors Signing Board Report Domain', 'Total Number Of Board Of Directors', 'Number Of Female Board Of Directors', 'Percentage Of Female Board Of Directors']",
Number of pending consumer compliant on unfair trade practices,"['Trade Payables', 'Share Application Money Pending Allotment', 'Consumer Complaints Pending Resolution At End Of Year - Unfair Trade Practices Member', 'Remark For Consumer Complaints - Unfair Trade Practices Member', 'Consumer Complaints Pending Resolution At End Of Year - Unfair Trade Practices Member - Previous Year']",
Number of whistle blower complaints filed in the current year,"['Whether Subsidiary Has Filed Balance Sheet', 'Number Of Complaints Filed During The Year - Working Conditions Complaints Member', 'Number Of Complaints Filed During The Year - Health Safety Complaints Member', 'Number Of Employees In The Company At The End Of The Financial Year']",
Number of women directors on the board,"['Directors Signing Board Report Domain', 'Total Number Of Board Of Directors', 'Number Of Board Of Directors For Remuneration Or Salary Or Wages - Female Member', 'Number Of Female Board Of Directors', 'Percentage Of Female Board Of Directors', 'Number Of Meetings Of Board']",
Number of workers against whom disciplinary action was taken by any law enforcement agency for the charges of bribery/corruption,"['Number Of Workers Against Whom Disciplinary Action Was Taken', 'Number Of Directors Against Whom Disciplinary Action Was Taken', 'Remarks For Assurance Of Number Of Directors Or KMPs Or Employees Or Workers Against Whom Disciplinary Action Was Taken By Any Law Enforcement Agency For The Charges Of Bribery Or Corruption', 'Assurance Sub Type For Number Of Directors Or KMPs Or Employees Or Workers Against Whom Disciplinary Action Was Taken By Any Law Enforcement Agency For The Charges Of Bribery Or Corruption', 'Details Of Implementing Agency', 'Steps Taken By The Company For Utilising Alternate Sources Of Energy Explanatory']",
Pay parity between male and female employees,"['Description Of Link Between Reimbursement Right And Related Obligation', 'Number Of Employees Or Workers Related To Minimum Wages - Equal To Minimum Wage Member - Female Member - Permanent Employees Member', 'Number Of Trained Employees Or Workers - Male Member - Total Employees And Workers Member - Employees Member', 'Number Of Trained Employees Or Workers - Female Member - Total Employees And Workers Member - Employees Member', 'Commission Employees', 'Number Of Employees Or Workers Related To Minimum Wages - Total Minimum Wages Member - Female Member - Permanent Employees Member']",
Pending resolution of complaints as a % of total complaints filed by employees and workers pertaining to working conditions,"['Explanation Of Unfulfilled Conditions And Other Contingencies Attaching To Government Assistance', 'Number Of Complaints Pending Resolution At The End Of Year - Working Conditions Complaints Member', 'Number Of Complaints Pending Resolution At The End Of Year - Working Conditions Complaints Member - Previous Year', 'Terms And Conditions Of Shares Pending Allotment']",
Percentage of CSR obligation spent (CSR spent/CSR obligation),"['Amount CSR Spent For Financial Year', 'Percentage Of Total Turnover For Business Activities - Details Of Business Activities Accounting For Ninety Percent Of The Turnover Domain3', 'Percentage Of Total Turnover For Business Activities - Details Of Business Activities Accounting For Ninety Percent Of The Turnover Domain7', 'Percentage Of Total Turnover For Business Activities - Details Of Business Activities Accounting For Ninety Percent Of The Turnover Domain1', 'CSR Expenditure', 'Amount CSR To Be Spent For Financial Year']",
Percentage of capital expenditure investments in specific technologies to improve the environmental and social impacts of products and processes to total capex,"['Assurance Sub Type For Percentage Of RAnd DAnd Capital Expenditure Investments In Specific Technologies', 'Remarks For Assurance Of Percentage Of RAnd DAnd Capital Expenditure Investments In Specific Technologies', 'Percentage Of Capital Reduction To Capital Prior To Reduction', 'Percentage To Total Turnover Of Company', 'Details Of Improvements In Environmental And Social Impacts Due To Capex']",
Percentage of energy consumed from renewable sources?,"['Total Energy Consumed From Renewable Sources', 'Total Energy Consumed From Non Renewable Sources', 'Raw Materials Consumed', 'Steps Taken By The Company For Utilising Alternate Sources Of Energy Explanatory']",
Percentage of independent directors in audit committee,"['Number Of Days Of Accounts Payable', 'Disclosure Of Composition Of Audit Committee And Non Acceptance Of Any Recommendation Of Audit Committee Along With Reasons Explanatory', 'Percentage Of Persons In Respective Category Covered By The Awareness Programmes - Board Of Directors Segment Member', 'Reappointment Of Independent Directors As Per Section 14910 Explanatory', 'Directors Comment On Company Secretary Qualification Or Observation Or Other Remarks In Secretarial Audit Report', 'Percentage Of Female Board Of Directors']",
Percentage of independent directors in nomination and remuneration committee,"['Median Of Remuneration Or Salary Or Wages Of Board Of Directors - Female Member', 'Median Of Remuneration Or Salary Or Wages Of Board Of Directors - Male Member', 'Disclosure Of Policy Formulated By Nomination And Remuneration Committee Relating To Remuneration For Directors Key Managerial Personnels And Other Employees Explanatory', 'Remuneration To Directors']",
Percentage of independent directors on the board,"['Details Of Specified Committee Of The Board Or Director Responsible For Decision Making On Sustainability Related Issues Explanatory Text Block', 'Reappointment Of Independent Directors As Per Section 14910 Explanatory', 'Percentage Of Female Board Of Directors', 'Directors Signing Board Report Domain']",
Percentage of non audit fees as compared to total audit fees,"['Recycling And Or Safe Disposal As APercentage To Total Turnover', 'Registration Filing Fees', 'Subscriptions Membership Fees', 'Custodial Fees', 'Safe And Responsible Usage As APercentage To Total Turnover']",
Percentage of plants and offices that were assessed (by entity or statutory authorities or third parties) with respect to health and safety practices?,"['Percentage Of Paid Up Capital Held By Foreign Holding Company And Or With Its Subsidiaries', 'Compensation From Third Parties For Items Of Property Plant And Equipment', 'Percentage Of Wages Of Your Plants And Offices That Were Assessed P5', 'Percentage Of Discrimination At Work Place Of Your Plants And Offices That Were Assessed P5', 'Percentage Of Health And Safety Practices Of Your Plants And Offices That Were Assessed P3']",
Percentage of recycled or reused input material used in production (for manufacturing industry) or providing services (for service industry),"['Type Of Industry', 'Indicate In Put Material - Recycled Or Reused Input Material Used In Production Or Providing Services Domain1', 'Indicate In Put Material - Recycled Or Reused Input Material Used In Production Or Providing Services Domain3', 'Quantity Of Highest Contributing Product Or Service In Uom', 'Remarks For Assurance Of Details Of Percentage Of Recycled Or Reused Input Material To Total Material By Value Used In Production Or Providing Services', 'Indicate In Put Material - Recycled Or Reused Input Material Used In Production Or Providing Services Domain8']",
Percentage of subject matter experts appointed in the Audit Committee,"['Particulate Matter', 'Disclosure Of Composition Of Audit Committee And Non Acceptance Of Any Recommendation Of Audit Committee Along With Reasons Explanatory', 'Percentage Increase In Remuneration Of Director Or Managerial Personnel In The Financial Year', 'Cost Of Goods Or Services Procured During The Year']",
Percentage of total other than permanent employees covered by health insurance,"['Percentage Of Well Being Of Employees Or Workers - Other Gender Member - Health Insurance Member - Other Than Permanent Employees Member', 'Percentage Of Well Being Of Employees Or Workers - Male Member - Health Insurance Member - Other Than Permanent Employees Member', 'Percentage Of Well Being Of Employees Or Workers - Female Member - Health Insurance Member - Other Than Permanent Employees Member', 'Percentage Of Total Shares Held', 'Percentage Of Shares Held By Insurance Companies']",
Percentage of total other than permanent workers covered by health insurance,"['Percentage Of Well Being Of Employees Or Workers - Male Member - Health Insurance Member - Other Than Permanent Workers Member', 'Percentage Of Well Being Of Employees Or Workers - Other Gender Member - Health Insurance Member - Other Than Permanent Workers Member', 'Percentage Of Persons In Respective Category Covered By The Awareness Programmes - Workers Segment Member', 'Details Of Mechanism Available To Receive And Redress Grievances For Other Than Permanent Workers Explanatory Text Block', 'Percentage Of Total Shares Held', 'Percentage Of Shares Held By Insurance Companies']",
Percentage of total permanent employees covered by accident insurance,"['Percentage Of Well Being Of Employees Or Workers - Female Member - Accident Insurance Member - Permanent Employees Member', 'Percentage Of Well Being Of Employees Or Workers - Male Member - Accident Insurance Member - Permanent Employees Member', 'Percentage Of Well Being Of Employees Or Workers - Gender Member - Accident Insurance Member - Permanent Employees Member', 'Percentage Of Total Shares Held', 'Percentage Of Shares Held By Insurance Companies']",
Percentage of total permanent employees covered by health insurance,"['Percentage Of Well Being Of Employees Or Workers - Male Member - Health Insurance Member - Permanent Employees Member', 'Percentage Of Well Being Of Employees Or Workers - Female Member - Health Insurance Member - Permanent Employees Member', 'Percentage Of Well Being Of Employees Or Workers - Gender Member - Health Insurance Member - Permanent Employees Member', 'Percentage Of Total Shares Held', 'Percentage Of Shares Held By Insurance Companies']",
Percentage of total permanent workers covered by health insurance,"['Percentage Of Well Being Of Employees Or Workers - Male Member - Health Insurance Member - Permanent Workers Member', 'Remarks For Assurance Of Whether Your Entitys Policy Or Policies Cover Each Principle And Its Core Elements Of The NGRBCs', 'Percentage Of Persons In Respective Category Covered By The Awareness Programmes - Workers Segment Member', 'Percentage Of Well Being Of Employees Or Workers - Female Member - Health Insurance Member - Permanent Workers Member', 'Percentage Of Total Shares Held', 'Percentage Of Shares Held By Insurance Companies']",
Percentage of workers or employees in association(s) or unions recognised by the listed entity,"['Number Of Employees In The Company At The End Of The Financial Year', 'Whether Membership Of Employees And Worker In Associations Or Unions Recognised By The Listed Entity Is Assured By Assurer', 'Disclosure In Auditors Report Relating To Fraud By The Company Or On The Company By Its Officers Or Its Employees Reported During Period', 'Assurance Sub Type For Membership Of Employees And Worker In Associations Or Unions Recognised By The Listed Entity', 'Remarks For Assurance Of Membership Of Employees And Worker In Associations Or Unions Recognised By The Listed Entity']",
Presence of ISO 14001:2015 certifications,"['Remarks For Assurance Of Name Of The National And International Codes Or Certifications Or Labels Or Standards Adopted By Your Entity And Mapped To Each Principle', 'ISO Country Code Of Place Of Maintenance Of Computer Servers Storing Accounting Data', 'Address Of Registered Office Of Company', 'Assurance Sub Type For Name Of The National And International Codes Or Certifications Or Labels Or Standards Adopted By Your Entity And Mapped To Each Principle']",
Presence of policy on appointment and reappointment of board of directors,"['Details Of Specified Committee Of The Board Or Director Responsible For Decision Making On Sustainability Related Issues Explanatory Text Block', 'Reappointment Of Independent Directors As Per Section 14910 Explanatory', 'Directors Signing Board Report Domain', 'Does The Entity Have ASpecified Committee Of The Board Or Director Responsible For Decision Making On Sustainability Related Issues', 'Total Number Of Board Of Directors']",
Provide details of actions taken to mitigate any negative social impacts identified in the Social Impact Assessments,"['Details On Policy Development And Implementation By Company On Corporate Social Responsibility Initiatives Taken During Year Explanatory', 'Assurance Sub Type For Details Of Actions Taken To Mitigate Any Negative Social Impacts Identified In The Social Impact Assessments', 'Details On Policy Development And Implementation By Company On Corporate Social Responsibility Initiatives Taken During Year Text Block', 'Remarks For Assurance Of Details Of Actions Taken To Mitigate Any Negative Social Impacts Identified In The Social Impact Assessments']",
Provide details of any corrective actions taken or underway to adderss significant risks/concerns arising from asessment of health and safety practices practices and working conditions of value chain partners,"['Remarks For Assurance Of Details Of Any Corrective Actions Taken Or Underway To Address Significant Risks Or Concerns Arising From The Assessments Of Value Chain Partner', 'Disclosure Of Nature And Extent Of Risks Arising From Insurance Contracts Explanatory', 'Details Of Any Corrective Actions Taken Or Underway To Address Significant Risks Or Concerns Arising From The Assessments Of Value Chain Partner Explanatory Text Block', 'Disclosure Of Nature And Extent Of Risks Arising From Financial Instruments Explanatory']",
Provide details of significant direct and indirect impact of the entity on biodiversity in ecological sensitive areas along with prevention and remediation activities,"['Remarks For Assurance Of Details Of Significant Direct And Indirect Impact Of The Entity On Biodiversity In Such Areas Along With Prevention And Remediation Activities', 'Details Of Significant Direct And Indirect Impact Of The Entity On Biodiversity In Such Areas Along With Prevention And Remediation Activities Explanatory Text Block', 'Indication Of Other Forms Of Government Assistance With Direct Benefits For Entity', 'Impact Of Change In Classification Of Significant Foreign Operation On Shareholders Fund']",
"Provide details on development of clinical technology, clinical capabilites and programmes","['Remarks For Assurance Of Details Of Significant Direct And Indirect Impact Of The Entity On Biodiversity In Such Areas Along With Prevention And Remediation Activities', 'Does The Entity Provide Transition Assistance Programs To Facilitate Continued Employability And The Management Of Career Endings Resulting From Retirement Or Termination Of Employment', 'Expenditure Incurred On Research And Development', 'Details Regarding Technology Absorption']",
Provide information on project(s) for which ongoing Rehabilitation and Resettlements is being undertaken by the company,"['Assurance Sub Type For Details Of Projects For Which Ongoing Rehabilitation And Resettlement Is Being Undertaken By Entity', 'Sector In Which Project Is Covered', 'Whether Details Of Projects For Which Ongoing Rehabilitation And Resettlement Is Being Undertaken By Entity Is Assured By Assurer', 'Other Money For Which Company Is Contingently Liable', 'Remarks For Assurance Of Details Of Projects For Which Ongoing Rehabilitation And Resettlement Is Being Undertaken By Entity']",
Provide number of instances of data breaches along with their impact on the company,"['Remarks For Assurance Of Data Breaches Information Like Number Of Instances Of Data Breaches Along With Impact And Percentage Of Data Breaches Involving Personally Identifiable Information Of Customers', 'Number Of Instances Of Data Breaches Along With Impact', 'Whether These Are In Accordance With The Books Of Accounts Maintained By The Company Explanatory', 'Number Of Employees In The Company At The End Of The Financial Year']",
Provide percentage of total employees covered under health and safety measures training,"['Percentage Of Trained Employees Or Workers - Gender Member - On Health And Safety Measures Member - Employees Member', 'Percentage Of Trained Employees Or Workers - Male Member - On Health And Safety Measures Member - Employees Member', 'Safety Security Expenses', 'Percentage Of Trained Employees Or Workers - Female Member - On Health And Safety Measures Member - Employees Member', 'Training Recruitment Expenses']",
Ratio of remuneration of MD/CEO to median remuneration of employees,"['Ratio Of Remuneration Of Director Or Managerial Personnel To Median Of Remuneration Of Employees For Financial Year', 'Remarks For Assurance Of Details Of Median Of Remuneration Or Salary Or Wages And Wages Paid To Female', 'Percentage Increase In Median Remuneration Of Employees In Financial Year', 'Assurance Sub Type For Details Of Median Of Remuneration Or Salary Or Wages And Wages Paid To Female']",
Share of buildings that are certified according to international building standards/GRESB/IGBC,"['Remarks For Assurance Of Name Of The National And International Codes Or Certifications Or Labels Or Standards Adopted By Your Entity And Mapped To Each Principle', 'Repairs To Building', 'Number Of Certified Emission Rights Under Certification', 'Construction And Demolition Waste']",
Steps taken to inform and educate consumers about safe and responsible usage of products and/or service,"['Remarks For Assurance Of Steps Taken To Inform And Educate Consumers About Safe And Responsible Usage Of Products And Or Services', 'Products And Services Domain', 'Steps Taken To Inform And Educate Consumers About Safe And Responsible Usage Of Products And Or Services Explanatory Text Block', 'Steps Taken Or Impact On Conservation Of Energy Explanatory']",
Third party verification of waste data,"['Water Withdrawal By Third Party Water', 'Compensation From Third Parties For Items Of Property Plant And Equipment', 'Waste Recovered Through Recycled - Previous Year', 'Water Withdrawal By Third Party Water - Previous Year', 'Disclosure Relating To Physical Verification And Material Discrepancies Of Fixed Assets', 'Amount Of Recycled - Hazardous Waste Member', 'Waste Recovered Through Recycled']",
Third party verification of water data,"['Water Withdrawal By Third Party Water - Previous Year', 'Cost Water Charges', 'Disclosure Relating To Physical Verification And Material Discrepancies Of Fixed Assets', 'Water Withdrawal By Third Party Water']",
Total Lost time incident rate (LTIR)_Employees?,"['Lost Time Injury Frequency Rate Per One Million Person Hours Worked - Employees Member - Previous Year', 'Discount Rate Used To Reflect Time Value Of Money Regulatory Deferral Account Balances', 'Lost Time Injury Frequency Rate Per One Million Person Hours Worked - Employees Member', 'Commission Employees']",
Total Lost time incident rate (LTIR)_Workers?,"['Rate Of Return Used To Reflect Time Value Of Money Regulatory Deferral Account Balances', 'Lost Time Injury Frequency Rate Per One Million Person Hours Worked - Workers Member', 'Lost Time Injury Frequency Rate Per One Million Person Hours Worked - Workers Member - Previous Year', 'Discount Rate Used To Reflect Time Value Of Money Regulatory Deferral Account Balances']",
Total instances of product recalls,"['Remarks For Assurance Of Details Of Instances Of Product Recalls On Account Of Safety Issues', 'Total Liabilities Of Subsidiary', 'Total Number Of Product Or Service Category', 'Assurance Sub Type For Details Of Instances Of Product Recalls On Account Of Safety Issues']",
Total recordable work related injuries for employees as a % of the total employees in the company,"['Total Recordable Work Related Injuries - Employees Member', 'Total Recordable Work Related Injuries - Employees Member - Previous Year', 'Number Of Employees In The Company At The End Of The Financial Year', 'Commission Employees']",
Total recordable work related injuries for workers as a % of the total workers in the company,"['Total Recordable Work Related Injuries - Workers Member', 'Percentage To Total Turnover Of Company', 'Number Of Employees In The Company At The End Of The Financial Year', 'Total Recordable Work Related Injuries - Workers Member - Previous Year']",
Turnover of products and/or services as a percentage of turnover from all products/service that carry information about the safe and responsible usage?,"['Turnover Of Product Or Service Category', 'Products And Services Domain', 'Assurance Sub Type For Turnover Of Products And Or Services As APercentage Of Turnover From All Products Or Service That Carry Information About As APercentage To Total Turnover', 'Remarks For Assurance Of Turnover Of Products And Or Services As APercentage Of Turnover From All Products Or Service That Carry Information About As APercentage To Total Turnover']",
Turnover of products and/or services as a percentage of turover from all products/service that carry information about the recycling and/or safe disposal,"['Disclosure Of Products And Services Explanatory', 'Products And Services Domain', 'Assurance Sub Type For Turnover Of Products And Or Services As APercentage Of Turnover From All Products Or Service That Carry Information About As APercentage To Total Turnover', 'Remarks For Assurance Of Turnover Of Products And Or Services As APercentage Of Turnover From All Products Or Service That Carry Information About As APercentage To Total Turnover']",
Was there training given to workers on health and sagety measures in Current Year,"['Advances Given During Year Related Party Transactions', 'Assurance Sub Type For Details Of Training Given To Employees And Workers', 'Number Of Complaints Pending Resolution At The End Of Year - Discrimination At Work Place Member', 'Training Recruitment Expenses', 'Percentage Of Discrimination At Work Place Of Your Plants And Offices That Were Assessed P5', 'Remarks For Assurance Of Details Of Training Given To Employees And Workers']",
Waste management practices and strategies to reduce usage of hazardous and toxic chemicals from the products and processes,"['Remarks For Assurance Of Details Of Waste Management Practices Adopted In Your Establishments And The Strategy Adopted By Company To Reduce Usage Of Hazardous And Toxic Chemicals', 'Products And Services Domain', 'Disclosure Of Products And Services Explanatory', 'Details Of Waste Management Practices Adopted In Your Establishments And The Strategy Adopted By Company To Reduce Usage Of Hazardous And Toxic Chemicals Explanatory Text Block']",
Were there any promotor sponsored resolutoins that were defeated during the current FY,"['Date Of Board Meeting When Final Accounts Were Approved', 'Number Of Complaints Filed During The Year - Discrimination At Work Place Member', 'Percentage Of Wages Of Your Plants And Offices That Were Assessed P5', 'Whether There Is Any Change In Functional Currency During The Year', 'Percentage Of Discrimination At Work Place Of Your Plants And Offices That Were Assessed P5']",
What are the VOC/POP/HAP emissions for the current year (Unit: Metric Tonne),"['Total Scope3 Emission Intensity The Relevant Metric May Be Selected By The Entity', 'Number Of Employees In The Company At The End Of The Financial Year', 'Total Scope1 And Scope2 Emissions Intensity The Relevant Metric May Be Selected By The Entity', 'Whether There Are Changes In Acounting Estimates During The Year', 'Total Scope1 And Scope2 Emissions Intensity The Relevant Metric May Be Selected By The Entity - Previous Year', 'Water Intensity The Relevant Metric May Be Selected By The Entity']",
What are the goals/targets/commitments towards Energy consumption,"['Remarks For Assurance Of Specific Commitments Goals And Targets Set By The Entity With Defined Timelines', 'Assurance Sub Type For Specific Commitments Goals And Targets Set By The Entity With Defined Timelines', 'Appropriation Towards Bonus Shares', 'Total Fuel Consumption From Renewable Sources', 'Total Electricity Consumption From Renewable Sources', 'Steps Taken By The Company For Utilising Alternate Sources Of Energy Explanatory']",
"What are the initiatives taken to reduce the NOx, SOx, PM, VOC, HAP and POP air emissions","['SOx', 'NOx', 'Whether Details Of Air Emissions Other Than Ghg Emissions By The Entity Is Applicable To The Company', 'Other Emissions - Other Air Emissions Domain9', 'Whether These Are In Accordance With The Books Of Accounts Maintained By The Company Explanatory', 'Steps Taken By The Company For Utilising Alternate Sources Of Energy Explanatory', 'NOx - Previous Year']",
What are the initiatives taken with respect to Chemical Sagety management,"['Disclose Any Significant Adverse Impact To The Environment Arising From The Value Chain Of The Entity What Mitigation Or Adaptation Measures Have Been Taken By The Entity In This Regard Explanatory Text Block', 'Percentage Of Cost Incurred On Well Being Measures With Respect To Total Revenue Of The Company', 'Assurance Sub Type For Disclose Any Significant Adverse Impact To The Environment Arising From The Value Chain Of The Entity What Mitigation Or Adaptation Measures Have Been Taken By The Entity In This Regard', 'Remarks For Assurance Of Disclose Any Significant Adverse Impact To The Environment Arising From The Value Chain Of The Entity What Mitigation Or Adaptation Measures Have Been Taken By The Entity In This Regard', 'Whether These Are In Accordance With The Books Of Accounts Maintained By The Company Explanatory', 'Percentage Of Cost Incurred On Well Being Measures With Respect To Total Revenue Of The Company - Previous Year', 'Steps Taken By The Company For Utilising Alternate Sources Of Energy Explanatory']",
What are the intiatives taken to reduce plastic packaging,"['Amount Of Safely Disposed - Plastics Including Packaging Member', 'Description Of How Entity Establishes Hedge Ratio And What Sources Of Hedge Ineffectiveness Are', 'Plastic Waste - Previous Year', 'Plastic Waste', 'Amount Of Recycled - Plastics Including Packaging Member', 'Steps Taken By The Company For Utilising Alternate Sources Of Energy Explanatory']",
What are the number of days of account payable?,"['Number Of Days Of Accounts Payable - Previous Year', 'Description Of How Entity Establishes Hedge Ratio And What Sources Of Hedge Ineffectiveness Are', 'Number Of Days Of Accounts Payable', 'Number Of Employees In The Company At The End Of The Financial Year']",
"What are the processes to safely reclaim the products for reusing, recycling and disposing at the end of life for, (a) Plastics (including packaging) (b)e-waste (c) hazardous waste and (d) other waste?","['Assurance Sub Type For Describe The Processes In Place To Safely Reclaim Your Products For Reusing Recycling And Disposing At The End Of Life For Plastics Including Packaging EWaste Hazardous Waste And Other Waste', 'Remarks For Assurance Of Describe The Processes In Place To Safely Reclaim Your Products For Reusing Recycling And Disposing At The End Of Life For Plastics Including Packaging EWaste Hazardous Waste And Other Waste', 'Whether These Are In Accordance With The Books Of Accounts Maintained By The Company Explanatory', 'Number Of Employees In The Company At The End Of The Financial Year']",
What are the processes used to identify work-related hazards and assess risks on a routine and non routine bassi by the entity,"['Whether You Have Processes For Workers To Report The Work Related Hazards And To Remove Themselves From Such Risks', 'Description Of How Entity Establishes Hedge Ratio And What Sources Of Hedge Ineffectiveness Are', 'Processes For Workers To Report The Work Related Hazards And To Remove Themselves From Such Risks Is Not Applicable Explanatory Text Block', 'Whether These Are In Accordance With The Books Of Accounts Maintained By The Company Explanatory', 'Desclosure Of The Processes Used To Identify Work Related Hazards And Assess Risks On ARoutine And Non Routine Basis By The Entity Explanatory Text Block']",
What are the total NOx emissions for the Current Year (Unit: Metric Tonne)?,"['Total Scope3 Emission Intensity The Relevant Metric May Be Selected By The Entity', 'Number Of Employees In The Company At The End Of The Financial Year', 'Total Scope1 And Scope2 Emissions Intensity The Relevant Metric May Be Selected By The Entity', 'Whether There Are Changes In Acounting Estimates During The Year', 'NOx', 'Total Scope1 And Scope2 Emissions Intensity The Relevant Metric May Be Selected By The Entity - Previous Year']",
What are the total PM emissions for the Current Year (Unit: Metric Tonne)?,"['Total Scope3 Emission Intensity The Relevant Metric May Be Selected By The Entity', 'Number Of Employees In The Company At The End Of The Financial Year', 'Total Scope1 And Scope2 Emissions Intensity The Relevant Metric May Be Selected By The Entity', 'Whether There Are Changes In Acounting Estimates During The Year', 'Total Scope1 And Scope2 Emissions Intensity The Relevant Metric May Be Selected By The Entity - Previous Year']",
What are the total SOx emissions for the Current Year (Unit: Metric Tonne)?,"['SOx', 'Total Scope3 Emission Intensity The Relevant Metric May Be Selected By The Entity', 'Number Of Employees In The Company At The End Of The Financial Year', 'Total Scope1 And Scope2 Emissions Intensity The Relevant Metric May Be Selected By The Entity', 'Whether There Are Changes In Acounting Estimates During The Year', 'Total Scope1 And Scope2 Emissions Intensity The Relevant Metric May Be Selected By The Entity - Previous Year']",
What initiatives are undertaken to mitigate the health risks of smoking and tobacco use,"['Remarks For Assurance Of Steps Taken To Inform And Educate Consumers About Safe And Responsible Usage Of Products And Or Services', 'Description Of How Entity Establishes Hedge Ratio And What Sources Of Hedge Ineffectiveness Are', 'Steps Taken To Inform And Educate Consumers About Safe And Responsible Usage Of Products And Or Services Explanatory Text Block', 'Description Of Fact That Highest And Best Use Of Nonfinancial Assets Differs From Current Use', 'Whether These Are In Accordance With The Books Of Accounts Maintained By The Company Explanatory']",
What is fly ash % utilisation in current year?,"['Other Utilisation Of Securities Premium If Permitted', 'It Is Planned To Be Done In The Next Financial Year - Principle2 Member', 'Current Tax Pertaining To Current Year', 'It Is Planned To Be Done In The Next Financial Year - Principle9 Member', 'Amount Provided In Current Year']",
What is purchases from top 10 trading houses as % of total purchases from trading houses,"['Percentage Of Purchases From Top Ten Trading Houses In Total Purchases From Trading Houses - Previous Year', 'Purchases Of Goods Related Party Transactions', 'Percentage Of Purchases From Top Ten Trading Houses In Total Purchases From Trading Houses', 'Purchases Of Stock In Trade']",
What is the % of job creation in smaller towns - wages paid to persons employed in smaller towns (permanent or non-permanent / on contract) as % of total wage cost,"['Material Cost Contract', 'Remarks For Assurance Of Job Creation In Smaller Towns Disclose Wages Paid To Persons Employed Including Employees Or Workers Employed On APermanent Or Non Permanent Or On Contract Basis', 'Contract Cost', 'Whether Job Creation In Smaller Towns Disclose Wages Paid To Persons Employed Including Employees Or Workers Employed On APermanent Or Non Permanent Or On Contract Basis Is Assured By Assurer']",
What is the % of untreated water discharge?,"['Whether Water Withdrawal Or Consumption And Discharge In Areas Of Water Stress In Kilolitres Is Assured By Assurer', 'Name Of Stock Exchange Where The Company Is Listed', 'Does The Entity Display Product Information On The Product Over And Above What Is Mandated As Per Local Laws', 'Cost Water Charges', 'Water Discharge To Surface Water', 'Remarks For Assurance Of Water Withdrawal Or Consumption And Discharge In Areas Of Water Stress In Kilolitres']",
What is the clinker factor ratio?,"['Name Of Stock Exchange Where The Company Is Listed', 'Does The Entity Display Product Information On The Product Over And Above What Is Mandated As Per Local Laws', 'It Is Planned To Be Done In The Next Financial Year - Principle5 Member', 'Description Of How Entity Establishes Hedge Ratio And What Sources Of Hedge Ineffectiveness Are', 'It Is Planned To Be Done In The Next Financial Year - Principle4 Member']",
What is the energy intensity adjusted for Purchasing Power Parity for Current Year?,"['Whether Company Has Published Sustainability Report For The Financial Year', 'Energy Intensity Per Rupee Of Turnover Adjusting For Purchasing Power Parity - Previous Year', 'Total Scope1 And Scope2 Emissions Intensity Per Rupee Of Turnover Adjusted For Purchasing Power Parity', 'Energy Intensity Per Rupee Of Turnover Adjusting For Purchasing Power Parity', 'Steps Taken By The Company For Utilising Alternate Sources Of Energy Explanatory']",
What is the energy intensity in terms of physical output?,"['Energy Intensity In Term Of Physical Output - Previous Year', 'Energy Intensity In Term Of Physical Output', 'Steps Taken By The Company For Utilising Alternate Sources Of Energy Explanatory', 'Details Regarding Energy Conservation']",
What is the energy intensity turnover for the current year?,"['Waste Intensity Per Rupee Of Turnover Adjusting For Purchasing Power Parity', 'Number Of Employees In The Company At The End Of The Financial Year', 'Energy Intensity Per Rupee Of Turnover - Previous Year', 'Energy Intensity Per Rupee Of Turnover Adjusting For Purchasing Power Parity', 'Energy Intensity Per Rupee Of Turnover', 'Energy Intensity The Relevant Metric May Be Selected By The Entity', 'Steps Taken By The Company For Utilising Alternate Sources Of Energy Explanatory']",
What is the gross wages paid to females as percentage of wages paid,"['Percentage Of Gross Wages Paid To Female To Total Wages Paid', 'Salaries And Wages', 'Dividends Paid To Noncontrolling Interests', 'Percentage Of Gross Wages Paid To Female To Total Wages Paid - Previous Year', 'Gross Wages Paid To Female']",
What is the input material directly sourced from MSMEs/small producers (in % terms - As % of total purchases by value),"['Percentage Of Directly Sourced From MSMEs Or Small Producers', 'Summary Of Quantitative Data About What Entity Manages As Capital', 'Micro Small Medium Enterprises Domain', 'Percentage Of Directly Sourced From MSMEs Or Small Producers - Previous Year']",
What is the input material sourced directly from within India as % of total purchases,"['Whether There Is Any Departure From Ind AS', 'Percentage Of Sourced Directly From Within The District And Neighbouring Districts - Previous Year', 'Percentage Of Sourced Directly From Within The District And Neighbouring Districts', 'Summary Of Quantitative Data About What Entity Manages As Capital']",
What is the number of complaints filed by the customers as a % of revenue in Current Year?,"['Number Of Employees In The Company At The End Of The Financial Year', 'Number Of Complaints Filed From Stake Holder Group During The Year - Complaint Received From Customers Member', 'Number Of Complaints Filed During The Year - Health Safety Complaints Member', 'Whether These Are In Accordance With The Books Of Accounts Maintained By The Company Explanatory', 'Number Of Complaints Filed During The Year - Working Conditions Complaints Member']",
What is the number of pending/unresolved employees and workers grievances as % of total complaints filed in the current year,"['Number Of Complaints Filed From Stake Holder Group During The Year - Complaint Received From Employees And Workers Member', 'Number Of Complaints Pending From Stake Holder Group Resolution At The End Of Year - Complaint Received From Employees And Workers Member', 'Number Of Employees In The Company At The End Of The Financial Year', 'Number Of Complaints Filed During The Year - Health Safety Complaints Member', 'Whether There Is Any Change In Functional Currency During The Year', 'Number Of Complaints Filed During The Year - Working Conditions Complaints Member']",
What is the percentage of cost incurred as a % of total revenue of the company with regards to spending on measures towards wellbeing of employees and workers?,"['Percentage To Total Turnover Of Company', 'Percentage Of Cost Incurred On Well Being Measures With Respect To Total Revenue Of The Company', 'Percentage Of Cost Incurred On Well Being Measures With Respect To Total Revenue Of The Company - Previous Year', 'Number Of Employees In The Company At The End Of The Financial Year']",
What is the percentage of female employees in the workforce,"['Name Of Stock Exchange Where The Company Is Listed', 'Does The Entity Display Product Information On The Product Over And Above What Is Mandated As Per Local Laws', 'Number Of Employees In The Company At The End Of The Financial Year', 'Details Of Product Information On The Product Over And Above What Is Mandated As Per Local Laws Explanatory Text Block', 'Percentage Of Differently Abled Employees Or Workers - Female Member - Employees Member', 'Return To Work Rate Permanent Employees That Took Parental Leave - Female Member']",
What is the purchases from trading houses % of total purchases,"['Percentage Of Purchases From Top Ten Trading Houses In Total Purchases From Trading Houses - Previous Year', 'Purchases Of Goods Related Party Transactions', 'Percentage Of Purchases From Top Ten Trading Houses In Total Purchases From Trading Houses', 'Purchases Of Stock In Trade']",
What is the sales to dealers/distributors as % of total sales,"['Taxes Payable Sales Tax', 'After Sales Service Expenses', 'Percentage Of Sales To Dealers Or Distributors In Total Sales', 'Percentage Of Sales To Top Ten Dealers Or Distributors In Total Sales To Dealers Or Distributors']",
What is the sales to top 10 dealers/distributors as % of total sales to dealers/distributors,"['Percentage Of Sales To Top Ten Dealers Or Distributors In Total Sales To Dealers Or Distributors - Previous Year', 'Sales Tax Pertaining To Exploration And Production Activities', 'After Sales Service Expenses', 'Percentage Of Sales To Top Ten Dealers Or Distributors In Total Sales To Dealers Or Distributors']",
What is the scope 1 and scope 2 emissions intensity for the current year?,"['Number Of Employees In The Company At The End Of The Financial Year', 'Total Scope1 And Scope2 Emissions Intensity The Relevant Metric May Be Selected By The Entity', 'Total Scope1 And Scope2 Emissions Intensity Per Rupee Of Turnover', 'Whether Details Of Green House Gas Emissions And Its Intensity Is Applicable To The Company', 'Whether Total Scope3 Emissions And Its Intensity Is Applicable To The Company', 'Whether There Is Any Change In Functional Currency During The Year']",
What is the scope 1 and scope 2 emissions intensity in terms of purchasing power parity for the current year?,"['Total Scope1 And Scope2 Emissions Intensity Per Rupee Of Turnover Adjusted For Purchasing Power Parity - Previous Year', 'Number Of Employees In The Company At The End Of The Financial Year', 'Total Scope1 And Scope2 Emissions Intensity Per Rupee Of Turnover Adjusted For Purchasing Power Parity', 'Whether There Is Any Change In Functional Currency During The Year', 'Total Scope1 And Scope2 Emissions Intensity In Term Of Physical Output']",
What is the scope 3 emissions intensity for the current year?,"['Total Scope3 Emission Intensity The Relevant Metric May Be Selected By The Entity', 'Number Of Employees In The Company At The End Of The Financial Year', 'Whether Details Of Green House Gas Emissions And Its Intensity Is Applicable To The Company', 'Whether Total Scope3 Emissions And Its Intensity Is Applicable To The Company', 'Whether There Is Any Change In Functional Currency During The Year']",
What is the share of RPTs (as respective %age) in investments,"['Name Of Stock Exchange Where The Company Is Listed', 'Percentage Of Investments In Related Parties In Total Investments', 'Does The Entity Display Product Information On The Product Over And Above What Is Mandated As Per Local Laws', 'Percentage Of Investments In Related Parties In Total Investments - Previous Year', 'Number Of Employees Covered As Percentage Of Total Employees - Provident Fund Member', 'Details Of Product Information On The Product Over And Above What Is Mandated As Per Local Laws Explanatory Text Block', 'Summary Of Quantitative Data About What Entity Manages As Capital']",
What is the share of RPTs (as respective %age) in loans and advances,"['Percentage Of Loans And Advances Given To Related Parties In Total Loans And Advances', 'Short Term Loans And Advances', 'Percentage Of Loans And Advances Given To Related Parties In Total Loans And Advances - Previous Year', 'Loans And Advances']",
What is the share of RPTs (as respective %age) in purchases,"['Purchases Of Stock In Trade', 'Summary Of Quantitative Data About What Entity Manages As Capital', 'Percentage Of Purchases From Related Parties In Total Purchases For Share Of Related Party Transactions - Previous Year', 'Percentage Of Purchases From Related Parties In Total Purchases For Share Of Related Party Transactions']",
What is the share of RPTs (as respective %age) in sales,"['Percentage Of Sales To Related Parties In Total Sales For Share Of Related Party Transactions', 'Percentage Of Sales To Related Parties In Total Sales For Share Of Related Party Transactions - Previous Year', 'Does The Entity Display Product Information On The Product Over And Above What Is Mandated As Per Local Laws', 'Name Of Stock Exchange Where The Company Is Listed', 'Summary Of Quantitative Data About What Entity Manages As Capital']",
What is the total effluent discharge in the Current Year?,"['Total Scope3 Emission Intensity The Relevant Metric May Be Selected By The Entity', 'Cost Effluent Disposal', 'Number Of Employees In The Company At The End Of The Financial Year', 'It Is Planned To Be Done In The Next Financial Year - Principle7 Member', 'It Is Planned To Be Done In The Next Financial Year - Principle3 Member', 'Whether There Is Any Change In Functional Currency During The Year', 'Amount Provided In Current Year']",
What is the total volume of fresh water discharge (in kilolitres) for the Current Year?,"['Whether Water Withdrawal Or Consumption And Discharge In Areas Of Water Stress In Kilolitres Is Assured By Assurer', 'Total Volume Of Water Consumption', 'Number Of Employees In The Company At The End Of The Financial Year', 'Total Water Discharged In Kilolitres - Previous Year', 'Total Water Discharged In Kilolitres', 'Remarks For Assurance Of Water Withdrawal Or Consumption And Discharge In Areas Of Water Stress In Kilolitres', 'Whether There Is Any Change In Functional Currency During The Year']",
What is the total volume of fresh water withdrawal (in kilolitres) for the Current Year?,"['Whether Water Withdrawal Or Consumption And Discharge In Areas Of Water Stress In Kilolitres Is Assured By Assurer', 'Number Of Employees In The Company At The End Of The Financial Year', 'Total Volume Of Water Withdrawal', 'Total Volume Of Water Withdrawal - Previous Year', 'Remarks For Assurance Of Water Withdrawal Or Consumption And Discharge In Areas Of Water Stress In Kilolitres', 'Whether There Is Any Change In Functional Currency During The Year']",
What is the total volume of water consumed (in kilolitres) in areas of water stress for the Current Year?,"['Whether Water Withdrawal Or Consumption And Discharge In Areas Of Water Stress In Kilolitres Is Assured By Assurer', 'Number Of Employees In The Company At The End Of The Financial Year', 'Total Water Discharged In Kilolitres - Previous Year', 'Cost Water Charges', 'Assurance Sub Type For Water Withdrawal Or Consumption And Discharge In Areas Of Water Stress In Kilolitres', 'Remarks For Assurance Of Water Withdrawal Or Consumption And Discharge In Areas Of Water Stress In Kilolitres', 'Total Water Discharged In Kilolitres Per Area - Facility Or Plant Located In Areas Of Water Stress Domain4 - Previous Year']",
What is the turnover rate for permanent employees for the Current Year,"['Whether Company Has Published Sustainability Report For The Financial Year', 'Turnover Rate - Female Member - Permanent Employees Member - Previous Year', 'Number Of Employees In The Company At The End Of The Financial Year', 'Retention Rates Permanent Employees That Took Parental Leave - Male Member', 'Turnover Rate - Male Member - Permanent Employees Member - Previous Year', 'Retention Rates Permanent Employees That Took Parental Leave - Female Member']",
What is the turnover rate for permanent female employees in the Current Year,"['Turnover Rate - Female Member - Permanent Employees Member - Previous Year', 'Turnover Rate - Female Member - Permanent Employees Member', 'Number Of Employees In The Company At The End Of The Financial Year', 'Whether There Is Any Change In Functional Currency During The Year', 'Retention Rates Permanent Employees That Took Parental Leave - Female Member']",
What is the turnover rate for permanent female worker in the Current Year,"['Retention Rates Permanent Workers That Took Parental Leave - Female Member', 'Turnover Rate - Female Member - Permanent Employees Member - Previous Year', 'Number Of Employees In The Company At The End Of The Financial Year', 'Turnover Rate - Female Member - Permanent Workers Member - Previous Year', 'Turnover Rate - Female Member - Permanent Workers Member', 'Whether There Is Any Change In Functional Currency During The Year']",
What is the turnover rate for permanent workers for the Current Year,"['Whether Company Has Published Sustainability Report For The Financial Year', 'Number Of Employees In The Company At The End Of The Financial Year', 'Turnover Rate - Female Member - Permanent Workers Member - Previous Year', 'Turnover Rate - Male Member - Permanent Workers Member - Previous Year', 'Retention Rates Permanent Workers That Took Parental Leave - Male Member', 'Retention Rates Permanent Workers That Took Parental Leave - Gender Member']",
What is the waste intensity adjusted for Purchasing Power Parity for Current Year?,"['Waste Intensity Per Rupee Of Turnover Adjusting For Purchasing Power Parity', 'Whether Company Has Published Sustainability Report For The Financial Year', 'Total Scope1 And Scope2 Emissions Intensity Per Rupee Of Turnover Adjusted For Purchasing Power Parity', 'Waste Intensity Per Rupee Of Turnover Adjusting For Purchasing Power Parity - Previous Year', 'Whether There Is Any Change In Functional Currency During The Year']",
What is the waste intensity adjusted for Purchasing Power Parity for the current year?,"['Waste Intensity Per Rupee Of Turnover Adjusting For Purchasing Power Parity', 'Whether Company Has Published Sustainability Report For The Financial Year', 'Number Of Employees In The Company At The End Of The Financial Year', 'Total Scope1 And Scope2 Emissions Intensity Per Rupee Of Turnover Adjusted For Purchasing Power Parity', 'Waste Intensity The Relevant Metric May Be Selected By The Entity', 'Waste Intensity Per Rupee Of Turnover Adjusting For Purchasing Power Parity - Previous Year']",
What is the waste recycled/recovered intensity for the current year?,"['Number Of Employees In The Company At The End Of The Financial Year', 'Waste Recovered Through Recycled - Previous Year', 'Whether There Is Any Change In Functional Currency During The Year', 'Amount Of Recycled - Hazardous Waste Member', 'Waste Recovered Through Recycled']",
What is the water intensity per rupee of turnover adjusted for Purchasing Power Parity in crores Current Year (in kilolitres) - PPP?,"['Waste Intensity Per Rupee Of Turnover Adjusting For Purchasing Power Parity', 'Water Intensity Per Rupee Of Turnover Adjusting For Purchasing Power Parity - Previous Year', 'Cost Water Charges', 'Water Intensity Per Rupee Of Turnover Adjusting For Purchasing Power Parity', 'Whether There Is Any Change In Functional Currency During The Year']",
What is the water intensity per rupee of turnover in crores for the Current Year? (in kilolitres),"['Whether Water Withdrawal Or Consumption And Discharge In Areas Of Water Stress In Kilolitres Is Assured By Assurer', 'Number Of Employees In The Company At The End Of The Financial Year', 'Water Intensity Per Rupee Of Turnover', 'Water Intensity Per Rupee Of Turnover - Previous Year', 'Whether There Is Any Change In Functional Currency During The Year']",
What measures are in palce to ensure public sagety and security at facilities?,"['Remarks For Assurance Of Measures Taken By The Entity To Ensure ASafe And Healthy Work Place', 'Description Of How Entity Establishes Hedge Ratio And What Sources Of Hedge Ineffectiveness Are', 'Assurance Sub Type For Measures Taken By The Entity To Ensure ASafe And Healthy Work Place', 'Safety Security Expenses']",
What measures are taken to reduce marine pollution and manage ballast water,"['Remarks For Assurance Of Measures Taken By The Entity To Ensure ASafe And Healthy Work Place', 'Whether Any Steps Are Being Taken By The Entity If The Premises Or Offices Of The Entity Not Accessible To Differently Abled Employees And Workers Explanatory Text Block', 'Cost Water Charges', 'Description Of How Entity Establishes Hedge Ratio And What Sources Of Hedge Ineffectiveness Are', 'Assurance Sub Type For Water Withdrawal Or Consumption And Discharge In Areas Of Water Stress In Kilolitres', 'Remarks For Assurance Of Water Withdrawal Or Consumption And Discharge In Areas Of Water Stress In Kilolitres']",
"What percentage of the total virgin raw material does the company produced and/or purchased covered by FSC, PEFC and/or SFI certification?","['Does The Entity Display Product Information On The Product Over And Above What Is Mandated As Per Local Laws', 'Percentage Of Purchases From Trading Houses In Total Purchases For Concentration Of Purchases', 'Disclosure In Auditors Report Relating To Fraud By The Company Or On The Company By Its Officers Or Its Employees Reported During Period', 'What Percentage Of Total Procurement By Value Does It Constitute', 'Whether These Are In Accordance With The Books Of Accounts Maintained By The Company Explanatory']",
What steps are taken by the company to mitigate any potential health impacts of tyre and rubber product manufacturing on local communities,"['Details Of Product Information On The Product Over And Above What Is Mandated As Per Local Laws Explanatory Text Block', 'Does The Entity Display Product Information On The Product Over And Above What Is Mandated As Per Local Laws', 'Steps Taken By The Company For Utilising Alternate Sources Of Energy Explanatory', 'Steps Taken Or Impact On Conservation Of Energy Explanatory']",
What was the Total Scope 1 and 2 intensity (Current Year) (Unit: Metric Tonne) - Physical Output?,"['Total Scope1 And Scope2 Emissions Intensity The Relevant Metric May Be Selected By The Entity', 'unit Denominator', 'unit Numerator', 'Total Scope1 And Scope2 Emissions Intensity In Term Of Physical Output - Previous Year', 'Total Scope1 And Scope2 Emissions Intensity In Term Of Physical Output']",
What was the total waste intensity (current year) (Unit: Metric Tonne) - Physical Output?,"['Waste Intensity In Term Of Physical Output', 'Waste Intensity In Term Of Physical Output - Previous Year', 'unit Denominator', 'unit Numerator', 'Energy Intensity In Term Of Physical Output']",
"When the onboarding of new vendors takes place, does the company have their supplier code of conduct designed","['Number Of Employees In The Company At The End Of The Financial Year', 'Name Of The Company Or LLPOr Firm Of Assurance Provider - Assurance Provider Domain1', 'Does The Entity Have Processes In Place To Avoid Or Manage Conflict Of Interests Involving Members Of The Board', 'Does The Entity Have ABusiness Continuity And Disaster Management Plan', 'Whether These Are In Accordance With The Books Of Accounts Maintained By The Company Explanatory', 'Does The Entity Have Procedures In Place For Sustainable Sourcing']",
"Whether Extended Producer Responsibility (EPR) is applicable to entity’s activities (Y/N). If yes, whether the waste collection plan is in line with the Extended Producer Responsibility plan submitteed to Pollution Control Boards","['Whether There Is Any Change In Functional Currency During The Year', 'Whether The Waste Collection Plan Is In Line With The Extended Producer Responsibility Plan Submitted To Pollution Control Boards', 'Assurer Has Assured Whether The Waste Collection Plan Is In Line With The Extended Producer Responsibility Plan Submitted To Pollution Control Boards And Steps Taken To Address The Waste Collection Plan If Not Submitted', 'Whether Provisions Of Corporate Social Responsibility Are Applicable On Company']",
Whether an occupational health and safety management system is implemented by the entity,"['Whether Initial Application Of An Ind As Has An Effect On The Current Period Or Any Prior Period', 'Whether An Occupational Health And Safety Management System Has Been Implemented By The Entity', 'Whether Health And Safety Management System Is Assured By Assurer', 'Safety Security Expenses']",
Whether there are mechanisms to receive and redress grievances of the community,"['Describe The Mechanisms To Receive And Redress Grievances Of The Community Explanatory Text Block', 'Whether There Are Changes In Acounting Estimates During The Year', 'Whether Describe The Mechanisms To Receive And Redress Grievances Of The Community Is Assured By Assurer', 'Whether There Are Reclassifications To Comparative Amounts']",
does the company have a policy on ingredient safety? is there any mention of use of paraben in the products,"['Number Of Employees In The Company At The End Of The Financial Year', 'The Entity Is Not At AStage Where It Is In APosition To Formulate And Implement The Policies On Specified Principles - Principle7 Member', 'The Entity Is Not At AStage Where It Is In APosition To Formulate And Implement The Policies On Specified Principles - Principle5 Member', 'Whether There Is Any Voluntary Change In Accounting Policy', 'Whether There Is Any Change In Functional Currency During The Year', 'Does The Entity Have An Equal Opportunity Policy As Per The Rights Of Persons With Disabilities Act2016']",
