question_id,question_text,global_optimal_match,optimal_score,alt_match_1,alt_score_1,alt_match_2,alt_score_2,alt_match_3,alt_score_3,confidence_flag,final_selected_column
Q1,What is the scope 1 and scope 2 emissions intensity for the current year?,Total Scope1 And Scope2 Emissions Intensity The Relevant Metric May Be Selected By The Entity,27.6076,Total Scope1 And Scope2 Emissions Intensity The Relevant Metric May Be Selected By The Entity,27.6076,Total Scope1 And Scope2 Emissions Intensity Per Rupee Of Turnover,24.779,Total Scope1 And Scope2 Emissions Intensity In Term Of Physical Output,24.0315,High Confidence,Total Scope1 And Scope2 Emissions Intensity The Relevant Metric May Be Selected By The Entity
Q2,What is the scope 3 emissions intensity for the current year?,Whether Total Scope3 Emissions And Its Intensity Is Applicable To The Company,22.1995,Total Scope3 Emission Intensity The Relevant Metric May Be Selected By The Entity,23.9138,Whether Total Scope3 Emissions And Its Intensity Is Applicable To The Company,22.1995,Total Scope1 And Scope2 Emissions Intensity The Relevant Metric May Be Selected By The Entity,20.7318,High Confidence,Whether Total Scope3 Emissions And Its Intensity Is Applicable To The Company
Q3,What was the Total Scope 1 and 2 intensity (Current Year) (Unit: Metric Tonne) - Physical Output?,Total Scope1 And Scope2 Emissions Intensity In Term Of Physical Output,38.1727,Total Scope1 And Scope2 Emissions Intensity In Term Of Physical Output,38.1727,Total Scope1 And Scope2 Emissions Intensity The Relevant Metric May Be Selected By The Entity,26.437,Waste Intensity In Term Of Physical Output,25.5586,High Confidence,Total Scope1 And Scope2 Emissions Intensity In Term Of Physical Output
Q4,What is the scope 1 and scope 2 emissions intensity in terms of purchasing power parity for the current year?,Total Scope1 And Scope2 Emissions Intensity Per Rupee Of Turnover Adjusted For Purchasing Power Parity,42.9276,Total Scope1 And Scope2 Emissions Intensity Per Rupee Of Turnover Adjusted For Purchasing Power Parity,42.9276,Total Scope1 And Scope2 Emissions Intensity In Term Of Physical Output,34.4871,Waste Intensity Per Rupee Of Turnover Adjusting For Purchasing Power Parity,31.0467,High Confidence,Total Scope1 And Scope2 Emissions Intensity Per Rupee Of Turnover Adjusted For Purchasing Power Parity
Q5,What are the total PM emissions for the Current Year (Unit: Metric Tonne)?,Total Scope3 Emission Intensity The Relevant Metric May Be Selected By The Entity,19.5989,Total Scope3 Emission Intensity The Relevant Metric May Be Selected By The Entity,19.5989,Total Scope1 And Scope2 Emissions Intensity The Relevant Metric May Be Selected By The Entity,17.9212,Water Intensity The Relevant Metric May Be Selected By The Entity,13.5643,High Confidence,Total Scope3 Emission Intensity The Relevant Metric May Be Selected By The Entity
Q6,What are the total SOx emissions for the Current Year (Unit: Metric Tonne)?,SOx,24.8055,SOx,24.8055,Total Scope3 Emission Intensity The Relevant Metric May Be Selected By The Entity,19.5989,Total Scope1 And Scope2 Emissions Intensity The Relevant Metric May Be Selected By The Entity,17.9212,High Confidence,SOx
Q7,What are the total NOx emissions for the Current Year (Unit: Metric Tonne)?,NOx,25.3542,NOx,25.3542,Total Scope3 Emission Intensity The Relevant Metric May Be Selected By The Entity,19.5989,Total Scope1 And Scope2 Emissions Intensity The Relevant Metric May Be Selected By The Entity,17.9212,High Confidence,NOx
Q8,What is the water intensity per rupee of turnover in crores for the Current Year? (in kilolitres),Water Intensity Per Rupee Of Turnover,27.1056,Water Intensity Per Rupee Of Turnover,27.1056,Whether Water Withdrawal Or Consumption And Discharge In Areas Of Water Stress In Kilolitres Is Assured By Assurer,25.4427,Remarks For Assurance Of Water Withdrawal Or Consumption And Discharge In Areas Of Water Stress In Kilolitres,25.0171,High Confidence,Water Intensity Per Rupee Of Turnover
Q9,What is the % of untreated water discharge?,Whether Water Withdrawal Or Consumption And Discharge In Areas Of Water Stress In Kilolitres Is Assured By Assurer,18.0904,Whether Water Withdrawal Or Consumption And Discharge In Areas Of Water Stress In Kilolitres Is Assured By Assurer,18.0904,Remarks For Assurance Of Water Withdrawal Or Consumption And Discharge In Areas Of Water Stress In Kilolitres,16.2496,Assurance Sub Type For Water Withdrawal Or Consumption And Discharge In Areas Of Water Stress In Kilolitres,15.6031,High Confidence,Whether Water Withdrawal Or Consumption And Discharge In Areas Of Water Stress In Kilolitres Is Assured By Assurer
Q10,What is the total volume of fresh water withdrawal (in kilolitres) for the Current Year?,Total Volume Of Water Withdrawal,22.6962,Whether Water Withdrawal Or Consumption And Discharge In Areas Of Water Stress In Kilolitres Is Assured By Assurer,25.4427,Remarks For Assurance Of Water Withdrawal Or Consumption And Discharge In Areas Of Water Stress In Kilolitres,25.0171,Assurance Sub Type For Water Withdrawal Or Consumption And Discharge In Areas Of Water Stress In Kilolitres,24.3707,Ambiguous,Total Volume Of Water Withdrawal
Q11,What is the total volume of fresh water discharge (in kilolitres) for the Current Year?,Total Volume Of Water Consumption,23.5472,Whether Water Withdrawal Or Consumption And Discharge In Areas Of Water Stress In Kilolitres Is Assured By Assurer,25.4427,Remarks For Assurance Of Water Withdrawal Or Consumption And Discharge In Areas Of Water Stress In Kilolitres,25.0171,Assurance Sub Type For Water Withdrawal Or Consumption And Discharge In Areas Of Water Stress In Kilolitres,24.3707,Ambiguous,Total Volume Of Water Consumption
Q12,What is the total volume of water consumed (in kilolitres) in areas of water stress for the Current Year?,Assurance Sub Type For Water Withdrawal Or Consumption And Discharge In Areas Of Water Stress In Kilolitres,29.2332,Whether Water Withdrawal Or Consumption And Discharge In Areas Of Water Stress In Kilolitres Is Assured By Assurer,30.1677,Remarks For Assurance Of Water Withdrawal Or Consumption And Discharge In Areas Of Water Stress In Kilolitres,29.8797,Assurance Sub Type For Water Withdrawal Or Consumption And Discharge In Areas Of Water Stress In Kilolitres,29.2332,Ambiguous,Assurance Sub Type For Water Withdrawal Or Consumption And Discharge In Areas Of Water Stress In Kilolitres
Q13,What is the total effluent discharge in the Current Year?,It Is Planned To Be Done In The Next Financial Year - Principle7 Member,13.3011,Total Scope3 Emission Intensity The Relevant Metric May Be Selected By The Entity,13.9988,It Is Planned To Be Done In The Next Financial Year - Principle3 Member,13.3011,It Is Planned To Be Done In The Next Financial Year - Principle9 Member,13.3011,Low Confidence,It Is Planned To Be Done In The Next Financial Year - Principle7 Member
Q14,How much was the Water intensity in Current Year (in kilolitres) for physical output?,Water Intensity In Term Of Physical Output,31.0295,Water Intensity In Term Of Physical Output,31.0295,Energy Intensity In Term Of Physical Output,27.7507,Waste Intensity In Term Of Physical Output,27.7507,High Confidence,Water Intensity In Term Of Physical Output
Q15,What is the water intensity per rupee of turnover adjusted for Purchasing Power Parity in crores Current Year (in kilolitres) - PPP?,Water Intensity Per Rupee Of Turnover Adjusting For Purchasing Power Parity,46.6543,Water Intensity Per Rupee Of Turnover Adjusting For Purchasing Power Parity,46.6543,Waste Intensity Per Rupee Of Turnover Adjusting For Purchasing Power Parity,43.838,Energy Intensity Per Rupee Of Turnover Adjusting For Purchasing Power Parity,43.838,High Confidence,Water Intensity Per Rupee Of Turnover Adjusting For Purchasing Power Parity
Q16,What is the energy intensity turnover for the current year?,Energy Intensity The Relevant Metric May Be Selected By The Entity,17.8605,Energy Intensity Per Rupee Of Turnover Adjusting For Purchasing Power Parity,23.5371,Waste Intensity Per Rupee Of Turnover Adjusting For Purchasing Power Parity,18.0731,Water Intensity Per Rupee Of Turnover Adjusting For Purchasing Power Parity,18.0731,High Confidence,Energy Intensity The Relevant Metric May Be Selected By The Entity
Q17,Percentage of energy consumed from renewable sources?,Total Energy Consumed From Renewable Sources,32.9606,Total Energy Consumed From Renewable Sources,32.9606,Total Energy Consumed From Non Renewable Sources,31.6071,Total Energy Consumed From Renewable And Non Renewable Sources,31.3422,High Confidence,Total Energy Consumed From Renewable Sources
Q18,What is the energy intensity in terms of physical output?,Energy Intensity In Term Of Physical Output,42.9809,Energy Intensity In Term Of Physical Output,42.9809,Energy Intensity In Term Of Physical Output - Previous Year,39.7188,Water Intensity In Term Of Physical Output,36.6194,High Confidence,Energy Intensity In Term Of Physical Output
Q19,What is the energy intensity adjusted for Purchasing Power Parity for Current Year?,Energy Intensity Per Rupee Of Turnover Adjusting For Purchasing Power Parity,34.8178,Energy Intensity Per Rupee Of Turnover Adjusting For Purchasing Power Parity,34.8178,Total Scope1 And Scope2 Emissions Intensity Per Rupee Of Turnover Adjusted For Purchasing Power Parity,31.6383,Water Intensity Per Rupee Of Turnover Adjusting For Purchasing Power Parity,29.3538,High Confidence,Energy Intensity Per Rupee Of Turnover Adjusting For Purchasing Power Parity
Q20,What is the waste intensity adjusted for Purchasing Power Parity for Current Year?,Waste Intensity Per Rupee Of Turnover Adjusting For Purchasing Power Parity,33.8807,Waste Intensity Per Rupee Of Turnover Adjusting For Purchasing Power Parity,33.8807,Total Scope1 And Scope2 Emissions Intensity Per Rupee Of Turnover Adjusted For Purchasing Power Parity,31.6383,Energy Intensity Per Rupee Of Turnover Adjusting For Purchasing Power Parity,29.3538,High Confidence,Waste Intensity Per Rupee Of Turnover Adjusting For Purchasing Power Parity
Q21,How much was the hazardous waste for the current year (in metric tonnes)?,Total Waste Recovered,16.9181,Waste Recovered Through Recycled,23.3311,Amount Of Recycled - Hazardous Waste Member,20.1414,Total Waste Recovered,16.9181,High Confidence,Total Waste Recovered
Q22,What is the waste recycled/recovered intensity for the current year?,Waste Recovered Through Recycled,23.3311,Waste Recovered Through Recycled,23.3311,Amount Of Recycled - Hazardous Waste Member,20.1414,Waste Intensity The Relevant Metric May Be Selected By The Entity,16.9233,High Confidence,Waste Recovered Through Recycled
Q23,Percentage of recycled or reused input material used in production (for manufacturing industry) or providing services (for service industry),Remarks For Assurance Of Details Of Percentage Of Recycled Or Reused Input Material To Total Material By Value Used In Production Or Providing Services,39.1277,Remarks For Assurance Of Details Of Percentage Of Recycled Or Reused Input Material To Total Material By Value Used In Production Or Providing Services,39.1277,Indicate In Put Material - Recycled Or Reused Input Material Used In Production Or Providing Services Domain3,38.6461,Indicate In Put Material - Recycled Or Reused Input Material Used In Production Or Providing Services Domain4,38.6461,Ambiguous,Remarks For Assurance Of Details Of Percentage Of Recycled Or Reused Input Material To Total Material By Value Used In Production Or Providing Services
Q24,What was the total waste intensity (current year) (Unit: Metric Tonne) - Physical Output?,Waste Intensity In Term Of Physical Output,30.8291,Waste Intensity In Term Of Physical Output,30.8291,Energy Intensity In Term Of Physical Output,25.5586,Water Intensity In Term Of Physical Output,25.5586,High Confidence,Waste Intensity In Term Of Physical Output
Q25,What is the waste intensity adjusted for Purchasing Power Parity for the current year?,Waste Intensity The Relevant Metric May Be Selected By The Entity,16.9233,Waste Intensity Per Rupee Of Turnover Adjusting For Purchasing Power Parity,33.8807,Total Scope1 And Scope2 Emissions Intensity Per Rupee Of Turnover Adjusted For Purchasing Power Parity,31.6383,Energy Intensity Per Rupee Of Turnover Adjusting For Purchasing Power Parity,29.3538,High Confidence,Waste Intensity The Relevant Metric May Be Selected By The Entity
Q26,Turnover of products and/or services as a percentage of turnover from all products/service that carry information about the safe and responsible usage?,Remarks For Assurance Of Turnover Of Products And Or Services As APercentage Of Turnover From All Products Or Service That Carry Information About As APercentage To Total Turnover,45.7362,Remarks For Assurance Of Turnover Of Products And Or Services As APercentage Of Turnover From All Products Or Service That Carry Information About As APercentage To Total Turnover,45.7362,Assurance Sub Type For Turnover Of Products And Or Services As APercentage Of Turnover From All Products Or Service That Carry Information About As APercentage To Total Turnover,45.3533,Whether Turnover Of Products And Or Services As APercentage Of Turnover From All Products Or Service That Carry Information About As APercentage To Total Turnover Is Assured By Assurer,43.6791,Ambiguous,Remarks For Assurance Of Turnover Of Products And Or Services As APercentage Of Turnover From All Products Or Service That Carry Information About As APercentage To Total Turnover
Q27,What is the clinker factor ratio?,It Is Planned To Be Done In The Next Financial Year - Principle4 Member,9.5512,Does The Entity Display Product Information On The Product Over And Above What Is Mandated As Per Local Laws,9.7985,It Is Planned To Be Done In The Next Financial Year - Principle5 Member,9.5512,It Is Planned To Be Done In The Next Financial Year - Principle8 Member,9.5512,Low Confidence,It Is Planned To Be Done In The Next Financial Year - Principle4 Member
Q28,What is fly ash % utilisation in current year?,It Is Planned To Be Done In The Next Financial Year - Principle2 Member,12.2885,It Is Planned To Be Done In The Next Financial Year - Principle2 Member,12.2885,It Is Planned To Be Done In The Next Financial Year - Principle9 Member,12.2885,It Is Planned To Be Done In The Next Financial Year - Principle6 Member,12.2885,Low Confidence,It Is Planned To Be Done In The Next Financial Year - Principle2 Member
Q29,Is the company investing in new generation aircraft fleet? Has the number increased as compared to previous year?,Percentage Of Investments In Related Parties In Total Investments - Previous Year,17.2139,Percentage Of Investments In Related Parties In Total Investments - Previous Year,17.2139,Whether CSRIs Applicable As Per Section135 Of Companies Act2013,16.0192,Whether CSRIs Applicable As Per Section135 Of Companies Act2013 Is Assured By Assurer,15.4858,High Confidence,Percentage Of Investments In Related Parties In Total Investments - Previous Year
Q30,"What percentage of the total virgin raw material does the company produced and/or purchased covered by FSC, PEFC and/or SFI certification?",What Percentage Of Total Procurement By Value Does It Constitute,20.3383,What Percentage Of Total Procurement By Value Does It Constitute,20.3383,Percentage Of Purchases From Trading Houses In Total Purchases For Concentration Of Purchases,16.7228,Percentage Of Purchases From Trading Houses In Total Purchases For Concentration Of Purchases - Previous Year,15.9892,High Confidence,What Percentage Of Total Procurement By Value Does It Constitute
Q31,Total Lost time incident rate (LTIR)_Workers?,Lost Time Injury Frequency Rate Per One Million Person Hours Worked - Workers Member,25.8837,Lost Time Injury Frequency Rate Per One Million Person Hours Worked - Workers Member,25.8837,Lost Time Injury Frequency Rate Per One Million Person Hours Worked - Workers Member - Previous Year,24.2836,Lost Time Injury Frequency Rate Per One Million Person Hours Worked - Employees Member,23.5254,High Confidence,Lost Time Injury Frequency Rate Per One Million Person Hours Worked - Workers Member
Q32,Total Lost time incident rate (LTIR)_Employees?,Lost Time Injury Frequency Rate Per One Million Person Hours Worked - Employees Member,25.855,Lost Time Injury Frequency Rate Per One Million Person Hours Worked - Employees Member,25.855,Lost Time Injury Frequency Rate Per One Million Person Hours Worked - Employees Member - Previous Year,24.2566,Lost Time Injury Frequency Rate Per One Million Person Hours Worked - Workers Member,23.5254,High Confidence,Lost Time Injury Frequency Rate Per One Million Person Hours Worked - Employees Member
Q33,Total recordable work related injuries for employees as a % of the total employees in the company,Total Recordable Work Related Injuries - Employees Member,35.582,Total Recordable Work Related Injuries - Employees Member,35.582,Total Recordable Work Related Injuries - Employees Member - Previous Year,32.8814,High Consequence Work Related Injury Or Ill Health Excluding Fatalities - Employees Member,18.4493,High Confidence,Total Recordable Work Related Injuries - Employees Member
Q34,Total recordable work related injuries for workers as a % of the total workers in the company,Total Recordable Work Related Injuries - Workers Member,35.6178,Total Recordable Work Related Injuries - Workers Member,35.6178,Total Recordable Work Related Injuries - Workers Member - Previous Year,32.9146,High Consequence Work Related Injury Or Ill Health Excluding Fatalities - Workers Member,18.479,High Confidence,Total Recordable Work Related Injuries - Workers Member
Q35,Fatalities of employees,Number Of Fatalities - Employees Member,14.5458,Number Of Fatalities - Employees Member,14.5458,Number Of Fatalities - Employees Member - Previous Year,13.3512,Does The Entity Extend Any Life Insurance Or Any Compensatory Package In The Event Of Death Of Employees,10.4991,High Confidence,Number Of Fatalities - Employees Member
Q36,Fatalities of workers,Number Of Fatalities - Workers Member,14.5849,Number Of Fatalities - Workers Member,14.5849,Number Of Fatalities - Workers Member - Previous Year,13.387,Does The Entity Extend Any Life Insurance Or Any Compensatory Package In The Event Of Death Of Workers,10.5238,High Confidence,Number Of Fatalities - Workers Member
Q37,Count of high consquence work related injury or ill health of employees (excluding fatalities),High Consequence Work Related Injury Or Ill Health Excluding Fatalities - Employees Member,54.0174,High Consequence Work Related Injury Or Ill Health Excluding Fatalities - Employees Member,54.0174,High Consequence Work Related Injury Or Ill Health Excluding Fatalities - Employees Member - Previous Year,50.5715,Remarks For Assurance Of Details Of Number Of Employees Or Workers Having Suffered High Consequence Work Related Injury Or Ill Health Or Fatalities Who Or Whose Family Members Are Rehabilitated And Placed In Suitable Employment,33.0203,High Confidence,High Consequence Work Related Injury Or Ill Health Excluding Fatalities - Employees Member
Q38,Count of high consquence work related injury or ill health of (excluding fatalities),High Consequence Work Related Injury Or Ill Health Excluding Fatalities - Workers Member,51.6084,High Consequence Work Related Injury Or Ill Health Excluding Fatalities - Workers Member,51.6084,High Consequence Work Related Injury Or Ill Health Excluding Fatalities - Employees Member,51.6084,High Consequence Work Related Injury Or Ill Health Excluding Fatalities - Workers Member - Previous Year,48.3162,Ambiguous,High Consequence Work Related Injury Or Ill Health Excluding Fatalities - Workers Member
Q39,Percentage of plants and offices that were assessed (by entity or statutory authorities or third parties) with respect to health and safety practices?,Percentage Of Health And Safety Practices Of Your Plants And Offices That Were Assessed P3,42.2978,Percentage Of Health And Safety Practices Of Your Plants And Offices That Were Assessed P3,42.2978,Percentage Of Discrimination At Work Place Of Your Plants And Offices That Were Assessed P5,32.1822,Percentage Of Wages Of Your Plants And Offices That Were Assessed P5,29.6472,High Confidence,Percentage Of Health And Safety Practices Of Your Plants And Offices That Were Assessed P3
Q40,Provide percentage of total employees covered under health and safety measures training,Percentage Of Trained Employees Or Workers - Male Member - On Health And Safety Measures Member - Employees Member,20.552,Percentage Of Trained Employees Or Workers - Gender Member - On Health And Safety Measures Member - Employees Member,20.552,Percentage Of Trained Employees Or Workers - Male Member - On Health And Safety Measures Member - Employees Member,20.552,Percentage Of Trained Employees Or Workers - Female Member - On Health And Safety Measures Member - Employees Member,20.552,Ambiguous,Percentage Of Trained Employees Or Workers - Male Member - On Health And Safety Measures Member - Employees Member
Q41,Percentage of total permanent employees covered by health insurance,Percentage Of Well Being Of Employees Or Workers - Male Member - Health Insurance Member - Permanent Employees Member,18.2135,Percentage Of Well Being Of Employees Or Workers - Gender Member - Health Insurance Member - Permanent Employees Member,18.2135,Percentage Of Well Being Of Employees Or Workers - Female Member - Health Insurance Member - Permanent Employees Member,18.2135,Percentage Of Well Being Of Employees Or Workers - Male Member - Health Insurance Member - Permanent Employees Member,18.2135,Ambiguous,Percentage Of Well Being Of Employees Or Workers - Male Member - Health Insurance Member - Permanent Employees Member
Q42,Percentage of total other than permanent employees covered by health insurance,Percentage Of Well Being Of Employees Or Workers - Other Gender Member - Health Insurance Member - Other Than Permanent Employees Member,22.7048,Percentage Of Well Being Of Employees Or Workers - Other Gender Member - Health Insurance Member - Other Than Permanent Employees Member,22.7048,Percentage Of Well Being Of Employees Or Workers - Female Member - Health Insurance Member - Other Than Permanent Employees Member,22.3342,Percentage Of Well Being Of Employees Or Workers - Male Member - Health Insurance Member - Other Than Permanent Employees Member,22.3342,Ambiguous,Percentage Of Well Being Of Employees Or Workers - Other Gender Member - Health Insurance Member - Other Than Permanent Employees Member
Q43,Percentage of total permanent workers covered by health insurance,Percentage Of Persons In Respective Category Covered By The Awareness Programmes - Workers Segment Member,11.625,Percentage Of Persons In Respective Category Covered By The Awareness Programmes - Workers Segment Member,11.625,Remarks For Assurance Of Whether Your Entitys Policy Or Policies Cover Each Principle And Its Core Elements Of The NGRBCs,10.3102,Whether Reasons If Policies Not Cover Each Principle And Its Core Elements Of The NGRBCs Is Assured By Assurer,10.2358,Low Confidence,Percentage Of Persons In Respective Category Covered By The Awareness Programmes - Workers Segment Member
Q44,Percentage of total other than permanent workers covered by health insurance,Details Of Mechanism Available To Receive And Redress Grievances For Other Than Permanent Workers Explanatory Text Block,11.1788,Percentage Of Persons In Respective Category Covered By The Awareness Programmes - Workers Segment Member,11.625,Details Of Mechanism Available To Receive And Redress Grievances For Other Than Permanent Workers Explanatory Text Block,11.1788,Is There AMechanism Available To Receive And Redress Grievances For Other Than Permanent Workers,10.3862,Low Confidence,Details Of Mechanism Available To Receive And Redress Grievances For Other Than Permanent Workers Explanatory Text Block
Q45,Percentage of total permanent employees covered by accident insurance,Percentage Of Well Being Of Employees Or Workers - Male Member - Accident Insurance Member - Permanent Employees Member,19.1348,Percentage Of Well Being Of Employees Or Workers - Gender Member - Accident Insurance Member - Permanent Employees Member,19.1348,Percentage Of Well Being Of Employees Or Workers - Female Member - Accident Insurance Member - Permanent Employees Member,19.1348,Percentage Of Well Being Of Employees Or Workers - Male Member - Accident Insurance Member - Permanent Employees Member,19.1348,Ambiguous,Percentage Of Well Being Of Employees Or Workers - Male Member - Accident Insurance Member - Permanent Employees Member
Q46,What is the percentage of female employees in the workforce,Return To Work Rate Permanent Employees That Took Parental Leave - Female Member,12.2362,Details Of Product Information On The Product Over And Above What Is Mandated As Per Local Laws Explanatory Text Block,12.6141,Return To Work Rate Permanent Employees That Took Parental Leave - Female Member,12.2362,Remarks For Assurance Of Whether The Entity Display Product Information On The Product Over And Above What Is Mandated As Per Local Laws,12.0882,Low Confidence,Return To Work Rate Permanent Employees That Took Parental Leave - Female Member
Q47,What is the turnover rate for permanent female employees in the Current Year,Retention Rates Permanent Employees That Took Parental Leave - Female Member,23.4421,Retention Rates Permanent Employees That Took Parental Leave - Female Member,23.4421,Turnover Rate - Female Member - Permanent Employees Member,22.4572,Retention Rates Permanent Employees That Took Parental Leave - Gender Member,19.076,Ambiguous,Retention Rates Permanent Employees That Took Parental Leave - Female Member
Q48,What is the turnover rate for permanent female worker in the Current Year,Retention Rates Permanent Workers That Took Parental Leave - Female Member,23.474,Retention Rates Permanent Workers That Took Parental Leave - Female Member,23.474,Turnover Rate - Female Member - Permanent Workers Member,22.493,Retention Rates Permanent Workers That Took Parental Leave - Gender Member,19.1079,Ambiguous,Retention Rates Permanent Workers That Took Parental Leave - Female Member
Q49,Pay parity between male and female employees,Number Of Employees Or Workers Related To Minimum Wages - Total Minimum Wages Member - Female Member - Permanent Employees Member,10.9939,Number Of Employees Or Workers Related To Minimum Wages - Total Minimum Wages Member - Female Member - Permanent Employees Member,10.9939,Number Of Employees Or Workers Related To Minimum Wages - Equal To Minimum Wage Member - Female Member - Permanent Employees Member,10.7455,Percentage Of Employees Or Workers Related To Minimum Wages - Equal To Minimum Wage Member - Female Member - Permanent Employees Member,10.7455,Low Confidence,Number Of Employees Or Workers Related To Minimum Wages - Total Minimum Wages Member - Female Member - Permanent Employees Member
Q50,Number of complaints on PSH as a % of female employees/workers for current year,Average Number Of Female Employees Or Workers At The Beginning Of The Year And As At End Of The Year,16.6422,Average Number Of Female Employees Or Workers At The Beginning Of The Year And As At End Of The Year,16.6422,Number Of Trained Employees Or Workers - Female Member - On Skill Upgradation Member - Workers Member,16.1368,Number Of Trained Employees Or Workers - Female Member - On Skill Upgradation Member - Employees Member,16.125,Ambiguous,Average Number Of Female Employees Or Workers At The Beginning Of The Year And As At End Of The Year
Q51,What is the gross wages paid to females as percentage of wages paid,Percentage Of Gross Wages Paid To Female To Total Wages Paid,31.9788,Percentage Of Gross Wages Paid To Female To Total Wages Paid,31.9788,Gross Wages Paid To Female,30.2982,Percentage Of Gross Wages Paid To Female To Total Wages Paid - Previous Year,30.1756,High Confidence,Percentage Of Gross Wages Paid To Female To Total Wages Paid
Q52,How many complaints were filed on discrimination at workplace in current year?,Number Of Complaints Filed During The Year - Discrimination At Work Place Member,31.1603,Number Of Complaints Filed During The Year - Discrimination At Work Place Member,31.1603,Number Of Complaints Pending Resolution At The End Of Year - Discrimination At Work Place Member,25.1388,Remarksfor Complaints Explanatory Text Block - Discrimination At Work Place Member,22.8383,High Confidence,Number Of Complaints Filed During The Year - Discrimination At Work Place Member
Q53,How many complaints were filed by employees and workers or employees as a % of number of employees in the current year,Number Of Complaints Filed From Stake Holder Group During The Year - Complaint Received From Employees And Workers Member,19.7927,Number Of Complaints Filed From Stake Holder Group During The Year - Complaint Received From Employees And Workers Member,19.7927,Number Of Complaints Filed During The Year - Working Conditions Complaints Member,18.4837,Number Of Complaints Filed During The Year - Health Safety Complaints Member,18.4837,High Confidence,Number Of Complaints Filed From Stake Holder Group During The Year - Complaint Received From Employees And Workers Member
Q54,What is the number of pending/unresolved employees and workers grievances as % of total complaints filed in the current year,Number Of Complaints Pending From Stake Holder Group Resolution At The End Of Year - Complaint Received From Employees And Workers Member,18.7871,Number Of Complaints Filed From Stake Holder Group During The Year - Complaint Received From Employees And Workers Member,19.7927,Number Of Complaints Pending From Stake Holder Group Resolution At The End Of Year - Complaint Received From Employees And Workers Member,18.7871,Number Of Complaints Filed During The Year - Health Safety Complaints Member,18.4837,High Confidence,Number Of Complaints Pending From Stake Holder Group Resolution At The End Of Year - Complaint Received From Employees And Workers Member
Q55,How many complaints were filed on wages in the current year,Number Of Complaints Filed During The Year - Wages Member,18.3034,Number Of Complaints Filed During The Year - Wages Member,18.3034,Number Of Complaints Filed During The Year - Health Safety Complaints Member,14.5737,Number Of Complaints Filed During The Year - Working Conditions Complaints Member,14.5737,High Confidence,Number Of Complaints Filed During The Year - Wages Member
Q56,Pending resolution of complaints as a % of total complaints filed by employees and workers pertaining to working conditions,Number Of Complaints Pending Resolution At The End Of Year - Working Conditions Complaints Member,27.7168,Number Of Complaints Pending Resolution At The End Of Year - Working Conditions Complaints Member,27.7168,Number Of Complaints Pending Resolution At The End Of Year - Working Conditions Complaints Member - Previous Year,26.1741,Number Of Complaints Filed During The Year - Working Conditions Complaints Member,24.5025,High Confidence,Number Of Complaints Pending Resolution At The End Of Year - Working Conditions Complaints Member
Q57,What is the turnover rate for permanent workers for the Current Year,Retention Rates Permanent Workers That Took Parental Leave - Male Member,19.1079,Retention Rates Permanent Workers That Took Parental Leave - Male Member,19.1079,Retention Rates Permanent Workers That Took Parental Leave - Gender Member,19.1079,Retention Rates Permanent Workers That Took Parental Leave - Female Member,19.1079,Ambiguous,Retention Rates Permanent Workers That Took Parental Leave - Male Member
Q58,What is the turnover rate for permanent employees for the Current Year,Retention Rates Permanent Employees That Took Parental Leave - Male Member,19.076,Retention Rates Permanent Employees That Took Parental Leave - Female Member,19.076,Retention Rates Permanent Employees That Took Parental Leave - Male Member,19.076,Retention Rates Permanent Employees That Took Parental Leave - Gender Member,19.076,Ambiguous,Retention Rates Permanent Employees That Took Parental Leave - Male Member
Q59,What is the percentage of cost incurred as a % of total revenue of the company with regards to spending on measures towards wellbeing of employees and workers?,Percentage Of Cost Incurred On Well Being Measures With Respect To Total Revenue Of The Company,55.3509,Percentage Of Cost Incurred On Well Being Measures With Respect To Total Revenue Of The Company,55.3509,Percentage Of Cost Incurred On Well Being Measures With Respect To Total Revenue Of The Company - Previous Year,52.2505,Amount Of Cost Incurred On Well Being Measures,38.5188,High Confidence,Percentage Of Cost Incurred On Well Being Measures With Respect To Total Revenue Of The Company
Q60,Percentage of workers or employees in association(s) or unions recognised by the listed entity,Remarks For Assurance Of Membership Of Employees And Worker In Associations Or Unions Recognised By The Listed Entity,30.1769,Remarks For Assurance Of Membership Of Employees And Worker In Associations Or Unions Recognised By The Listed Entity,30.1769,Assurance Sub Type For Membership Of Employees And Worker In Associations Or Unions Recognised By The Listed Entity,29.5335,Whether Membership Of Employees And Worker In Associations Or Unions Recognised By The Listed Entity Is Assured By Assurer,29.4867,Ambiguous,Remarks For Assurance Of Membership Of Employees And Worker In Associations Or Unions Recognised By The Listed Entity
Q61,What is the number of complaints filed by the customers as a % of revenue in Current Year?,Number Of Complaints Filed From Stake Holder Group During The Year - Complaint Received From Customers Member,21.9063,Number Of Complaints Filed From Stake Holder Group During The Year - Complaint Received From Customers Member,21.9063,Number Of Complaints Filed During The Year - Health Safety Complaints Member,18.4837,Number Of Complaints Filed During The Year - Working Conditions Complaints Member,18.4837,High Confidence,Number Of Complaints Filed From Stake Holder Group During The Year - Complaint Received From Customers Member
Q62,Total instances of product recalls,Remarks For Assurance Of Details Of Instances Of Product Recalls On Account Of Safety Issues,18.6717,Remarks For Assurance Of Details Of Instances Of Product Recalls On Account Of Safety Issues,18.6717,Assurance Sub Type For Details Of Instances Of Product Recalls On Account Of Safety Issues,18.4375,Whether Details Of Instances Of Product Recalls On Account Of Safety Issues Is Assured By Assurer,17.917,Ambiguous,Remarks For Assurance Of Details Of Instances Of Product Recalls On Account Of Safety Issues
Q63,% of value chain partners (by value of business done with such partners) that were assessed for Health and Safety practices?,Percentage Of Value Chain Partners By Value Of Business Done With Such Partners That Were Assessed For Environmental Impacts,47.4899,Percentage Of Value Chain Partners By Value Of Business Done With Such Partners That Were Assessed For Environmental Impacts,47.4899,Remarks For Assurance Of Percentage Of Value Chain Partners By Value Of Business Done With Such Partners That Were Assessed For Environmental Impacts,44.0094,Assurance Sub Type For Percentage Of Value Chain Partners By Value Of Business Done With Such Partners That Were Assessed For Environmental Impacts,43.6263,High Confidence,Percentage Of Value Chain Partners By Value Of Business Done With Such Partners That Were Assessed For Environmental Impacts
Q64,What is the purchases from trading houses % of total purchases,Percentage Of Purchases From Top Ten Trading Houses In Total Purchases From Trading Houses - Previous Year,31.3332,Percentage Of Purchases From Top Ten Trading Houses In Total Purchases From Trading Houses,32.8335,Percentage Of Purchases From Top Ten Trading Houses In Total Purchases From Trading Houses - Previous Year,31.3332,Amount Of Total Purchases From Trading Houses,31.3228,High Confidence,Percentage Of Purchases From Top Ten Trading Houses In Total Purchases From Trading Houses - Previous Year
Q65,What is purchases from top 10 trading houses as % of total purchases from trading houses,Percentage Of Purchases From Top Ten Trading Houses In Total Purchases From Trading Houses,45.8334,Percentage Of Purchases From Top Ten Trading Houses In Total Purchases From Trading Houses,45.8334,Percentage Of Purchases From Top Ten Trading Houses In Total Purchases From Trading Houses - Previous Year,43.5535,Amount Of Purchases From Top Ten Trading Houses,42.6567,High Confidence,Percentage Of Purchases From Top Ten Trading Houses In Total Purchases From Trading Houses
Q66,Number of complaints filed by community stakeholders,Number Of Complaints Filed From Stake Holder Group During The Year - Complaint Received From Communities Member,19.0975,Number Of Complaints Filed From Stake Holder Group During The Year - Complaint Received From Communities Member,19.0975,Number Of Complaints Filed From Stake Holder Group During The Year - Complaint Received From Communities Member - Previous Year,18.0893,Number Of Complaints Filed During The Year - Working Conditions Complaints Member,15.0999,High Confidence,Number Of Complaints Filed From Stake Holder Group During The Year - Complaint Received From Communities Member
Q67,Count of pending/unresolved communities grievances,Remarks For Assurance Of Describe The Mechanisms To Receive And Redress Grievances Of The Community,12.8452,Remarks For Assurance Of Describe The Mechanisms To Receive And Redress Grievances Of The Community,12.8452,Grievance Redressal Mechanism In Place - Complaint Received From Communities Member,12.6685,Describe The Mechanisms To Receive And Redress Grievances Of The Community Explanatory Text Block,12.5832,Low Confidence,Remarks For Assurance Of Describe The Mechanisms To Receive And Redress Grievances Of The Community
Q68,Percentage of CSR obligation spent (CSR spent/CSR obligation),Percentage Of Total Turnover For Business Activities - Details Of Business Activities Accounting For Ninety Percent Of The Turnover Domain1,7.381,Percentage Of Total Turnover For Business Activities - Details Of Business Activities Accounting For Ninety Percent Of The Turnover Domain3,7.381,Percentage Of Total Turnover For Business Activities - Details Of Business Activities Accounting For Ninety Percent Of The Turnover Domain7,7.381,Percentage Of Total Turnover For Business Activities - Details Of Business Activities Accounting For Ninety Percent Of The Turnover Domain4,7.381,Low Confidence,Percentage Of Total Turnover For Business Activities - Details Of Business Activities Accounting For Ninety Percent Of The Turnover Domain1
Q69,What is the input material directly sourced from MSMEs/small producers (in % terms - As % of total purchases by value),Percentage Of Directly Sourced From MSMEs Or Small Producers,54.1274,Percentage Of Directly Sourced From MSMEs Or Small Producers,54.1274,Percentage Of Directly Sourced From MSMEs Or Small Producers - Previous Year,50.4392,Remarks For Assurance Of Percentage Of Input Material Inputs To Total Inputs By Value Sourced From Suppliers,32.7675,High Confidence,Percentage Of Directly Sourced From MSMEs Or Small Producers
Q70,Percentage of capital expenditure investments in specific technologies to improve the environmental and social impacts of products and processes to total capex,Remarks For Assurance Of Percentage Of RAnd DAnd Capital Expenditure Investments In Specific Technologies,37.508,Remarks For Assurance Of Percentage Of RAnd DAnd Capital Expenditure Investments In Specific Technologies,37.508,Assurance Sub Type For Percentage Of RAnd DAnd Capital Expenditure Investments In Specific Technologies,36.859,Whether Percentage Of RAnd DAnd Capital Expenditure Investments In Specific Technologies Is Assured By Assurer,35.7939,Ambiguous,Remarks For Assurance Of Percentage Of RAnd DAnd Capital Expenditure Investments In Specific Technologies
Q71,What is the input material sourced directly from within India as % of total purchases,Percentage Of Sourced Directly From Within The District And Neighbouring Districts,29.9092,Percentage Of Sourced Directly From Within The District And Neighbouring Districts,29.9092,Percentage Of Sourced Directly From Within The District And Neighbouring Districts - Previous Year,27.9384,Remarks For Assurance Of Percentage Of Input Material Inputs To Total Inputs By Value Sourced From Suppliers,27.3241,High Confidence,Percentage Of Sourced Directly From Within The District And Neighbouring Districts
Q72,What is the % of job creation in smaller towns - wages paid to persons employed in smaller towns (permanent or non-permanent / on contract) as % of total wage cost,Whether Job Creation In Smaller Towns Disclose Wages Paid To Persons Employed Including Employees Or Workers Employed On APermanent Or Non Permanent Or On Contract Basis Is Assured By Assurer,54.0281,Whether Job Creation In Smaller Towns Disclose Wages Paid To Persons Employed Including Employees Or Workers Employed On APermanent Or Non Permanent Or On Contract Basis Is Assured By Assurer,54.0281,Remarks For Assurance Of Job Creation In Smaller Towns Disclose Wages Paid To Persons Employed Including Employees Or Workers Employed On APermanent Or Non Permanent Or On Contract Basis,53.9521,Assurance Sub Type For Job Creation In Smaller Towns Disclose Wages Paid To Persons Employed Including Employees Or Workers Employed On APermanent Or Non Permanent Or On Contract Basis,52.9384,Ambiguous,Whether Job Creation In Smaller Towns Disclose Wages Paid To Persons Employed Including Employees Or Workers Employed On APermanent Or Non Permanent Or On Contract Basis Is Assured By Assurer
Q73,What are the number of days of account payable?,Number Of Days Of Accounts Payable,30.9792,Number Of Days Of Accounts Payable,30.9792,Number Of Days Of Accounts Payable - Previous Year,28.6052,Remarks For Assurance Of Number Of Days Of Accounts Payables,26.9083,High Confidence,Number Of Days Of Accounts Payable
Q74,What is the sales to dealers/distributors as % of total sales,Percentage Of Sales To Dealers Or Distributors In Total Sales,31.1434,Percentage Of Sales To Top Ten Dealers Or Distributors In Total Sales To Dealers Or Distributors,32.2601,Percentage Of Sales To Dealers Or Distributors In Total Sales,31.1434,Amount Of Total Sales To Dealers Or Distributors,30.9277,High Confidence,Percentage Of Sales To Dealers Or Distributors In Total Sales
Q75,What is the sales to top 10 dealers/distributors as % of total sales to dealers/distributors,Percentage Of Sales To Top Ten Dealers Or Distributors In Total Sales To Dealers Or Distributors,44.4805,Percentage Of Sales To Top Ten Dealers Or Distributors In Total Sales To Dealers Or Distributors,44.4805,Percentage Of Sales To Top Ten Dealers Or Distributors In Total Sales To Dealers Or Distributors - Previous Year,42.383,Amount Of Sales To Top Ten Dealers Or Distributors,41.8465,High Confidence,Percentage Of Sales To Top Ten Dealers Or Distributors In Total Sales To Dealers Or Distributors
Q76,% of data breaches involving PII data of customers,Percentage Of Data Breaches Involving Personally Identifiable Information Of Customers,38.0343,Percentage Of Data Breaches Involving Personally Identifiable Information Of Customers,38.0343,Remarks For Assurance Of Data Breaches Information Like Number Of Instances Of Data Breaches Along With Impact And Percentage Of Data Breaches Involving Personally Identifiable Information Of Customers,34.3206,Assurance Sub Type For Data Breaches Information Like Number Of Instances Of Data Breaches Along With Impact And Percentage Of Data Breaches Involving Personally Identifiable Information Of Customers,34.1236,High Confidence,Percentage Of Data Breaches Involving Personally Identifiable Information Of Customers
Q77,Share of buildings that are certified according to international building standards/GRESB/IGBC,Remarks For Assurance Of Name Of The National And International Codes Or Certifications Or Labels Or Standards Adopted By Your Entity And Mapped To Each Principle,12.4029,Remarks For Assurance Of Name Of The National And International Codes Or Certifications Or Labels Or Standards Adopted By Your Entity And Mapped To Each Principle,12.4029,Construction And Demolition Waste,11.9241,Assurance Sub Type For Name Of The National And International Codes Or Certifications Or Labels Or Standards Adopted By Your Entity And Mapped To Each Principle,11.7949,Low Confidence,Remarks For Assurance Of Name Of The National And International Codes Or Certifications Or Labels Or Standards Adopted By Your Entity And Mapped To Each Principle
Q78,Percentage of independent directors on the board,Percentage Of Female Board Of Directors,18.661,Details Of Specified Committee Of The Board Or Director Responsible For Decision Making On Sustainability Related Issues Explanatory Text Block,18.8592,Percentage Of Female Board Of Directors,18.661,Does The Entity Have ASpecified Committee Of The Board Or Director Responsible For Decision Making On Sustainability Related Issues,18.6439,Ambiguous,Percentage Of Female Board Of Directors
Q79,Number of independent women directors on the board,Number Of Female Board Of Directors,23.9875,Number Of Female Board Of Directors,23.9875,Percentage Of Female Board Of Directors,21.2957,Total Number Of Board Of Directors,18.8736,High Confidence,Number Of Female Board Of Directors
Q80,Number of women directors on the board,Number Of Board Of Directors For Remuneration Or Salary Or Wages - Female Member,18.6361,Number Of Female Board Of Directors,23.9875,Percentage Of Female Board Of Directors,21.2957,Total Number Of Board Of Directors,18.8736,High Confidence,Number Of Board Of Directors For Remuneration Or Salary Or Wages - Female Member
Q81,Average attendance for board meeting in the current FY,Assurance Sub Type For Whether The Entity Have ASpecified Committee Of The Board Or Director Responsible For Decision Making On Sustainability Related Issues,14.7723,Does The Entity Have ASpecified Committee Of The Board Or Director Responsible For Decision Making On Sustainability Related Issues,15.7258,Details Of Specified Committee Of The Board Or Director Responsible For Decision Making On Sustainability Related Issues Explanatory Text Block,15.3051,Assurance Sub Type For Whether The Entity Have ASpecified Committee Of The Board Or Director Responsible For Decision Making On Sustainability Related Issues,14.7723,Ambiguous,Assurance Sub Type For Whether The Entity Have ASpecified Committee Of The Board Or Director Responsible For Decision Making On Sustainability Related Issues
Q82,Number of directorships of all board members,Total Number Of Training And Awareness Programs Held - Board Of Directors Segment Member,16.5126,Total Number Of Board Of Directors,18.8736,Number Of Female Board Of Directors,18.8736,Number Of Board Of Directors For Remuneration Or Salary Or Wages - Female Member,16.5126,Ambiguous,Total Number Of Training And Awareness Programs Held - Board Of Directors Segment Member
Q83,Number of directors against whom disciplinary action was taken by any law enforcement agency for the charges of bribery/corruption,Remarks For Assurance Of Number Of Directors Or KMPs Or Employees Or Workers Against Whom Disciplinary Action Was Taken By Any Law Enforcement Agency For The Charges Of Bribery Or Corruption,51.8548,Remarks For Assurance Of Number Of Directors Or KMPs Or Employees Or Workers Against Whom Disciplinary Action Was Taken By Any Law Enforcement Agency For The Charges Of Bribery Or Corruption,51.8548,Assurance Sub Type For Number Of Directors Or KMPs Or Employees Or Workers Against Whom Disciplinary Action Was Taken By Any Law Enforcement Agency For The Charges Of Bribery Or Corruption,51.4734,Whether Number Of Directors Or KMPs Or Employees Or Workers Against Whom Disciplinary Action Was Taken By Any Law Enforcement Agency For The Charges Of Bribery Or Corruption Is Assured By Assurer,50.6479,Ambiguous,Remarks For Assurance Of Number Of Directors Or KMPs Or Employees Or Workers Against Whom Disciplinary Action Was Taken By Any Law Enforcement Agency For The Charges Of Bribery Or Corruption
Q84,Number of complaints received in relation to issues of conflict of interest of the directors/KMPs,Number Of Complaints Received In Relation To Issues Of Conflict Of Interest Of The KMPs,49.8668,Number Of Complaints Received In Relation To Issues Of Conflict Of Interest Of The KMPs,49.8668,Number Of Complaints Received In Relation To Issues Of Conflict Of Interest Of The KMPs - Previous Year,47.1245,Number Of Complaints Received In Relation To Issues Of Conflict Of Interest Of The Directors,43.8516,High Confidence,Number Of Complaints Received In Relation To Issues Of Conflict Of Interest Of The KMPs
Q85,Percentage of independent directors in nomination and remuneration committee,Median Of Remuneration Or Salary Or Wages Of Board Of Directors - Male Member,17.9563,Median Of Remuneration Or Salary Or Wages Of Board Of Directors - Female Member,17.9563,Median Of Remuneration Or Salary Or Wages Of Board Of Directors - Male Member,17.9563,Number Of Board Of Directors For Remuneration Or Salary Or Wages - Male Member,17.6,Ambiguous,Median Of Remuneration Or Salary Or Wages Of Board Of Directors - Male Member
Q86,Percentage of independent directors in audit committee,Percentage Of Persons In Respective Category Covered By The Awareness Programmes - Board Of Directors Segment Member,10.6888,Percentage Of Female Board Of Directors,12.6665,Number Of Days Of Accounts Payable,11.6313,Details Of Specified Committee Of The Board Or Director Responsible For Decision Making On Sustainability Related Issues Explanatory Text Block,11.5077,Low Confidence,Percentage Of Persons In Respective Category Covered By The Awareness Programmes - Board Of Directors Segment Member
Q87,Number of independent directors in risk management committee,Total Number Of Key Management Personnel,12.0222,Total Number Of Board Of Directors,12.8791,Number Of Female Board Of Directors,12.8791,Total Number Of Key Management Personnel,12.0222,Low Confidence,Total Number Of Key Management Personnel
Q88,Number of independent directors in CSR committee,Number Of Complaints Received In Relation To Issues Of Conflict Of Interest Of The Directors,11.7545,Number Of Female Board Of Directors,12.8791,Total Number Of Board Of Directors,12.8791,Number Of Complaints Received In Relation To Issues Of Conflict Of Interest Of The Directors,11.7545,Low Confidence,Number Of Complaints Received In Relation To Issues Of Conflict Of Interest Of The Directors
Q89,Percentage of subject matter experts appointed in the Audit Committee,Particulate Matter,13.1565,Particulate Matter,13.1565,Cost Of Goods Or Services Procured During The Year,12.6878,Particulate Matter - Previous Year,11.9241,Low Confidence,Particulate Matter
Q90,Ratio of remuneration of MD/CEO to median remuneration of employees,Remarks For Assurance Of Details Of Median Of Remuneration Or Salary Or Wages And Wages Paid To Female,19.4455,Remarks For Assurance Of Details Of Median Of Remuneration Or Salary Or Wages And Wages Paid To Female,19.4455,Assurance Sub Type For Details Of Median Of Remuneration Or Salary Or Wages And Wages Paid To Female,19.0701,Median Of Remuneration Or Salary Or Wages Of Employees Other Than Bod And KMP - Female Member,18.8342,Ambiguous,Remarks For Assurance Of Details Of Median Of Remuneration Or Salary Or Wages And Wages Paid To Female
Q91,Percentage of non audit fees as compared to total audit fees,Safe And Responsible Usage As APercentage To Total Turnover,13.417,Safe And Responsible Usage As APercentage To Total Turnover,13.417,Recycling And Or Safe Disposal As APercentage To Total Turnover,13.0064,Environmental And Social Parameters Relevant To The Product As APercentage To Total Turnover,12.7663,Low Confidence,Safe And Responsible Usage As APercentage To Total Turnover
Q92,Number of whistle blower complaints filed in the current year,Number Of Complaints Filed During The Year - Working Conditions Complaints Member,18.4837,Number Of Complaints Filed During The Year - Health Safety Complaints Member,18.4837,Number Of Complaints Filed During The Year - Working Conditions Complaints Member,18.4837,Number Of Complaints Filed During The Year - Wages Member,18.2614,Ambiguous,Number Of Complaints Filed During The Year - Working Conditions Complaints Member
Q93,Number of pending consumer compliant on unfair trade practices,Consumer Complaints Pending Resolution At End Of Year - Unfair Trade Practices Member,31.9825,Consumer Complaints Pending Resolution At End Of Year - Unfair Trade Practices Member,31.9825,Consumer Complaints Pending Resolution At End Of Year - Unfair Trade Practices Member - Previous Year,29.9423,Remark For Consumer Complaints - Unfair Trade Practices Member,28.9813,High Confidence,Consumer Complaints Pending Resolution At End Of Year - Unfair Trade Practices Member
Q94,Number of employees against whom disciplinary action was taken by any law enforcement agency for the charges of bribery/corruption,Assurance Sub Type For Number Of Directors Or KMPs Or Employees Or Workers Against Whom Disciplinary Action Was Taken By Any Law Enforcement Agency For The Charges Of Bribery Or Corruption,49.3485,Remarks For Assurance Of Number Of Directors Or KMPs Or Employees Or Workers Against Whom Disciplinary Action Was Taken By Any Law Enforcement Agency For The Charges Of Bribery Or Corruption,49.7299,Assurance Sub Type For Number Of Directors Or KMPs Or Employees Or Workers Against Whom Disciplinary Action Was Taken By Any Law Enforcement Agency For The Charges Of Bribery Or Corruption,49.3485,Whether Number Of Directors Or KMPs Or Employees Or Workers Against Whom Disciplinary Action Was Taken By Any Law Enforcement Agency For The Charges Of Bribery Or Corruption Is Assured By Assurer,48.5653,Ambiguous,Assurance Sub Type For Number Of Directors Or KMPs Or Employees Or Workers Against Whom Disciplinary Action Was Taken By Any Law Enforcement Agency For The Charges Of Bribery Or Corruption
Q95,Number of workers against whom disciplinary action was taken by any law enforcement agency for the charges of bribery/corruption,Number Of Workers Against Whom Disciplinary Action Was Taken,41.0761,Number Of Workers Against Whom Disciplinary Action Was Taken,41.0761,Number Of Directors Against Whom Disciplinary Action Was Taken,38.3598,Number Of Workers Against Whom Disciplinary Action Was Taken - Previous Year,38.1785,High Confidence,Number Of Workers Against Whom Disciplinary Action Was Taken
Q96,What is the share of RPTs (as respective %age) in purchases,Percentage Of Purchases From Related Parties In Total Purchases For Share Of Related Party Transactions - Previous Year,14.0331,Percentage Of Purchases From Related Parties In Total Purchases For Share Of Related Party Transactions,14.733,Percentage Of Purchases From Related Parties In Total Purchases For Share Of Related Party Transactions - Previous Year,14.0331,Percentage Of Purchases From Trading Houses In Total Purchases For Concentration Of Purchases,13.6445,Ambiguous,Percentage Of Purchases From Related Parties In Total Purchases For Share Of Related Party Transactions - Previous Year
Q97,What is the share of RPTs (as respective %age) in sales,Percentage Of Sales To Related Parties In Total Sales For Share Of Related Party Transactions,14.9543,Percentage Of Sales To Related Parties In Total Sales For Share Of Related Party Transactions,14.9543,Percentage Of Sales To Related Parties In Total Sales For Share Of Related Party Transactions - Previous Year,14.2449,Details Of Product Information On The Product Over And Above What Is Mandated As Per Local Laws Explanatory Text Block,13.4925,Ambiguous,Percentage Of Sales To Related Parties In Total Sales For Share Of Related Party Transactions
Q98,What is the share of RPTs (as respective %age) in loans and advances,Percentage Of Loans And Advances Given To Related Parties In Total Loans And Advances,23.6224,Percentage Of Loans And Advances Given To Related Parties In Total Loans And Advances,23.6224,Percentage Of Loans And Advances Given To Related Parties In Total Loans And Advances - Previous Year,22.5415,Amount Of Total Loans And Advances,21.2514,High Confidence,Percentage Of Loans And Advances Given To Related Parties In Total Loans And Advances
Q99,What is the share of RPTs (as respective %age) in investments,Number Of Employees Covered As Percentage Of Total Employees - Provident Fund Member,13.8572,Percentage Of Investments In Related Parties In Total Investments,15.0191,Percentage Of Investments In Related Parties In Total Investments - Previous Year,14.2464,Number Of Employees Covered As Percentage Of Total Employees - Provident Fund Member,13.8572,Ambiguous,Number Of Employees Covered As Percentage Of Total Employees - Provident Fund Member
Q100,Are there any initiatives towards reduction in GHG emissions,Total Scope2 Emissions,18.5143,Total Scope2 Emissions,18.5143,Total Scope1 And Scope2 Emissions Intensity The Relevant Metric May Be Selected By The Entity,18.3254,Total Scope1 And Scope2 Emissions Intensity The Relevant Metric May Be Selected By The Entity - Previous Year,17.4074,Ambiguous,Total Scope2 Emissions
Q101,What are the VOC/POP/HAP emissions for the current year (Unit: Metric Tonne),Water Intensity The Relevant Metric May Be Selected By The Entity,13.5643,Total Scope3 Emission Intensity The Relevant Metric May Be Selected By The Entity,16.7629,Total Scope1 And Scope2 Emissions Intensity The Relevant Metric May Be Selected By The Entity,15.3328,Water Intensity The Relevant Metric May Be Selected By The Entity,13.5643,High Confidence,Water Intensity The Relevant Metric May Be Selected By The Entity
Q102,"What are the initiatives taken to reduce the NOx, SOx, PM, VOC, HAP and POP air emissions",NOx - Previous Year,22.9793,NOx,25.3542,SOx,24.8055,NOx - Previous Year,22.9793,Ambiguous,NOx - Previous Year
Q103,Does the company have facilities/operations in water stress regions,Remarks For Assurance Of Water Withdrawal Or Consumption And Discharge In Areas Of Water Stress In Kilolitres,23.385,Remarks For Assurance Of Water Withdrawal Or Consumption And Discharge In Areas Of Water Stress In Kilolitres,23.385,Assurance Sub Type For Water Withdrawal Or Consumption And Discharge In Areas Of Water Stress In Kilolitres,22.7385,Whether Water Withdrawal Or Consumption And Discharge In Areas Of Water Stress In Kilolitres Is Assured By Assurer,22.1375,Ambiguous,Remarks For Assurance Of Water Withdrawal Or Consumption And Discharge In Areas Of Water Stress In Kilolitres
Q104,Has the entity implemented mechanism for Zero Liquid Discharge,Has The Entity Implemented AMechanism For Zero Liquid Discharge,42.7792,Has The Entity Implemented AMechanism For Zero Liquid Discharge,42.7792,Assurance Sub Type For The Entity Implemented AMechanism For Zero Liquid Discharge,35.045,Remarks For Assurance Of The Entity Implemented AMechanism For Zero Liquid Discharge,35.045,High Confidence,Has The Entity Implemented AMechanism For Zero Liquid Discharge
Q105,Does the company monitor Chemical Oxygen Demand during water discharge,Name Of Other Emissions - Other Air Emissions Domain8,13.459,Whether Details Of Total Energy Consumption And Energy Intensity Applicable To The Company,16.3282,Remarks For Assurance Of Water Withdrawal Or Consumption And Discharge In Areas Of Water Stress In Kilolitres,16.2496,Assurance Sub Type For Water Withdrawal Or Consumption And Discharge In Areas Of Water Stress In Kilolitres,15.6031,Low Confidence,Name Of Other Emissions - Other Air Emissions Domain8
Q106,Third party verification of water data,Water Withdrawal By Third Party Water,21.6985,Water Withdrawal By Third Party Water,21.6985,Water Withdrawal By Third Party Water - Previous Year,20.1031,Water Discharge By Sent To Third Parties,18.653,High Confidence,Water Withdrawal By Third Party Water
Q107,What are the goals/targets/commitments towards Energy consumption,Total Electricity Consumption From Renewable Sources,23.1931,Total Electricity Consumption From Renewable Sources,23.1931,Total Fuel Consumption From Renewable Sources,23.1931,Total Electricity Consumption From Non Renewable Sources,22.2407,Ambiguous,Total Electricity Consumption From Renewable Sources
Q108,"Does the entity have any sites/facilities identified as designated consumers under the Performance, Achieve and Tade Scheme of the Government of India? (Y/N) If yes, disclose whether targets set under the PAT scheme have been achieved in case targets have not been achieved, provide the remedial action taken, if any",Disclose Whether Targets Set Under The Pat Scheme Have Been Achieved In Case Targets Have Not Been Achieved Then Provide The Remedial Action Taken Explanatory Text Block,74.9652,Disclose Whether Targets Set Under The Pat Scheme Have Been Achieved In Case Targets Have Not Been Achieved Then Provide The Remedial Action Taken Explanatory Text Block,74.9652,Does The Entity Have Any Sites Or Facilities Identified As Designated Consumers Under The Performance Achieve And Trade Scheme Of The Government Of India,66.1741,Assurer Has Assured Whether The Entity Have Any Sites Or Facilities Identified As Designated Consumers Under The Performance Achieve And Trade Scheme Of The Government Of India,61.5209,High Confidence,Disclose Whether Targets Set Under The Pat Scheme Have Been Achieved In Case Targets Have Not Been Achieved Then Provide The Remedial Action Taken Explanatory Text Block
Q109,Is there a disclosure regarding the energy management system? ISO 50001 Certification,Disclosure Web Link Of Entity At Which Business Continuity And Disaster Management Plan Is Placed,20.4687,Disclosure Web Link Of Entity At Which Business Continuity And Disaster Management Plan Is Placed,20.4687,Whether Health And Safety Management System Is Assured By Assurer,18.1693,Total Electricity Consumption From Renewable Sources,16.9424,High Confidence,Disclosure Web Link Of Entity At Which Business Continuity And Disaster Management Plan Is Placed
Q110,Waste management practices and strategies to reduce usage of hazardous and toxic chemicals from the products and processes,Details Of Waste Management Practices Adopted In Your Establishments And The Strategy Adopted By Company To Reduce Usage Of Hazardous And Toxic Chemicals Explanatory Text Block,46.8397,Details Of Waste Management Practices Adopted In Your Establishments And The Strategy Adopted By Company To Reduce Usage Of Hazardous And Toxic Chemicals Explanatory Text Block,46.8397,Remarks For Assurance Of Details Of Waste Management Practices Adopted In Your Establishments And The Strategy Adopted By Company To Reduce Usage Of Hazardous And Toxic Chemicals,46.1805,Assurance Sub Type For Details Of Waste Management Practices Adopted In Your Establishments And The Strategy Adopted By Company To Reduce Usage Of Hazardous And Toxic Chemicals,45.7963,Ambiguous,Details Of Waste Management Practices Adopted In Your Establishments And The Strategy Adopted By Company To Reduce Usage Of Hazardous And Toxic Chemicals Explanatory Text Block
Q111,"What are the processes to safely reclaim the products for reusing, recycling and disposing at the end of life for, (a) Plastics (including packaging) (b)e-waste (c) hazardous waste and (d) other waste?",Remarks For Assurance Of Describe The Processes In Place To Safely Reclaim Your Products For Reusing Recycling And Disposing At The End Of Life For Plastics Including Packaging EWaste Hazardous Waste And Other Waste,62.4718,Remarks For Assurance Of Describe The Processes In Place To Safely Reclaim Your Products For Reusing Recycling And Disposing At The End Of Life For Plastics Including Packaging EWaste Hazardous Waste And Other Waste,62.4718,Assurance Sub Type For Describe The Processes In Place To Safely Reclaim Your Products For Reusing Recycling And Disposing At The End Of Life For Plastics Including Packaging EWaste Hazardous Waste And Other Waste,61.9111,Whether Describe The Processes In Place To Safely Reclaim Your Products For Reusing Recycling And Disposing At The End Of Life For Plastics Including Packaging EWaste Hazardous Waste And Other Waste Is Assured By Assurer,60.4675,Ambiguous,Remarks For Assurance Of Describe The Processes In Place To Safely Reclaim Your Products For Reusing Recycling And Disposing At The End Of Life For Plastics Including Packaging EWaste Hazardous Waste And Other Waste
Q112,"Whether Extended Producer Responsibility (EPR) is applicable to entity’s activities (Y/N). If yes, whether the waste collection plan is in line with the Extended Producer Responsibility plan submitteed to Pollution Control Boards",Whether The Waste Collection Plan Is In Line With The Extended Producer Responsibility Plan Submitted To Pollution Control Boards,66.4949,Whether The Waste Collection Plan Is In Line With The Extended Producer Responsibility Plan Submitted To Pollution Control Boards,66.4949,Assurer Has Assured Whether The Waste Collection Plan Is In Line With The Extended Producer Responsibility Plan Submitted To Pollution Control Boards And Steps Taken To Address The Waste Collection Plan If Not Submitted,57.6329,Assurance Sub Type For Whether The Waste Collection Plan Is In Line With The Extended Producer Responsibility Plan Submitted To Pollution Control Boards And Steps Taken To Address The Waste Collection Plan If Not Submitted,56.6387,High Confidence,Whether The Waste Collection Plan Is In Line With The Extended Producer Responsibility Plan Submitted To Pollution Control Boards
Q113,Third party verification of waste data,Waste Recovered Through Recycled - Previous Year,21.3328,Waste Recovered Through Recycled,23.3311,Amount Of Recycled - Hazardous Waste Member,22.1968,Waste Recovered Through Recycled - Previous Year,21.3328,High Confidence,Waste Recovered Through Recycled - Previous Year
Q114,Is there presence of offices/manufacturing facilities in ecologically sensitive areas,Whether Details Of Operations Or Offices In Or Around Ecologically Sensitive Areas Where Environmental Approvals Or Clearances Are Required Is Assured By Assurer,22.0629,Whether Details Of Operations Or Offices In Or Around Ecologically Sensitive Areas Where Environmental Approvals Or Clearances Are Required Is Assured By Assurer,22.0629,Remarks For Assurance Of Details Of Operations Or Offices In Or Around Ecologically Sensitive Areas Where Environmental Approvals Or Clearances Are Required,20.6427,Assurance Sub Type For Details Of Operations Or Offices In Or Around Ecologically Sensitive Areas Where Environmental Approvals Or Clearances Are Required,20.0153,High Confidence,Whether Details Of Operations Or Offices In Or Around Ecologically Sensitive Areas Where Environmental Approvals Or Clearances Are Required Is Assured By Assurer
Q115,Provide details of significant direct and indirect impact of the entity on biodiversity in ecological sensitive areas along with prevention and remediation activities,Details Of Significant Direct And Indirect Impact Of The Entity On Biodiversity In Such Areas Along With Prevention And Remediation Activities Explanatory Text Block,58.8265,Details Of Significant Direct And Indirect Impact Of The Entity On Biodiversity In Such Areas Along With Prevention And Remediation Activities Explanatory Text Block,58.8265,Remarks For Assurance Of Details Of Significant Direct And Indirect Impact Of The Entity On Biodiversity In Such Areas Along With Prevention And Remediation Activities,57.8359,Assurance Sub Type For Details Of Significant Direct And Indirect Impact Of The Entity On Biodiversity In Such Areas Along With Prevention And Remediation Activities,57.4518,Ambiguous,Details Of Significant Direct And Indirect Impact Of The Entity On Biodiversity In Such Areas Along With Prevention And Remediation Activities Explanatory Text Block
Q116,Does the company have an Environment or a Biodiversity policy,Does The Entity Have An Equal Opportunity Policy As Per The Rights Of Persons With Disabilities Act2016,22.3129,Does The Entity Have An Equal Opportunity Policy As Per The Rights Of Persons With Disabilities Act2016,22.3129,Does The Entity Have An Anti Corruption Or Anti Bribery Policy,18.6227,Remarks For Assurance Of Whether The Entity Have An Equal Opportunity Policy As Per The Rights Of Persons With Disabilities Act2016,18.224,High Confidence,Does The Entity Have An Equal Opportunity Policy As Per The Rights Of Persons With Disabilities Act2016
Q117,Does the company’s policy on Biodiversity extend to its value chain partners (Y/N),Do The Enlisted Policies Extend To Your Value Chain Partners - Principle7 Member,28.9489,Do The Enlisted Policies Extend To Your Value Chain Partners - Principle7 Member,28.9489,Remarks For Assurance Of Whether The Enlisted Policies Extend To Your Value Chain Partners,25.873,Assurer Has Assured Whether The Enlisted Policies Extend To Your Value Chain Partners,25.1441,High Confidence,Do The Enlisted Policies Extend To Your Value Chain Partners - Principle7 Member
Q118,Does the company take initiatives with regards to its Biodiversity conservation/land rehabilitation and biodiversity restoration,Percentage Of Cost Incurred On Well Being Measures With Respect To Total Revenue Of The Company - Previous Year,15.4837,Percentage Of Cost Incurred On Well Being Measures With Respect To Total Revenue Of The Company,16.3792,Percentage Of Cost Incurred On Well Being Measures With Respect To Total Revenue Of The Company - Previous Year,15.4837,Remarks For Assurance Of Details Of Complaints With Regard To Conflict Of Interest,14.789,Ambiguous,Percentage Of Cost Incurred On Well Being Measures With Respect To Total Revenue Of The Company - Previous Year
Q119,Are there any goals/targets/commitments set towards carbon neutrality/ Net Zero,Specific Commitments Goals And Targets Set By The Entity With Defined Timelines Explanatory Text Block - Principle6 Member,24.2931,Specific Commitments Goals And Targets Set By The Entity With Defined Timelines Explanatory Text Block - Principle6 Member,24.2931,Remarks For Assurance Of Specific Commitments Goals And Targets Set By The Entity With Defined Timelines,22.2776,Assurance Sub Type For Specific Commitments Goals And Targets Set By The Entity With Defined Timelines,22.2776,High Confidence,Specific Commitments Goals And Targets Set By The Entity With Defined Timelines Explanatory Text Block - Principle6 Member
Q120,Does the organisation report on CDP Disclosure as per Climate Change Module,Type Of Assurance For Section AGeneral Disclosures,14.3782,Type Of Assurance For Section AGeneral Disclosures,14.3782,Type Of Assurance For Governance Leadership And Oversight,12.5718,Does The Entity Display Product Information On The Product Over And Above What Is Mandated As Per Local Laws,12.2453,High Confidence,Type Of Assurance For Section AGeneral Disclosures
Q121,"Does the company perform climate related scenario analysis (based on TCFD framework); Based on the climate risk assessment, has the company set up a plan to adapt to the identified physical climate risks",Assurer Has Assured Whether The Entity Have AFramework Or Policy On Cyber Security And Risks Related To Data Privacy,23.6786,Desclosure Of The Processes Used To Identify Work Related Hazards And Assess Risks On ARoutine And Non Routine Basis By The Entity Explanatory Text Block,25.6315,Does The Entity Have AFramework Or Policy On Cyber Security And Risks Related To Data Privacy,24.988,Assurer Has Assured Whether The Entity Have AFramework Or Policy On Cyber Security And Risks Related To Data Privacy,23.6786,Ambiguous,Assurer Has Assured Whether The Entity Have AFramework Or Policy On Cyber Security And Risks Related To Data Privacy
Q122,Presence of ISO 14001:2015 certifications,Assurance Sub Type For Name Of The National And International Codes Or Certifications Or Labels Or Standards Adopted By Your Entity And Mapped To Each Principle,5.8079,Remarks For Assurance Of Name Of The National And International Codes Or Certifications Or Labels Or Standards Adopted By Your Entity And Mapped To Each Principle,6.4158,Assurance Sub Type For Name Of The National And International Codes Or Certifications Or Labels Or Standards Adopted By Your Entity And Mapped To Each Principle,5.8079,Whether Name Of The National And International Codes Or Certifications Or Labels Or Standards Adopted By Your Entity And Mapped To Each Principle Is Assured By Assurer,5.677,Low Confidence,Assurance Sub Type For Name Of The National And International Codes Or Certifications Or Labels Or Standards Adopted By Your Entity And Mapped To Each Principle
Q123,Does the entity implement carbon pricing mechanism/model?,Number Of Days Of Accounts Payable - Previous Year,13.2632,Number Of Days Of Accounts Payable,14.3232,Number Of Days Of Accounts Payable - Previous Year,13.2632,Remarks For Assurance Of Number Of Days Of Accounts Payables,12.6881,Low Confidence,Number Of Days Of Accounts Payable - Previous Year
Q124,Does the company have a policy on environmental management and is it available publicly,Whether Information Available In Public Domain - Public Policy1,22.8163,Whether Information Available In Public Domain - Public Policy22,22.8163,Whether Information Available In Public Domain - Public Policy27,22.8163,Whether Information Available In Public Domain - Public Policy34,22.8163,Ambiguous,Whether Information Available In Public Domain - Public Policy1
Q125,"Is the entity compliant with the appliacble environmental law/regulations/guidelines for India; such as the Water (Prevention and Control of Pollution) Act, AIr (Prevention and Control of Pollution) Act, Environmental protection act and rules thereunder (Y/N). If not, provide details of all such non compliances",Provide Details Of The Non Compliance - Law Or Regulation Or Guidelines7,41.0119,Provide Details Of The Non Compliance - Law Or Regulation Or Guidelines7,41.0119,Provide Details Of The Non Compliance - Law Or Regulation Or Guidelines6,37.0774,Provide Details Of The Non Compliance - Law Or Regulation Or Guidelines12,37.0774,High Confidence,Provide Details Of The Non Compliance - Law Or Regulation Or Guidelines7
Q126,Does the company have a strategy for climate change adaptation and mitigation,Remarks For Assurance Of Disclose Any Significant Adverse Impact To The Environment Arising From The Value Chain Of The Entity What Mitigation Or Adaptation Measures Have Been Taken By The Entity In This Regard,15.8428,Does The Entity Have Any Sites Or Facilities Identified As Designated Consumers Under The Performance Achieve And Trade Scheme Of The Government Of India,18.0883,Remarks For Assurance Of Disclose Any Significant Adverse Impact To The Environment Arising From The Value Chain Of The Entity What Mitigation Or Adaptation Measures Have Been Taken By The Entity In This Regard,15.8428,Does The Entity Have An Equal Opportunity Policy As Per The Rights Of Persons With Disabilities Act2016,15.7974,High Confidence,Remarks For Assurance Of Disclose Any Significant Adverse Impact To The Environment Arising From The Value Chain Of The Entity What Mitigation Or Adaptation Measures Have Been Taken By The Entity In This Regard
Q127,Discussion of the integration of environmental considerations into strategic planning for data centre needs,Assurance Sub Type For Data Breaches Information Like Number Of Instances Of Data Breaches Along With Impact And Percentage Of Data Breaches Involving Personally Identifiable Information Of Customers,16.5034,Remarks For Assurance Of Data Breaches Information Like Number Of Instances Of Data Breaches Along With Impact And Percentage Of Data Breaches Involving Personally Identifiable Information Of Customers,16.7004,Assurance Sub Type For Data Breaches Information Like Number Of Instances Of Data Breaches Along With Impact And Percentage Of Data Breaches Involving Personally Identifiable Information Of Customers,16.5034,Whether Data Breaches Information Like Number Of Instances Of Data Breaches Along With Impact And Percentage Of Data Breaches Involving Personally Identifiable Information Of Customers Is Assured By Assurer,15.3514,Ambiguous,Assurance Sub Type For Data Breaches Information Like Number Of Instances Of Data Breaches Along With Impact And Percentage Of Data Breaches Involving Personally Identifiable Information Of Customers
Q128,"Are there any social or environmental concerns and/or risks arising from production or disposal of products, as identified in the Life Cycle Perspective/Assessments",Remarks For Assurance Of Details Of Significant Social Or Environmental Concerns From Production Or Disposal Of Product Or Service With Action Taken To Mitigate The Same,25.4521,Remarks For Assurance Of Details Of Significant Social Or Environmental Concerns From Production Or Disposal Of Product Or Service With Action Taken To Mitigate The Same,25.4521,Assurance Sub Type For Details Of Significant Social Or Environmental Concerns From Production Or Disposal Of Product Or Service With Action Taken To Mitigate The Same,25.0679,Whether Details Of Significant Social Or Environmental Concerns From Production Or Disposal Of Product Or Service With Action Taken To Mitigate The Same Is Assured By Assurer,24.518,Ambiguous,Remarks For Assurance Of Details Of Significant Social Or Environmental Concerns From Production Or Disposal Of Product Or Service With Action Taken To Mitigate The Same
Q129,"Has the company taken initiatives to use reusable, recyclable or compostable packagin",Assurance Sub Type For Steps Taken To Inform And Educate Consumers About Safe And Responsible Usage Of Products And Or Services,10.3517,Steps Taken To Inform And Educate Consumers About Safe And Responsible Usage Of Products And Or Services Explanatory Text Block,10.6288,Assurance Sub Type For Steps Taken To Inform And Educate Consumers About Safe And Responsible Usage Of Products And Or Services,10.3517,Remarks For Assurance Of Steps Taken To Inform And Educate Consumers About Safe And Responsible Usage Of Products And Or Services,10.3517,Low Confidence,Assurance Sub Type For Steps Taken To Inform And Educate Consumers About Safe And Responsible Usage Of Products And Or Services
Q130,What are the intiatives taken to reduce plastic packaging,Amount Of Recycled - Plastics Including Packaging Member,15.4957,Amount Of Recycled - Plastics Including Packaging Member,15.4957,Amount Of Safely Disposed - Plastics Including Packaging Member,14.8844,Amount Of Re Used - Plastics Including Packaging Member,14.8844,Ambiguous,Amount Of Recycled - Plastics Including Packaging Member
Q131,Turnover of products and/or services as a percentage of turover from all products/service that carry information about the recycling and/or safe disposal,Assurance Sub Type For Turnover Of Products And Or Services As APercentage Of Turnover From All Products Or Service That Carry Information About As APercentage To Total Turnover,44.4692,Remarks For Assurance Of Turnover Of Products And Or Services As APercentage Of Turnover From All Products Or Service That Carry Information About As APercentage To Total Turnover,44.8522,Assurance Sub Type For Turnover Of Products And Or Services As APercentage Of Turnover From All Products Or Service That Carry Information About As APercentage To Total Turnover,44.4692,Whether Turnover Of Products And Or Services As APercentage Of Turnover From All Products Or Service That Carry Information About As APercentage To Total Turnover Is Assured By Assurer,43.6791,Ambiguous,Assurance Sub Type For Turnover Of Products And Or Services As APercentage Of Turnover From All Products Or Service That Carry Information About As APercentage To Total Turnover
Q132,Does your company have a publicly available no deforestation policy or commitment that applies to your company’s operational practices,Whether Information Available In Public Domain - Public Policy2,16.8742,Percentage Of Health And Safety Practices Of Your Plants And Offices That Were Assessed P3,17.2935,Does The Entity Have An Equal Opportunity Policy As Per The Rights Of Persons With Disabilities Act2016,17.0674,Whether Information Available In Public Domain - Public Policy34,16.8742,Ambiguous,Whether Information Available In Public Domain - Public Policy2
Q133,Does the company owns/lease/manages forest land for its operations,Remarks For Assurance Of Whether The Entity Conducted Life Cycle Perspective Or Assessments For Any Of Its Products Or For Its Services,9.8964,Does The Entity Have Procedures In Place For Sustainable Sourcing,11.7241,Whether Details Of Total Energy Consumption And Energy Intensity Applicable To The Company,11.519,What Percentage Of Total Procurement By Value Does It Constitute,10.3577,Low Confidence,Remarks For Assurance Of Whether The Entity Conducted Life Cycle Perspective Or Assessments For Any Of Its Products Or For Its Services
Q134,Are there any intiatives taken with respect to sustainable agriclutire by the company,Whether Disclose Any Significant Adverse Impact To The Environment Arising From The Value Chain Of The Entity What Mitigation Or Adaptation Measures Have Been Taken By The Entity In This Regard Is Assured By Assurer,13.8904,Does The Entity Have Procedures In Place For Sustainable Sourcing,17.0791,Did Your Entity Carry Out Any Survey With Regard To Consumer Satisfaction Relating To The Major Products Or Services Of The Entity Significant Locations Of Operation Of The Entity Or The Entity As AWhole,14.4971,Percentage Of Cost Incurred On Well Being Measures With Respect To Total Revenue Of The Company,14.2911,High Confidence,Whether Disclose Any Significant Adverse Impact To The Environment Arising From The Value Chain Of The Entity What Mitigation Or Adaptation Measures Have Been Taken By The Entity In This Regard Is Assured By Assurer
Q135,Is the manufacturing smart farm equipments/machinery,It Is Planned To Be Done In The Next Financial Year - Principle8 Member,9.5512,It Is Planned To Be Done In The Next Financial Year - Principle8 Member,9.5512,It Is Planned To Be Done In The Next Financial Year - Principle4 Member,9.5512,It Is Planned To Be Done In The Next Financial Year - Principle2 Member,9.5512,Low Confidence,It Is Planned To Be Done In The Next Financial Year - Principle8 Member
Q136,"Is the company exposed to animal products and are these certified or accredited by one or more independent third party? If yes, does the company demand or monitor such certification or accreditation from its suppliers?",Whether APreferential Procurement Policy Where Preference To Purchase From Suppliers Comprising Marginalized Or Vulnerable Groups And Its Percentage Of Total Procurement By Value Does It Constitute Is Assured By Assurer,19.7211,Whether APreferential Procurement Policy Where Preference To Purchase From Suppliers Comprising Marginalized Or Vulnerable Groups And Its Percentage Of Total Procurement By Value Does It Constitute Is Assured By Assurer,19.7211,Whether Weblink Where Information On Products And Services Of The Entity Can Be Accessed Is Assured By Assurer,19.5239,Remarks For Assurance Of APreferential Procurement Policy Where Preference To Purchase From Suppliers Comprising Marginalized Or Vulnerable Groups And Its Percentage Of Total Procurement By Value Does It Constitute,17.8262,Ambiguous,Whether APreferential Procurement Policy Where Preference To Purchase From Suppliers Comprising Marginalized Or Vulnerable Groups And Its Percentage Of Total Procurement By Value Does It Constitute Is Assured By Assurer
Q137,What are the initiatives taken with respect to Chemical Sagety management,Assurance Sub Type For Disclose Any Significant Adverse Impact To The Environment Arising From The Value Chain Of The Entity What Mitigation Or Adaptation Measures Have Been Taken By The Entity In This Regard,12.9763,Disclose Any Significant Adverse Impact To The Environment Arising From The Value Chain Of The Entity What Mitigation Or Adaptation Measures Have Been Taken By The Entity In This Regard Explanatory Text Block,13.2219,Remarks For Assurance Of Disclose Any Significant Adverse Impact To The Environment Arising From The Value Chain Of The Entity What Mitigation Or Adaptation Measures Have Been Taken By The Entity In This Regard,12.9763,Assurance Sub Type For Disclose Any Significant Adverse Impact To The Environment Arising From The Value Chain Of The Entity What Mitigation Or Adaptation Measures Have Been Taken By The Entity In This Regard,12.9763,Low Confidence,Assurance Sub Type For Disclose Any Significant Adverse Impact To The Environment Arising From The Value Chain Of The Entity What Mitigation Or Adaptation Measures Have Been Taken By The Entity In This Regard
Q138,Does the company have waste heat recovery systems for enchancing energy efficiency (Cement),Waste Recovered Through Other Recovery Operations,25.6475,Waste Recovered Through Other Recovery Operations,25.6475,Waste Recovered Through Other Recovery Operations - Previous Year,23.6242,Waste Recovered Through Recycled,23.3311,High Confidence,Waste Recovered Through Other Recovery Operations
Q139,"Is the forestland certified as per international sustainable forest management standards such as FSC, PEFC, SFI",Whether Name Of The National And International Codes Or Certifications Or Labels Or Standards Adopted By Your Entity And Mapped To Each Principle Is Assured By Assurer,12.0663,Whether Name Of The National And International Codes Or Certifications Or Labels Or Standards Adopted By Your Entity And Mapped To Each Principle Is Assured By Assurer,12.0663,Whether Measures Taken By The Entity To Ensure ASafe And Healthy Work Place Is Assured By Assurer,11.5557,Does The Entity Have ABusiness Continuity And Disaster Management Plan,11.1737,Low Confidence,Whether Name Of The National And International Codes Or Certifications Or Labels Or Standards Adopted By Your Entity And Mapped To Each Principle Is Assured By Assurer
Q140,What measures are taken to reduce marine pollution and manage ballast water,Whether Any Steps Are Being Taken By The Entity If The Premises Or Offices Of The Entity Not Accessible To Differently Abled Employees And Workers Explanatory Text Block,12.8372,Remarks For Assurance Of Water Withdrawal Or Consumption And Discharge In Areas Of Water Stress In Kilolitres,16.9293,Assurance Sub Type For Water Withdrawal Or Consumption And Discharge In Areas Of Water Stress In Kilolitres,16.2828,Whether Water Withdrawal Or Consumption And Discharge In Areas Of Water Stress In Kilolitres Is Assured By Assurer,15.8475,Low Confidence,Whether Any Steps Are Being Taken By The Entity If The Premises Or Offices Of The Entity Not Accessible To Differently Abled Employees And Workers Explanatory Text Block
Q141,Does the company comply with new regilation of Energy Efficiency Existing Ship (require al ships above 400GT),Remarks For Assurance Of Performance Against Above Policies And Follow Up Action,18.4373,Remarks For Assurance Of Performance Against Above Policies And Follow Up Action,18.4373,Whether Performance Against Above Policies And Follow Up Action Is Assured By Assurer,18.1406,Total Electricity Consumption From Renewable Sources,16.9424,Ambiguous,Remarks For Assurance Of Performance Against Above Policies And Follow Up Action
Q142,Are there any initiatives to promot sustainable shipping practices or reduce the carbon footprint of port operations,Remarks For Assurance Of Details Of Number Of Locations Where Plants And Or Operations Or Offices Of The Entity Are Situated,16.4005,Does The Entity Have Procedures In Place For Sustainable Sourcing,17.0791,Remarks For Assurance Of Details Of Number Of Locations Where Plants And Or Operations Or Offices Of The Entity Are Situated,16.4005,Location Of Operations Or Offices - Operations Or Offices Where Environmental Approvals Or Clearances Required6,16.2359,Ambiguous,Remarks For Assurance Of Details Of Number Of Locations Where Plants And Or Operations Or Offices Of The Entity Are Situated
Q143,Does the copmany manufacture electric or alternate fuel bsaed vessel/ships or related components for the same?,Remarks For Assurance Of Details Of Total Energy Consumption In Joules Or Multiples And Energy Intensity,12.2484,Remarks For Assurance Of Details Of Total Energy Consumption In Joules Or Multiples And Energy Intensity,12.2484,Assurance Sub Type For Details Of Total Energy Consumption In Joules Or Multiples And Energy Intensity,11.5993,Name Of The Trade And Industry Chambers Or Associations - Industry Chambers Or Associations2 Member,11.4195,Low Confidence,Remarks For Assurance Of Details Of Total Energy Consumption In Joules Or Multiples And Energy Intensity
Q144,Is company using sustainable alternative fuels liek SAF in its fleet,It Is Planned To Be Done In The Next Financial Year - Principle9 Member,14.6324,It Is Planned To Be Done In The Next Financial Year - Principle8 Member,14.6324,It Is Planned To Be Done In The Next Financial Year - Principle7 Member,14.6324,It Is Planned To Be Done In The Next Financial Year - Principle2 Member,14.6324,Ambiguous,It Is Planned To Be Done In The Next Financial Year - Principle9 Member
Q145,Is there any commitment or plan to shift to alternate fuels such as SAF,Is There AMechanism Available To Receive And Redress Grievances For Permanent Workers,16.3526,Is There AMechanism Available To Receive And Redress Grievances For Permanent Employees,16.3526,Is There AMechanism Available To Receive And Redress Grievances For Permanent Workers,16.3526,Is There AMechanism Available To Receive And Redress Grievances For Other Than Permanent Employees,15.3417,Ambiguous,Is There AMechanism Available To Receive And Redress Grievances For Permanent Workers
Q146,Has the company partnered with airframe and tehnology manufacturesre to increase fuel efficiency and reduce environmental impact,Assurance Sub Type For Percentage Of Value Chain Partners By Value Of Business Done With Such Partners That Were Assessed For Environmental Impacts,12.5704,Percentage Of Value Chain Partners By Value Of Business Done With Such Partners That Were Assessed For Environmental Impacts,13.8097,Remarks For Assurance Of Percentage Of Value Chain Partners By Value Of Business Done With Such Partners That Were Assessed For Environmental Impacts,12.5704,Assurance Sub Type For Percentage Of Value Chain Partners By Value Of Business Done With Such Partners That Were Assessed For Environmental Impacts,12.5704,Low Confidence,Assurance Sub Type For Percentage Of Value Chain Partners By Value Of Business Done With Such Partners That Were Assessed For Environmental Impacts
Q147,"Does the company measure or track the age of aircrafts? If yes, the what is the average of company’s air fleet",Whether Extended Producer Responsibility Is Applicable To The Entity SActivities,13.3455,Whether Extended Producer Responsibility Is Applicable To The Entity SActivities,13.3455,What Percentage Of Total Procurement By Value Does It Constitute,12.871,Energy Intensity The Relevant Metric May Be Selected By The Entity,12.8356,Low Confidence,Whether Extended Producer Responsibility Is Applicable To The Entity SActivities
Q148,Does the company monitor and measure noise levels? Are they compliant with noise regulations,Is The Entity Compliant With The Applicable Environmental Law,14.201,Is The Entity Compliant With The Applicable Environmental Law,14.201,Remarks For Assurance Of Whether The Entity Compliant With The Applicable Environmental Law,13.9739,Energy Intensity The Relevant Metric May Be Selected By The Entity,12.8356,Ambiguous,Is The Entity Compliant With The Applicable Environmental Law
Q149,Does the company’s policy and measures align with International Civil Aviation Organisation’s Balance Approach,Assurer Has Assured Whether The Waste Collection Plan Is In Line With The Extended Producer Responsibility Plan Submitted To Pollution Control Boards And Steps Taken To Address The Waste Collection Plan If Not Submitted,20.2033,Remarks For Assurance Of Whether The Waste Collection Plan Is In Line With The Extended Producer Responsibility Plan Submitted To Pollution Control Boards And Steps Taken To Address The Waste Collection Plan If Not Submitted,20.7922,Assurer Has Assured Whether The Waste Collection Plan Is In Line With The Extended Producer Responsibility Plan Submitted To Pollution Control Boards And Steps Taken To Address The Waste Collection Plan If Not Submitted,20.2033,Assurance Sub Type For Whether The Waste Collection Plan Is In Line With The Extended Producer Responsibility Plan Submitted To Pollution Control Boards And Steps Taken To Address The Waste Collection Plan If Not Submitted,19.8754,Ambiguous,Assurer Has Assured Whether The Waste Collection Plan Is In Line With The Extended Producer Responsibility Plan Submitted To Pollution Control Boards And Steps Taken To Address The Waste Collection Plan If Not Submitted
Q150,Does the company have oil spill/gas leak action plan,Does The Entity Have Any Project Related To Reducing Green House Gas Emission,15.9001,Does The Entity Have ABusiness Continuity And Disaster Management Plan,17.1147,Does The Entity Have Any Project Related To Reducing Green House Gas Emission,15.9001,Does The Entity Have ASpecified Committee Of The Board Or Director Responsible For Decision Making On Sustainability Related Issues,15.179,High Confidence,Does The Entity Have Any Project Related To Reducing Green House Gas Emission
Q151,Did the company experience any spills for the current and previous years,Waste Recovered Through Re Used - Previous Year,12.2041,Waste Recovered Through Recycled - Previous Year,12.7267,Waste Recovered Through Re Used - Previous Year,12.2041,Waste Recovered Through Other Recovery Operations - Previous Year,11.7227,Low Confidence,Waste Recovered Through Re Used - Previous Year
Q152,Does the entity have a system to finance sustainable projects,The Entity Does Not Have The Financial Or Human And Technical Resources Available For The Task - Principle7 Member,15.5621,Does The Entity Have Procedures In Place For Sustainable Sourcing,20.5223,Does The Entity Have Any Sites Or Facilities Identified As Designated Consumers Under The Performance Achieve And Trade Scheme Of The Government Of India,18.6472,Does The Entity Have An Equal Opportunity Policy As Per The Rights Of Persons With Disabilities Act2016,17.1116,High Confidence,The Entity Does Not Have The Financial Or Human And Technical Resources Available For The Task - Principle7 Member
Q153,Are ESG factors incorporated in the lending and investment decisions,Percentage Of Investments In Related Parties In Total Investments,13.1977,Percentage Of Investments In Related Parties In Total Investments,13.1977,Percentage Of Investments In Related Parties In Total Investments - Previous Year,12.5535,Amount Of Investments In Related Parties,11.0127,Low Confidence,Percentage Of Investments In Related Parties In Total Investments
Q154,Does the company follow sustainable mining practices,Percentage Of Health And Safety Practices Of Value Chain Partners P3,9.0937,Does The Entity Have Procedures In Place For Sustainable Sourcing,13.3602,Whether Details Of Total Energy Consumption And Energy Intensity Applicable To The Company,11.519,Percentage Of Health And Safety Practices Of Value Chain Partners P3,9.0937,Low Confidence,Percentage Of Health And Safety Practices Of Value Chain Partners P3
Q155,Does the company have tailing management system after mining,Remarks For Assurance Of Health And Safety Management System,16.7852,Remarks For Assurance Of Health And Safety Management System,16.7852,Does The Entity Have ABusiness Continuity And Disaster Management Plan,15.826,Details Of Occupational Health And Safety Management System Explanatory Text Block,15.6012,Ambiguous,Remarks For Assurance Of Health And Safety Management System
Q156,"Does the company have a publicly available policy in place for mining from conflict affected and high risk areas. If yes, provide details",Details Of The Entity Have Processes In Place To Avoid Or Manage Conflict Of Interests Involving Members Of The Board Explanatory Text Block,18.7673,Does The Entity Have Processes In Place To Avoid Or Manage Conflict Of Interests Involving Members Of The Board,20.6714,Does The Entity Have Procedures In Place For Sustainable Sourcing,19.0123,Details Of The Entity Have Processes In Place To Avoid Or Manage Conflict Of Interests Involving Members Of The Board Explanatory Text Block,18.7673,High Confidence,Details Of The Entity Have Processes In Place To Avoid Or Manage Conflict Of Interests Involving Members Of The Board Explanatory Text Block
Q157,Does the company undertake intiatives or programs to raise awareness about sustainability challenges and opportunities in the natural rubber industry for suppliers,Total Number Of Awareness Programmes Held - Awareness Programmes Conducted For Value Chain Partners Domain1,17.3699,Total Number Of Awareness Programmes Held - Awareness Programmes Conducted For Value Chain Partners Domain9,17.3699,Total Number Of Awareness Programmes Held - Awareness Programmes Conducted For Value Chain Partners Domain10,17.3699,Total Number Of Awareness Programmes Held - Awareness Programmes Conducted For Value Chain Partners Domain3,17.3699,Ambiguous,Total Number Of Awareness Programmes Held - Awareness Programmes Conducted For Value Chain Partners Domain1
Q158,What measures are in palce to ensure public sagety and security at facilities?,Assurance Sub Type For Measures Taken By The Entity To Ensure ASafe And Healthy Work Place,13.4154,Remarks For Assurance Of Measures Taken By The Entity To Ensure ASafe And Healthy Work Place,13.4154,Assurance Sub Type For Measures Taken By The Entity To Ensure ASafe And Healthy Work Place,13.4154,Whether Measures Taken By The Entity To Ensure ASafe And Healthy Work Place Is Assured By Assurer,13.0359,Low Confidence,Assurance Sub Type For Measures Taken By The Entity To Ensure ASafe And Healthy Work Place
Q159,How are potential security threats and emergencies addressed,Remark For Consumer Complaints - Cyber Security Member,8.0081,Web Link Of The Policy On Cyber Security And Risks Related To Data Privacy,8.9603,Steps Taken To Address The Waste Collection Plan Explanatory Text Block,8.3283,Does The Entity Have AFramework Or Policy On Cyber Security And Risks Related To Data Privacy,8.1778,Low Confidence,Remark For Consumer Complaints - Cyber Security Member
Q160,Is the company using low carbon vehicle and equipments in its ports to carry out operations,It Is Planned To Be Done In The Next Financial Year - Principle6 Member,21.3344,It Is Planned To Be Done In The Next Financial Year - Principle6 Member,21.3344,It Is Planned To Be Done In The Next Financial Year - Principle7 Member,17.6405,It Is Planned To Be Done In The Next Financial Year - Principle3 Member,17.6405,High Confidence,It Is Planned To Be Done In The Next Financial Year - Principle6 Member
Q161,Are the ESG related factors being monitored in investee companies/lending processes,Statement By Director Responsible For The Business Responsibility Report Highlighting ESGRelated Challenges Targets And Achievements Explanatory Text Block,10.2497,Statement By Director Responsible For The Business Responsibility Report Highlighting ESGRelated Challenges Targets And Achievements Explanatory Text Block,10.2497,Assurance Sub Type For Statement By Director Responsible For The Business Responsibility Report Highlighting ESGRelated Challenges Targets And Achievements,9.9753,Remarks For Assurance Of Statement By Director Responsible For The Business Responsibility Report Highlighting ESGRelated Challenges Targets And Achievements,9.9753,Low Confidence,Statement By Director Responsible For The Business Responsibility Report Highlighting ESGRelated Challenges Targets And Achievements Explanatory Text Block
Q162,Does the company lend towards Electric Vehicles,Energy Intensity Per Rupee Of Turnover,8.6894,Whether Details Of Total Energy Consumption And Energy Intensity Applicable To The Company,11.519,Remarks For Assurance Of Details Of Total Energy Consumption In Joules Or Multiples And Energy Intensity,8.8278,Energy Intensity Per Rupee Of Turnover,8.6894,Low Confidence,Energy Intensity Per Rupee Of Turnover
Q163,Does the company have ESG related products/services?,Name Of Product Or Service - Product Or Service Domain1,12.2199,Does The Entity Have Any Project Related To Reducing Green House Gas Emission,12.6388,Does The Entity Have An Equal Opportunity Policy As Per The Rights Of Persons With Disabilities Act2016,12.5397,Name Of Product Or Service - Product Or Service Domain9,12.2199,Low Confidence,Name Of Product Or Service - Product Or Service Domain1
Q164,Does the company integrate ESG aspects in its insurance underwriting process for non life non health insurance reinsurance,The Entity Has Not Applicable Conducted Life Cycle Perspective Or Assessments For Any Of Its Products Or For Its Services Explanatory Text Block,14.5776,Does The Entity Extend Any Life Insurance Or Any Compensatory Package In The Event Of Death Of Workers,14.9042,Does The Entity Extend Any Life Insurance Or Any Compensatory Package In The Event Of Death Of Employees,14.9042,Does The Entity Have Procedures In Place For Sustainable Sourcing,14.8385,Ambiguous,The Entity Has Not Applicable Conducted Life Cycle Perspective Or Assessments For Any Of Its Products Or For Its Services Explanatory Text Block
Q165,Does your company offer eSG based products within its non life non health insurance business segment,Details Of Your Entitys Policy Or Policies Has Not Applicable Each Principle And Its Core Elements Of The NGRBCs Explanatory Text Block - Principle2 Member,18.346,Details Of Your Entitys Policy Or Policies Has Not Applicable Each Principle And Its Core Elements Of The NGRBCs Explanatory Text Block - Principle6 Member,18.346,Details Of Your Entitys Policy Or Policies Has Not Applicable Each Principle And Its Core Elements Of The NGRBCs Explanatory Text Block - Principle5 Member,18.346,Details Of Your Entitys Policy Or Policies Has Not Applicable Each Principle And Its Core Elements Of The NGRBCs Explanatory Text Block - Principle8 Member,18.346,Ambiguous,Details Of Your Entitys Policy Or Policies Has Not Applicable Each Principle And Its Core Elements Of The NGRBCs Explanatory Text Block - Principle2 Member
Q166,Does the company participate in the GRESB for real estate benchmark assessment,Does Company Participate In The Business Responsibility Initiatives Of The Listed Entity - Holding Subsidiary Associate Companies And Joint Ventures Domain1,11.0687,Remarks For Assurance Of Details Of Total Energy Consumption In Joules Or Multiples And Energy Intensity,11.6835,Whether Details Of Total Energy Consumption And Energy Intensity Applicable To The Company,11.519,Does Company Participate In The Business Responsibility Initiatives Of The Listed Entity - Holding Subsidiary Associate Companies And Joint Ventures Domain144,11.0687,Low Confidence,Does Company Participate In The Business Responsibility Initiatives Of The Listed Entity - Holding Subsidiary Associate Companies And Joint Ventures Domain1
Q167,Is the company currently operating/deploying low carbon fleet (EVs or other vehicles) in its logistics business or do they have a plan to shift current feet to low carbon alternative fleet,Do You Have AFocal Point Responsible For Addressing Human Rights Impacts Or Issues Caused Or Contributed To By The Business,20.764,It Is Planned To Be Done In The Next Financial Year - Principle6 Member,21.3344,Do You Have AFocal Point Responsible For Addressing Human Rights Impacts Or Issues Caused Or Contributed To By The Business,20.764,Does The Entity Have ABusiness Continuity And Disaster Management Plan,20.5251,Ambiguous,Do You Have AFocal Point Responsible For Addressing Human Rights Impacts Or Issues Caused Or Contributed To By The Business
Q168,Does the company have End of Life Vehicles management,Remarks For Assurance Of Whether The Entity Provide Transition Assistance Programs To Facilitate Continued Employability And The Management Of Career Endings Resulting From Retirement Or Termination Of Employment,11.9462,Does The Entity Have ABusiness Continuity And Disaster Management Plan,15.826,Does The Entity Provide Transition Assistance Programs To Facilitate Continued Employability And The Management Of Career Endings Resulting From Retirement Or Termination Of Employment,14.9794,Does The Entity Have An Equal Opportunity Policy As Per The Rights Of Persons With Disabilities Act2016,12.5397,Low Confidence,Remarks For Assurance Of Whether The Entity Provide Transition Assistance Programs To Facilitate Continued Employability And The Management Of Career Endings Resulting From Retirement Or Termination Of Employment
Q169,What steps are taken by the company to mitigate any potential health impacts of tyre and rubber product manufacturing on local communities,Details Of Product Information On The Product Over And Above What Is Mandated As Per Local Laws Explanatory Text Block,21.2672,Details Of Product Information On The Product Over And Above What Is Mandated As Per Local Laws Explanatory Text Block,21.2672,Does The Entity Display Product Information On The Product Over And Above What Is Mandated As Per Local Laws,20.9253,Remarks For Assurance Of Whether The Entity Display Product Information On The Product Over And Above What Is Mandated As Per Local Laws,20.1727,Ambiguous,Details Of Product Information On The Product Over And Above What Is Mandated As Per Local Laws Explanatory Text Block
Q170,"Does the company have a strategy or initiative in place to enourage small forest owners and timber suppliers to adopt best practices or sustainable management in order to obtain certification from recognized systems such as PEF, FSC or equivalent",Remarks For Assurance Of Details Of Waste Management Practices Adopted In Your Establishments And The Strategy Adopted By Company To Reduce Usage Of Hazardous And Toxic Chemicals,20.8375,Does The Entity Have Procedures In Place For Sustainable Sourcing,26.1118,Details Of Waste Management Practices Adopted In Your Establishments And The Strategy Adopted By Company To Reduce Usage Of Hazardous And Toxic Chemicals Explanatory Text Block,20.9121,Remarks For Assurance Of Details Of Waste Management Practices Adopted In Your Establishments And The Strategy Adopted By Company To Reduce Usage Of Hazardous And Toxic Chemicals,20.8375,High Confidence,Remarks For Assurance Of Details Of Waste Management Practices Adopted In Your Establishments And The Strategy Adopted By Company To Reduce Usage Of Hazardous And Toxic Chemicals
Q171,"Does the company have commitment in place integrating circular fashin into all its operations? If yes, provide details",Details Of The Entity Have Not Applicable Processes In Place To Avoid Or Manage Conflict Of Interests Involving Members Of The Board Explanatory Text Block,13.5258,Does The Entity Have Procedures In Place For Sustainable Sourcing,17.4817,Does The Entity Have Processes In Place To Avoid Or Manage Conflict Of Interests Involving Members Of The Board,15.5371,Whether Details Of Total Energy Consumption And Energy Intensity Applicable To The Company,14.3168,High Confidence,Details Of The Entity Have Not Applicable Processes In Place To Avoid Or Manage Conflict Of Interests Involving Members Of The Board Explanatory Text Block
Q172,Does the company manufacture/sell sustainable apparel or garments,Name Of The Trade And Industry Chambers Or Associations - Industry Chambers Or Associations1 Member,16.5687,Name Of The Trade And Industry Chambers Or Associations - Industry Chambers Or Associations7 Member,16.5687,Name Of The Trade And Industry Chambers Or Associations - Industry Chambers Or Associations8 Member,16.5687,Name Of The Trade And Industry Chambers Or Associations - Industry Chambers Or Associations3 Member,16.5687,Ambiguous,Name Of The Trade And Industry Chambers Or Associations - Industry Chambers Or Associations1 Member
Q173,Is the company using sustainable material in its typre (also state the ttype of material used) or has committed to use sustainable material in typres,Remarks For Assurance Of The Entity Has Undertaken Any Specific Initiatives Or Used Innovative Technology Or Solutions To Improve Resource Efficiency,17.4725,Whether The Entity Has Undertaken Any Specific Initiatives Or Used Innovative Technology Or Solutions To Improve Resource Efficiency Is Assured By Assurer,18.4216,It Is Planned To Be Done In The Next Financial Year - Principle5 Member,17.6405,It Is Planned To Be Done In The Next Financial Year - Principle9 Member,17.6405,Ambiguous,Remarks For Assurance Of The Entity Has Undertaken Any Specific Initiatives Or Used Innovative Technology Or Solutions To Improve Resource Efficiency
Q174,Is the company manufacturing sustainable/eco-friendly paint/coatings,Whether The Processes For Identifying Key Stakeholder Groups Of The Entity Is Assured By Assurer,9.34,Does The Entity Have Procedures In Place For Sustainable Sourcing,9.7909,Whether The Entity Have Procedures In Place For Sustainable Sourcing And Percentage Of Inputs Were Sourced Sustainably Is Assured By Assurer,9.6589,It Is Planned To Be Done In The Next Financial Year - Principle8 Member,9.5512,Low Confidence,Whether The Processes For Identifying Key Stakeholder Groups Of The Entity Is Assured By Assurer
Q175,Is the company manufacturing any energy efficient products or is spending on R&D for manufacturing such products in near future?,Percentage Of RAnd D,19.5463,Percentage Of RAnd D,19.5463,Percentage Of RAnd D - Previous Year,17.941,Whether Percentage Of RAnd DAnd Capital Expenditure Investments In Specific Technologies Is Assured By Assurer,17.2601,High Confidence,Percentage Of RAnd D
Q176,Is the company fulfilling International Maritime Organisation - MARPOL Air Pollution prevention guidelines,Type Of Assurance For Governance Leadership And Oversight,10.6786,Type Of Assurance For Governance Leadership And Oversight,10.6786,Whether Details Of Air Emissions Other Than Ghg Emissions By The Entity Is Applicable To The Company,10.304,It Is Planned To Be Done In The Next Financial Year - Principle6 Member,9.5512,Low Confidence,Type Of Assurance For Governance Leadership And Oversight
Q177,Whether an occupational health and safety management system is implemented by the entity,Whether An Occupational Health And Safety Management System Has Been Implemented By The Entity,48.8989,Whether An Occupational Health And Safety Management System Has Been Implemented By The Entity,48.8989,Whether Health And Safety Management System Is Assured By Assurer,35.0773,Details Of Occupational Health And Safety Management System Explanatory Text Block,34.9195,High Confidence,Whether An Occupational Health And Safety Management System Has Been Implemented By The Entity
Q178,What are the processes used to identify work-related hazards and assess risks on a routine and non routine bassi by the entity,Desclosure Of The Processes Used To Identify Work Related Hazards And Assess Risks On ARoutine And Non Routine Basis By The Entity Explanatory Text Block,59.3946,Desclosure Of The Processes Used To Identify Work Related Hazards And Assess Risks On ARoutine And Non Routine Basis By The Entity Explanatory Text Block,59.3946,Processes For Workers To Report The Work Related Hazards And To Remove Themselves From Such Risks Is Not Applicable Explanatory Text Block,27.4993,Whether You Have Processes For Workers To Report The Work Related Hazards And To Remove Themselves From Such Risks,26.2503,High Confidence,Desclosure Of The Processes Used To Identify Work Related Hazards And Assess Risks On ARoutine And Non Routine Basis By The Entity Explanatory Text Block
Q179,Does the company have processes for workers to report the work related hazards and to remove themselves from such risks (Y/N),Whether You Have Processes For Workers To Report The Work Related Hazards And To Remove Themselves From Such Risks,58.9874,Whether You Have Processes For Workers To Report The Work Related Hazards And To Remove Themselves From Such Risks,58.9874,Processes For Workers To Report The Work Related Hazards And To Remove Themselves From Such Risks Is Not Applicable Explanatory Text Block,50.7403,Desclosure Of The Processes Used To Identify Work Related Hazards And Assess Risks On ARoutine And Non Routine Basis By The Entity Explanatory Text Block,23.1173,High Confidence,Whether You Have Processes For Workers To Report The Work Related Hazards And To Remove Themselves From Such Risks
Q180,Was there training given to workers on health and sagety measures in Current Year,Number Of Complaints Pending Resolution At The End Of Year - Discrimination At Work Place Member,12.7365,Percentage Of Discrimination At Work Place Of Your Plants And Offices That Were Assessed P5,14.4657,Number Of Complaints Pending Resolution At The End Of Year - Discrimination At Work Place Member,12.7365,Is There AMechanism Available To Receive And Redress Grievances For Permanent Workers,12.3044,Low Confidence,Number Of Complaints Pending Resolution At The End Of Year - Discrimination At Work Place Member
Q181,Does the company mention that they have a safety committee/policy in place with respect to accidents or misfortune events,Does The Entity Extend Any Life Insurance Or Any Compensatory Package In The Event Of Death Of Employees,18.8543,Does The Entity Have An Equal Opportunity Policy As Per The Rights Of Persons With Disabilities Act2016,21.0851,Does The Entity Extend Any Life Insurance Or Any Compensatory Package In The Event Of Death Of Employees,18.8543,Does The Entity Extend Any Life Insurance Or Any Compensatory Package In The Event Of Death Of Workers,18.8543,High Confidence,Does The Entity Extend Any Life Insurance Or Any Compensatory Package In The Event Of Death Of Employees
Q182,Does the entity have ISO 45001:2018 certification,The Entity Does Not Have The Financial Or Human And Technical Resources Available For The Task - Principle2 Member,9.621,Does The Entity Have An Equal Opportunity Policy As Per The Rights Of Persons With Disabilities Act2016,13.854,Does The Entity Have Procedures In Place For Sustainable Sourcing,11.8922,Does The Entity Have An Anti Corruption Or Anti Bribery Policy,11.4728,Low Confidence,The Entity Does Not Have The Financial Or Human And Technical Resources Available For The Task - Principle2 Member
Q183,Are the entity’s manufacturing facilties WRAP certified,SOx - Previous Year,11.4268,SOx,12.6077,SOx - Previous Year,11.4268,Whether Extended Producer Responsibility Is Applicable To The Entity SActivities,11.3641,Low Confidence,SOx - Previous Year
Q184,Does the company have a target to achieve gender diversity in the workforce,Does The Entity Have Any Sites Or Facilities Identified As Designated Consumers Under The Performance Achieve And Trade Scheme Of The Government Of India,17.6769,Does The Entity Have Any Sites Or Facilities Identified As Designated Consumers Under The Performance Achieve And Trade Scheme Of The Government Of India,17.6769,Does The Entity Have An Equal Opportunity Policy As Per The Rights Of Persons With Disabilities Act2016,15.7974,Remarks For Assurance Of Whether The Entity Have Any Sites Or Facilities Identified As Designated Consumers Under The Performance Achieve And Trade Scheme Of The Government Of India,14.4283,High Confidence,Does The Entity Have Any Sites Or Facilities Identified As Designated Consumers Under The Performance Achieve And Trade Scheme Of The Government Of India
Q185,Does the company have a diversity equality and inclusion policy,Remarks For Assurance Of Details Of CSRProjects Undertaken In Designated Aspirational Districts As Identified By Government Bodies,11.6075,Does The Entity Have An Equal Opportunity Policy As Per The Rights Of Persons With Disabilities Act2016,18.3911,Does The Entity Have AFramework Or Policy On Cyber Security And Risks Related To Data Privacy,14.8178,Does The Entity Have ABusiness Continuity And Disaster Management Plan,14.7195,Low Confidence,Remarks For Assurance Of Details Of CSRProjects Undertaken In Designated Aspirational Districts As Identified By Government Bodies
Q186,Does the company have policy for precention to prevent sexual harassment at workplace,Total Complaints Reported Under Sexual Harassment Of Women At Workplace,29.707,Total Complaints Reported Under Sexual Harassment Of Women At Workplace,29.707,Remarks For Assurance Of Complaints Filed Under The Sexual Harassment Of Women At Workplace,28.917,Assurance Sub Type For Complaints Filed Under The Sexual Harassment Of Women At Workplace,28.2648,Ambiguous,Total Complaints Reported Under Sexual Harassment Of Women At Workplace
Q187,Are all complaints filed by the employees during current fiscal year closed,Number Of Complaints Filed During The Year - Health Safety Complaints Member,19.3537,Number Of Complaints Filed During The Year - Working Conditions Complaints Member,19.3537,Number Of Complaints Filed During The Year - Health Safety Complaints Member,19.3537,Number Of Complaints Filed During The Year - Otherhumanrightsrelatedissues Member,19.1974,Ambiguous,Number Of Complaints Filed During The Year - Health Safety Complaints Member
Q188,Does the company have a human rights policy established,Remarks For Assurance Of Employees And Workers Who Have Been Provided Training On Human Rights Issues And Policies Of The Entity,16.8033,Does The Entity Have An Equal Opportunity Policy As Per The Rights Of Persons With Disabilities Act2016,22.6182,Remarks For Assurance Of Whether The Entity Have An Equal Opportunity Policy As Per The Rights Of Persons With Disabilities Act2016,18.4982,Assurer Has Assured Whether The Entity Have An Equal Opportunity Policy As Per The Rights Of Persons With Disabilities Act2016,18.3289,High Confidence,Remarks For Assurance Of Employees And Workers Who Have Been Provided Training On Human Rights Issues And Policies Of The Entity
Q189,"Does the company provide medical assistance (Ambulance service, fixed medical checkups, to the employees)",Does The Entity Provide Transition Assistance Programs To Facilitate Continued Employability And The Management Of Career Endings Resulting From Retirement Or Termination Of Employment,16.8975,Does The Entity Provide Transition Assistance Programs To Facilitate Continued Employability And The Management Of Career Endings Resulting From Retirement Or Termination Of Employment,16.8975,Do The Employees Or Worker Of The Entity Have Access To Non Occupational Medical And Healthcare Services,16.5206,Details If The Employees Or Worker Of The Entity Have Access To Non Occupational Medical And Healthcare Services Is Not Applicable Explanatory Text Block,13.7775,Ambiguous,Does The Entity Provide Transition Assistance Programs To Facilitate Continued Employability And The Management Of Career Endings Resulting From Retirement Or Termination Of Employment
Q190,"Does the company take measures for the well being of individuals other than permanent employees (which may include interns, contracts, etc.)",Number Of Well Being Of Employees Or Workers - Other Gender Member - Total Employee Benefits Member - Other Than Permanent Employees Member,19.533,Number Of Well Being Of Employees Or Workers - Other Gender Member - Total Employee Benefits Member - Other Than Permanent Employees Member,19.533,Number Of Well Being Of Employees Or Workers - Gender Member - Benefits Member - Other Than Permanent Employees Member,19.4929,Number Of Well Being Of Employees Or Workers - Other Gender Member - Paternity Benefits Member - Other Than Permanent Employees Member,19.442,Ambiguous,Number Of Well Being Of Employees Or Workers - Other Gender Member - Total Employee Benefits Member - Other Than Permanent Employees Member
Q191,Does the organisation have opportunities for Paternal leavesWhat all initiatives does the organisation undertake for increase in the retention rate of employees,Retention Rates Permanent Employees That Took Parental Leave - Gender Member,22.9031,Retention Rates Permanent Employees That Took Parental Leave - Gender Member,22.9031,Retention Rates Permanent Employees That Took Parental Leave - Female Member,22.9031,Retention Rates Permanent Employees That Took Parental Leave - Male Member,22.9031,Ambiguous,Retention Rates Permanent Employees That Took Parental Leave - Gender Member
Q192,Does the company have employe development programs that have been developed to upgrade and improve employee skills,Remarks For Assurance Of Details Of Measures Undertaken By The Entity To Ensure That Statutory Dues Have Been Deducted And Deposited By The Value Chain Partners,15.1444,Does The Entity Have ABusiness Continuity And Disaster Management Plan,17.9383,Remarks For Assurance Of Details Of Measures Undertaken By The Entity To Ensure That Statutory Dues Have Been Deducted And Deposited By The Value Chain Partners,15.1444,Details Of Measures Undertaken By The Entity To Ensure That Statutory Dues Have Been Deducted And Deposited By The Value Chain Partners Explanatory Text Block,14.8736,High Confidence,Remarks For Assurance Of Details Of Measures Undertaken By The Entity To Ensure That Statutory Dues Have Been Deducted And Deposited By The Value Chain Partners
Q193,Did the company face any strike in the current year,Do Human Rights Requirements Form Part Of Your Business Agreements And Contracts,11.2402,Do Human Rights Requirements Form Part Of Your Business Agreements And Contracts,11.2402,Do You Have AFocal Point Responsible For Addressing Human Rights Impacts Or Issues Caused Or Contributed To By The Business,9.4303,Details Of The Scope And Coverage Of Any Human Rights Due Diligence Conducted Explanatory Text Block,9.0659,Low Confidence,Do Human Rights Requirements Form Part Of Your Business Agreements And Contracts
Q194,Does the company conduct an employee satisfaction survey,The Entity Has Not Applicable Carry Out Any Survey With Regard To Consumer Satisfaction Relating To The Major Products Or Services Explanatory Text Block,13.4904,The Entity Has Not Applicable Carry Out Any Survey With Regard To Consumer Satisfaction Relating To The Major Products Or Services Explanatory Text Block,13.4904,Did Your Entity Carry Out Any Survey With Regard To Consumer Satisfaction Relating To The Major Products Or Services Of The Entity Significant Locations Of Operation Of The Entity Or The Entity As AWhole,12.9901,Whether Details Of Total Energy Consumption And Energy Intensity Applicable To The Company,11.519,Ambiguous,The Entity Has Not Applicable Carry Out Any Survey With Regard To Consumer Satisfaction Relating To The Major Products Or Services Explanatory Text Block
Q195,Does the company have policy on offering stock options,Name Of Stock Exchange Where The Company Is Listed - Stock Exchange1,14.0505,Does The Entity Have An Equal Opportunity Policy As Per The Rights Of Persons With Disabilities Act2016,15.1335,Name Of Stock Exchange Where The Company Is Listed - Stock Exchange2,14.0505,Name Of Stock Exchange Where The Company Is Listed - Stock Exchange3,14.0505,High Confidence,Name Of Stock Exchange Where The Company Is Listed - Stock Exchange1
Q196,Does the company have mechanisms to receive and respond to consumer complaints and feedback,Remarks For Assurance Of The Mechanisms In Place To Receive And Respond To Consumer Complaints And Feedback,36.6457,Remarks For Assurance Of The Mechanisms In Place To Receive And Respond To Consumer Complaints And Feedback,36.6457,Describe The Mechanisms In Place To Receive And Respond To Consumer Complaints And Feedback Explanatory Text Block,35.2484,Assurance Sub Type For The Mechanisms In Place To Receive And Respond To Consumer Complaints And Feedback,35.2484,High Confidence,Remarks For Assurance Of The Mechanisms In Place To Receive And Respond To Consumer Complaints And Feedback
Q197,"Did your entity carry out any survey with regard to consumer satisfaction relating to the major products/services of the entity, significant locations of operation of the entity or the entity as a whole",Did Your Entity Carry Out Any Survey With Regard To Consumer Satisfaction Relating To The Major Products Or Services Of The Entity Significant Locations Of Operation Of The Entity Or The Entity As AWhole,74.2542,Did Your Entity Carry Out Any Survey With Regard To Consumer Satisfaction Relating To The Major Products Or Services Of The Entity Significant Locations Of Operation Of The Entity Or The Entity As AWhole,74.2542,The Entity Has Not Applicable Carry Out Any Survey With Regard To Consumer Satisfaction Relating To The Major Products Or Services Explanatory Text Block,56.9428,Remarks For Assurance Of Turnover Of Products And Or Services As APercentage Of Turnover From All Products Or Service That Carry Information About As APercentage To Total Turnover,21.1654,High Confidence,Did Your Entity Carry Out Any Survey With Regard To Consumer Satisfaction Relating To The Major Products Or Services Of The Entity Significant Locations Of Operation Of The Entity Or The Entity As AWhole
Q198,Steps taken to inform and educate consumers about safe and responsible usage of products and/or service,Remarks For Assurance Of Steps Taken To Inform And Educate Consumers About Safe And Responsible Usage Of Products And Or Services,55.0085,Remarks For Assurance Of Steps Taken To Inform And Educate Consumers About Safe And Responsible Usage Of Products And Or Services,55.0085,Steps Taken To Inform And Educate Consumers About Safe And Responsible Usage Of Products And Or Services Explanatory Text Block,54.6998,Assurance Sub Type For Steps Taken To Inform And Educate Consumers About Safe And Responsible Usage Of Products And Or Services,54.3767,Ambiguous,Remarks For Assurance Of Steps Taken To Inform And Educate Consumers About Safe And Responsible Usage Of Products And Or Services
Q199,ISO 9001:2015 certification,Name Of The National And International Codes Or Certifications Or Labels Or Standards Adopted By Your Entity And Mapped To Each Principle Explanatory Text Block - Principle1 Member,4.4934,Remarks For Assurance Of Name Of The National And International Codes Or Certifications Or Labels Or Standards Adopted By Your Entity And Mapped To Each Principle,4.7007,Assurance Sub Type For Name Of The National And International Codes Or Certifications Or Labels Or Standards Adopted By Your Entity And Mapped To Each Principle,4.7007,Whether Name Of The National And International Codes Or Certifications Or Labels Or Standards Adopted By Your Entity And Mapped To Each Principle Is Assured By Assurer,4.5948,Low Confidence,Name Of The National And International Codes Or Certifications Or Labels Or Standards Adopted By Your Entity And Mapped To Each Principle Explanatory Text Block - Principle1 Member
Q200,Does the entity display product information on the product over and above what is mandated as per local laws,Does The Entity Display Product Information On The Product Over And Above What Is Mandated As Per Local Laws,64.7158,Does The Entity Display Product Information On The Product Over And Above What Is Mandated As Per Local Laws,64.7158,Assurer Has Assured Whether The Entity Display Product Information On The Product Over And Above What Is Mandated As Per Local Laws,57.405,Remarks For Assurance Of Whether The Entity Display Product Information On The Product Over And Above What Is Mandated As Per Local Laws,57.203,High Confidence,Does The Entity Display Product Information On The Product Over And Above What Is Mandated As Per Local Laws
Q201,"When the onboarding of new vendors takes place, does the company have their supplier code of conduct designed",Name Of The Company Or LLPOr Firm Of Assurance Provider - Assurance Provider Domain1,12.2879,Does The Entity Have ABusiness Continuity And Disaster Management Plan,17.1147,Does The Entity Have Procedures In Place For Sustainable Sourcing,15.5301,Does The Entity Have Processes In Place To Avoid Or Manage Conflict Of Interests Involving Members Of The Board,14.0687,Low Confidence,Name Of The Company Or LLPOr Firm Of Assurance Provider - Assurance Provider Domain1
Q202,Disclose any significant adverse impact on the environment arising from the value chain of the entity. Are there any mitigations or adaptiation measures taken by the entity in this context,Disclose Any Significant Adverse Impact To The Environment Arising From The Value Chain Of The Entity What Mitigation Or Adaptation Measures Have Been Taken By The Entity In This Regard Explanatory Text Block,52.0752,Disclose Any Significant Adverse Impact To The Environment Arising From The Value Chain Of The Entity What Mitigation Or Adaptation Measures Have Been Taken By The Entity In This Regard Explanatory Text Block,52.0752,Remarks For Assurance Of Disclose Any Significant Adverse Impact To The Environment Arising From The Value Chain Of The Entity What Mitigation Or Adaptation Measures Have Been Taken By The Entity In This Regard,51.6446,Assurance Sub Type For Disclose Any Significant Adverse Impact To The Environment Arising From The Value Chain Of The Entity What Mitigation Or Adaptation Measures Have Been Taken By The Entity In This Regard,51.0787,Ambiguous,Disclose Any Significant Adverse Impact To The Environment Arising From The Value Chain Of The Entity What Mitigation Or Adaptation Measures Have Been Taken By The Entity In This Regard Explanatory Text Block
Q203,Provide details of any corrective actions taken or underway to adderss significant risks/concerns arising from asessment of health and safety practices practices and working conditions of value chain partners,Details Of Any Corrective Actions Taken Or Underway To Address Significant Risks Or Concerns Arising From The Assessments Of Value Chain Partner Explanatory Text Block,47.8666,Details Of Any Corrective Actions Taken Or Underway To Address Significant Risks Or Concerns Arising From The Assessments Of Value Chain Partner Explanatory Text Block,47.8666,Remarks For Assurance Of Details Of Any Corrective Actions Taken Or Underway To Address Significant Risks Or Concerns Arising From The Assessments Of Value Chain Partner,47.1593,Assurance Sub Type For Details Of Any Corrective Actions Taken Or Underway To Address Significant Risks Or Concerns Arising From The Assessments Of Value Chain Partner,46.7751,Ambiguous,Details Of Any Corrective Actions Taken Or Underway To Address Significant Risks Or Concerns Arising From The Assessments Of Value Chain Partner Explanatory Text Block
Q204,Does the entity have procedures in place for sustainable sourcing strategy around sustainable/efficient/responsible supply chain,Does The Entity Have Procedures In Place For Sustainable Sourcing,44.5975,Does The Entity Have Procedures In Place For Sustainable Sourcing,44.5975,Remarks For Assurance Of The Entity Have Procedures In Place For Sustainable Sourcing And Percentage Of Inputs Were Sourced Sustainably,32.5196,Assurance Sub Type For The Entity Have Procedures In Place For Sustainable Sourcing And Percentage Of Inputs Were Sourced Sustainably,31.8836,High Confidence,Does The Entity Have Procedures In Place For Sustainable Sourcing
Q205,Is there a robust supplier assessment done by the company to avoid any conflicts with ESG requirements/sustainability/ESG assessment for suppliers,Whether The Entity Have Processes In Place To Avoid Or Manage Conflict Of Interests Involving Members Of The Board Is Assured By Assurer,21.8436,Whether The Entity Have Processes In Place To Avoid Or Manage Conflict Of Interests Involving Members Of The Board Is Assured By Assurer,21.8436,Does The Entity Have Processes In Place To Avoid Or Manage Conflict Of Interests Involving Members Of The Board,19.8098,It Is Planned To Be Done In The Next Financial Year - Principle8 Member,19.5324,High Confidence,Whether The Entity Have Processes In Place To Avoid Or Manage Conflict Of Interests Involving Members Of The Board Is Assured By Assurer
Q206,Does the company have a documented CSR policy in place,Remarks For Assurance Of Whether Do You Have AFocal Point Responsible For Addressing Human Rights Impacts Or Issues Caused Or Contributed To By The Business,13.388,Does The Entity Have An Equal Opportunity Policy As Per The Rights Of Persons With Disabilities Act2016,18.3911,Does The Entity Have Procedures In Place For Sustainable Sourcing,17.4817,Does The Entity Have Processes In Place To Avoid Or Manage Conflict Of Interests Involving Members Of The Board,15.5371,Low Confidence,Remarks For Assurance Of Whether Do You Have AFocal Point Responsible For Addressing Human Rights Impacts Or Issues Caused Or Contributed To By The Business
Q207,Whether there are mechanisms to receive and redress grievances of the community,Whether Describe The Mechanisms To Receive And Redress Grievances Of The Community Is Assured By Assurer,33.5121,Whether Describe The Mechanisms To Receive And Redress Grievances Of The Community Is Assured By Assurer,33.5121,Describe The Mechanisms To Receive And Redress Grievances Of The Community Explanatory Text Block,32.8485,Remarks For Assurance Of Describe The Mechanisms To Receive And Redress Grievances Of The Community,32.4967,Ambiguous,Whether Describe The Mechanisms To Receive And Redress Grievances Of The Community Is Assured By Assurer
Q208,Does the entity disclose the details of beneficiaries of CSR projects,Remarks For Assurance Of Details Of Beneficiaries Of CSRProjects,12.9197,Remarks For Assurance Of Details Of Beneficiaries Of CSRProjects,12.9197,Whether Details Of Total Energy Consumption And Energy Intensity Applicable To The Company,12.6353,Assurance Sub Type For Details Of Beneficiaries Of CSRProjects,12.5833,Low Confidence,Remarks For Assurance Of Details Of Beneficiaries Of CSRProjects
Q209,"Does the company conduct impact assessments for CSR projects? If yes, provide details",Name And Brief Details Of Project - Environmental Impact Assessments Of Project1,13.3714,Whether Details Of Total Energy Consumption And Energy Intensity Applicable To The Company,14.3168,Name And Brief Details Of Project - Environmental Impact Assessments Of Project20,13.3714,Name And Brief Details Of Project - Environmental Impact Assessments Of Project16,13.3714,Low Confidence,Name And Brief Details Of Project - Environmental Impact Assessments Of Project1
Q210,Does the company conduct of assessment of negative impacts of its operation on the communities,Details Of Negative Social Impact Identified - Negative Social Impact Identified1,17.2261,Details Of Negative Social Impact Identified - Negative Social Impact Identified1,17.2261,Details Of Negative Social Impact Identified - Negative Social Impact Identified3,17.2261,Details Of Negative Social Impact Identified - Negative Social Impact Identified2,17.2261,Ambiguous,Details Of Negative Social Impact Identified - Negative Social Impact Identified1
Q211,Provide details of actions taken to mitigate any negative social impacts identified in the Social Impact Assessments,Remarks For Assurance Of Details Of Actions Taken To Mitigate Any Negative Social Impacts Identified In The Social Impact Assessments,42.7651,Remarks For Assurance Of Details Of Actions Taken To Mitigate Any Negative Social Impacts Identified In The Social Impact Assessments,42.7651,Assurance Sub Type For Details Of Actions Taken To Mitigate Any Negative Social Impacts Identified In The Social Impact Assessments,42.1291,Whether Details Of Actions Taken To Mitigate Any Negative Social Impacts Identified In The Social Impact Assessments Is Assured By Assurer,41.0919,Ambiguous,Remarks For Assurance Of Details Of Actions Taken To Mitigate Any Negative Social Impacts Identified In The Social Impact Assessments
Q212,Does the entity have a framework/policy on cybersecurity and risks related to data privacy,Does The Entity Have AFramework Or Policy On Cyber Security And Risks Related To Data Privacy,45.1078,Does The Entity Have AFramework Or Policy On Cyber Security And Risks Related To Data Privacy,45.1078,Remarks For Assurance Of Whether The Entity Have AFramework Or Policy On Cyber Security And Risks Related To Data Privacy,39.1091,Assurer Has Assured Whether The Entity Have AFramework Or Policy On Cyber Security And Risks Related To Data Privacy,38.8711,High Confidence,Does The Entity Have AFramework Or Policy On Cyber Security And Risks Related To Data Privacy
Q213,Does the company’s policy on cybersecurity and risks related to data privacy extend to its value chain partners,Web Link Of The Policy On Cyber Security And Risks Related To Data Privacy,30.5925,Web Link Of The Policy On Cyber Security And Risks Related To Data Privacy,30.5925,Does The Entity Have AFramework Or Policy On Cyber Security And Risks Related To Data Privacy,29.3656,Remarks For Assurance Of Whether The Enlisted Policies Extend To Your Value Chain Partners,25.873,High Confidence,Web Link Of The Policy On Cyber Security And Risks Related To Data Privacy
Q214,Provide number of instances of data breaches along with their impact on the company,Number Of Instances Of Data Breaches Along With Impact,42.73,Number Of Instances Of Data Breaches Along With Impact,42.73,Remarks For Assurance Of Data Breaches Information Like Number Of Instances Of Data Breaches Along With Impact And Percentage Of Data Breaches Involving Personally Identifiable Information Of Customers,39.6803,Assurance Sub Type For Data Breaches Information Like Number Of Instances Of Data Breaches Along With Impact And Percentage Of Data Breaches Involving Personally Identifiable Information Of Customers,39.4833,High Confidence,Number Of Instances Of Data Breaches Along With Impact
Q215,Does the company conduct cybersecurity assessment by a third party,Water Discharge By Sent To Third Parties,13.6959,Water Withdrawal By Third Party Water,14.2825,Water Discharge By Sent To Third Parties,13.6959,Water Withdrawal By Third Party Water - Previous Year,13.1557,Ambiguous,Water Discharge By Sent To Third Parties
Q216,"Does the entity comply with ISO 27001:2013, ISO 22301:2019 OR PCI DSS standards to safeguard the customer data",Whether Data Breaches Information Like Number Of Instances Of Data Breaches Along With Impact And Percentage Of Data Breaches Involving Personally Identifiable Information Of Customers Is Assured By Assurer,22.9404,Whether Data Breaches Information Like Number Of Instances Of Data Breaches Along With Impact And Percentage Of Data Breaches Involving Personally Identifiable Information Of Customers Is Assured By Assurer,22.9404,Remarks For Assurance Of Data Breaches Information Like Number Of Instances Of Data Breaches Along With Impact And Percentage Of Data Breaches Involving Personally Identifiable Information Of Customers,22.2674,Percentage Of Data Breaches Involving Personally Identifiable Information Of Customers,22.1767,Ambiguous,Whether Data Breaches Information Like Number Of Instances Of Data Breaches Along With Impact And Percentage Of Data Breaches Involving Personally Identifiable Information Of Customers Is Assured By Assurer
Q217,Does the organisation conduct training on data privacy and awareness programs for information security to its customers/employees,Remarks For Assurance Of Data Breaches Information Like Number Of Instances Of Data Breaches Along With Impact And Percentage Of Data Breaches Involving Personally Identifiable Information Of Customers,25.6587,Web Link Of The Policy On Cyber Security And Risks Related To Data Privacy,26.9121,Does The Entity Have AFramework Or Policy On Cyber Security And Risks Related To Data Privacy,26.0066,Remarks For Assurance Of Data Breaches Information Like Number Of Instances Of Data Breaches Along With Impact And Percentage Of Data Breaches Involving Personally Identifiable Information Of Customers,25.6587,Ambiguous,Remarks For Assurance Of Data Breaches Information Like Number Of Instances Of Data Breaches Along With Impact And Percentage Of Data Breaches Involving Personally Identifiable Information Of Customers
Q218,Does the company have a communication plan for engaging with the communities affected with aircraft noise,Remarks For Assurance Of Whether The Entity Have ABusiness Continuity And Disaster Management Plan,18.3182,Does The Entity Have ABusiness Continuity And Disaster Management Plan,21.1766,Does The Entity Have An Equal Opportunity Policy As Per The Rights Of Persons With Disabilities Act2016,18.4913,Remarks For Assurance Of Whether The Entity Have ABusiness Continuity And Disaster Management Plan,18.3182,High Confidence,Remarks For Assurance Of Whether The Entity Have ABusiness Continuity And Disaster Management Plan
Q219,Does the company comply with Maritime Labour Convention adopted by International Labour Organisation in 2006,Whether Details Of Waste Management Practices Adopted In Your Establishments And The Strategy Adopted By Company To Reduce Usage Of Hazardous And Toxic Chemicals Is Assured By Assurer,13.3676,Whether Details Of Waste Management Practices Adopted In Your Establishments And The Strategy Adopted By Company To Reduce Usage Of Hazardous And Toxic Chemicals Is Assured By Assurer,13.3676,Remarks For Assurance Of Details Of Waste Management Practices Adopted In Your Establishments And The Strategy Adopted By Company To Reduce Usage Of Hazardous And Toxic Chemicals,13.2801,Details Of Waste Management Practices Adopted In Your Establishments And The Strategy Adopted By Company To Reduce Usage Of Hazardous And Toxic Chemicals Explanatory Text Block,13.1491,Low Confidence,Whether Details Of Waste Management Practices Adopted In Your Establishments And The Strategy Adopted By Company To Reduce Usage Of Hazardous And Toxic Chemicals Is Assured By Assurer
Q220,Is the company’s training centre for its seafarers certified or has got validated by any institution,Whether The Entity Has Undertaken Any Specific Initiatives Or Used Innovative Technology Or Solutions To Improve Resource Efficiency Is Assured By Assurer,17.5136,Whether The Entity Has Undertaken Any Specific Initiatives Or Used Innovative Technology Or Solutions To Improve Resource Efficiency Is Assured By Assurer,17.5136,Has The Entity Conducted Life Cycle Perspective Or Assessments For Any Of Its Products Or For Its Services,16.0822,Assurer Has Assured Whether The Entity Conducted Life Cycle Perspective Or Assessments For Any Of Its Products Or For Its Services,14.9844,High Confidence,Whether The Entity Has Undertaken Any Specific Initiatives Or Used Innovative Technology Or Solutions To Improve Resource Efficiency Is Assured By Assurer
Q221,Does the company have agreements which safeguard the wellbeing of farm workers through the Agricultural Labour Practices Code,Remarks For Assurance Of Details Of Financial Year For Which Reporting Is Being Done,16.3848,Remarks For Assurance Of Details Of Financial Year For Which Reporting Is Being Done,16.3848,Assurance Sub Type For Details Of Financial Year For Which Reporting Is Being Done,15.7326,Whether Details Of Financial Year For Which Reporting Is Being Done Is Assured By Assurer,15.2463,Ambiguous,Remarks For Assurance Of Details Of Financial Year For Which Reporting Is Being Done
Q222,Does the company ensure its jewellery meet BIS hallmark standards for quality assurance,Remarks For Assurance Of Measures Taken By The Entity To Ensure ASafe And Healthy Work Place,17.2141,Remarks For Assurance Of Measures Taken By The Entity To Ensure ASafe And Healthy Work Place,17.2141,Assurance Sub Type For Measures Taken By The Entity To Ensure ASafe And Healthy Work Place,15.8169,Remarks For Assurance Of Details Of Measures For The Well Being Of Employees And Workers And Spending On It,15.6889,High Confidence,Remarks For Assurance Of Measures Taken By The Entity To Ensure ASafe And Healthy Work Place
Q223,Is the education institute providing placement assistance to its students,It Is Planned To Be Done In The Next Financial Year - Principle3 Member,15.9379,It Is Planned To Be Done In The Next Financial Year - Principle8 Member,15.9379,It Is Planned To Be Done In The Next Financial Year - Principle7 Member,15.9379,It Is Planned To Be Done In The Next Financial Year - Principle5 Member,15.9379,Ambiguous,It Is Planned To Be Done In The Next Financial Year - Principle3 Member
Q224,Does the company have a editorial policy,Remarks For Assurance Of Whether The Entity Have An Equal Opportunity Policy As Per The Rights Of Persons With Disabilities Act2016,14.7008,Does The Entity Have An Equal Opportunity Policy As Per The Rights Of Persons With Disabilities Act2016,18.3911,Remarks For Assurance Of Whether The Entity Have An Equal Opportunity Policy As Per The Rights Of Persons With Disabilities Act2016,14.7008,Assurer Has Assured Whether The Entity Have An Equal Opportunity Policy As Per The Rights Of Persons With Disabilities Act2016,14.4325,High Confidence,Remarks For Assurance Of Whether The Entity Have An Equal Opportunity Policy As Per The Rights Of Persons With Disabilities Act2016
Q225,Does the company implement strategies to control and reduce the amount of construction and demolition waste from buildings that are constructed or are part of portfolio,Construction And Demolition Waste,30.9528,Construction And Demolition Waste,30.9528,Construction And Demolition Waste - Previous Year,28.3018,Amount Of Recycled - Hazardous Waste Member,26.3776,High Confidence,Construction And Demolition Waste
Q226,Does the company have programs established to measure food loss and waste,Steps Taken To Address The Waste Collection Plan Explanatory Text Block,22.3217,Waste Recovered Through Recycled,23.3311,Steps Taken To Address The Waste Collection Plan Explanatory Text Block,22.3217,Amount Of Recycled - Hazardous Waste Member,22.1968,High Confidence,Steps Taken To Address The Waste Collection Plan Explanatory Text Block
Q227,Does the company have any targets to reduce food waste,Amount Of Recycled - Hazardous Waste Member - Previous Year,20.4457,Waste Recovered Through Recycled,23.3311,Amount Of Recycled - Hazardous Waste Member,22.1968,Waste Recovered Through Recycled - Previous Year,21.3328,High Confidence,Amount Of Recycled - Hazardous Waste Member - Previous Year
Q228,What initiatives are undertaken to mitigate the health risks of smoking and tobacco use,Steps Taken To Inform And Educate Consumers About Safe And Responsible Usage Of Products And Or Services Explanatory Text Block,15.4228,Remarks For Assurance Of Steps Taken To Inform And Educate Consumers About Safe And Responsible Usage Of Products And Or Services,15.6641,Steps Taken To Inform And Educate Consumers About Safe And Responsible Usage Of Products And Or Services Explanatory Text Block,15.4228,Assurance Sub Type For Steps Taken To Inform And Educate Consumers About Safe And Responsible Usage Of Products And Or Services,15.0322,Ambiguous,Steps Taken To Inform And Educate Consumers About Safe And Responsible Usage Of Products And Or Services Explanatory Text Block
Q229,Are any of its hospitals accredited with NABH or JIC? How many of its hospitals accredited with NABH or JIC?,Remarks For Assurance Of Weblink Where Information On Products And Services Of The Entity Can Be Accessed,11.407,Remarks For Assurance Of Weblink Where Information On Products And Services Of The Entity Can Be Accessed,11.407,Has The Entity Conducted Life Cycle Perspective Or Assessments For Any Of Its Products Or For Its Services,11.2978,Weblink Where Information On Products And Services Of The Entity Can Be Accessed Explanatory Text Block,11.0832,Low Confidence,Remarks For Assurance Of Weblink Where Information On Products And Services Of The Entity Can Be Accessed
Q230,Does the company have a program or is taking efforts to increase the availability and affordability of the medicines in low income/developing markets,Details If The Employees Or Worker Of The Entity Have Access To Non Occupational Medical And Healthcare Services Is Not Applicable Explanatory Text Block,16.6746,Does The Entity Have ABusiness Continuity And Disaster Management Plan,22.0002,Does The Entity Have Processes In Place To Avoid Or Manage Conflict Of Interests Involving Members Of The Board,17.7763,Remarks For Assurance Of Whether The Entity Have ABusiness Continuity And Disaster Management Plan,17.746,High Confidence,Details If The Employees Or Worker Of The Entity Have Access To Non Occupational Medical And Healthcare Services Is Not Applicable Explanatory Text Block
Q231,Does the company have publicly available programs to improve the accessibility to healthcare,Whether Information Available In Public Domain - Public Policy3,13.3946,Does The Entity Have ABusiness Continuity And Disaster Management Plan,17.1147,Do The Employees Or Worker Of The Entity Have Access To Non Occupational Medical And Healthcare Services,16.332,Details If The Employees Or Worker Of The Entity Have Access To Non Occupational Medical And Healthcare Services Is Not Applicable Explanatory Text Block,13.6208,Low Confidence,Whether Information Available In Public Domain - Public Policy3
Q232,Are the production units and R&D centres certified to International Aerospace Standard AS9100D and other required aviation standards,Details Of Improvements In Environmental And Social Impacts Due To RAnd D,23.4511,Details Of Improvements In Environmental And Social Impacts Due To RAnd D,23.4511,Percentage Of RAnd D,22.7384,Percentage Of RAnd D - Previous Year,20.8709,Ambiguous,Details Of Improvements In Environmental And Social Impacts Due To RAnd D
Q233,"Has the company identified risk and threats it faces in ensuring the safet and security of its passengers, staff, and assets",The Entity Has Not Applicable AFramework Or Policy On Cyber Security And Risks Related To Data Privacy Explanatory Text Block,12.7165,Desclosure Of The Processes Used To Identify Work Related Hazards And Assess Risks On ARoutine And Non Routine Basis By The Entity Explanatory Text Block,17.5762,Remarks For Assurance Of Measures Taken By The Entity To Ensure ASafe And Healthy Work Place,13.5373,Web Link Of The Policy On Cyber Security And Risks Related To Data Privacy,13.1417,Low Confidence,The Entity Has Not Applicable AFramework Or Policy On Cyber Security And Risks Related To Data Privacy Explanatory Text Block
Q234,Does the company collaborate with external agencies to reduce the amount of food loss and waste,Amount Of Recycled - Hazardous Waste Member,26.3776,Amount Of Recycled - Hazardous Waste Member,26.3776,Amount Of Recycled - Hazardous Waste Member - Previous Year,24.2967,Waste Recovered Through Recycled,23.3311,High Confidence,Amount Of Recycled - Hazardous Waste Member
Q235,Is the company promoting local tourism,Assurer Has Assured Whether The Entity Display Product Information On The Product Over And Above What Is Mandated As Per Local Laws,9.5334,Does The Entity Display Product Information On The Product Over And Above What Is Mandated As Per Local Laws,10.2942,Percentage Of Loans And Advances Given To Related Parties In Total Loans And Advances,9.6634,Details Of Product Information On The Product Over And Above What Is Mandated As Per Local Laws Explanatory Text Block,9.6067,Low Confidence,Assurer Has Assured Whether The Entity Display Product Information On The Product Over And Above What Is Mandated As Per Local Laws
Q236,"Does the company actively engage in the research collaborations with the universities, research institutions and other companies",Name Of Other Parameter Of Energy Consumption Through Other Source From Renewable Sources - Energy Consumption Through Other Source From Renewable Sources Domain1,10.9203,Whether Details Of Total Energy Consumption And Energy Intensity Applicable To The Company,12.2884,Remarks For Assurance Of Details Of Waste Management Practices Adopted In Your Establishments And The Strategy Adopted By Company To Reduce Usage Of Hazardous And Toxic Chemicals,11.2812,Details Of Waste Management Practices Adopted In Your Establishments And The Strategy Adopted By Company To Reduce Usage Of Hazardous And Toxic Chemicals Explanatory Text Block,11.1353,Low Confidence,Name Of Other Parameter Of Energy Consumption Through Other Source From Renewable Sources - Energy Consumption Through Other Source From Renewable Sources Domain1
Q237,"Provide details on development of clinical technology, clinical capabilites and programmes",Remarks For Assurance Of Details Of Significant Direct And Indirect Impact Of The Entity On Biodiversity In Such Areas Along With Prevention And Remediation Activities,11.7541,Does The Entity Provide Transition Assistance Programs To Facilitate Continued Employability And The Management Of Career Endings Resulting From Retirement Or Termination Of Employment,11.7849,Remarks For Assurance Of Details Of Significant Direct And Indirect Impact Of The Entity On Biodiversity In Such Areas Along With Prevention And Remediation Activities,11.7541,Details Of Significant Direct And Indirect Impact Of The Entity On Biodiversity In Such Areas Along With Prevention And Remediation Activities Explanatory Text Block,11.6303,Low Confidence,Remarks For Assurance Of Details Of Significant Direct And Indirect Impact Of The Entity On Biodiversity In Such Areas Along With Prevention And Remediation Activities
Q238,"Does the entity have system/mechanism in place to address issues (congestion, indoor coverage, call drops, modernisation and upgrade of data speeds, among others)",Remarks For Assurance Of The Internal Mechanisms In Place To Redress Grievances Related To Human Rights Issues,18.1264,Does The Entity Have Procedures In Place For Sustainable Sourcing,19.1804,Does The Entity Have Processes In Place To Avoid Or Manage Conflict Of Interests Involving Members Of The Board,18.5362,Remarks For Assurance Of The Internal Mechanisms In Place To Redress Grievances Related To Human Rights Issues,18.1264,Ambiguous,Remarks For Assurance Of The Internal Mechanisms In Place To Redress Grievances Related To Human Rights Issues
Q239,"Does the company have digital/smart substations or plans to have it in future? (If yes, provide the number of substation)",Remarks For Assurance Of Whether The Waste Collection Plan Is In Line With The Extended Producer Responsibility Plan Submitted To Pollution Control Boards And Steps Taken To Address The Waste Collection Plan If Not Submitted,16.1693,Does The Entity Have An Equal Opportunity Policy As Per The Rights Of Persons With Disabilities Act2016,18.2355,Does The Entity Have ABusiness Continuity And Disaster Management Plan,17.1147,Does The Entity Provide Transition Assistance Programs To Facilitate Continued Employability And The Management Of Career Endings Resulting From Retirement Or Termination Of Employment,16.7261,High Confidence,Remarks For Assurance Of Whether The Waste Collection Plan Is In Line With The Extended Producer Responsibility Plan Submitted To Pollution Control Boards And Steps Taken To Address The Waste Collection Plan If Not Submitted
Q240,Does the company use smart metters in its distribution grid,Energy Intensity Per Rupee Of Turnover Adjusting For Purchasing Power Parity - Previous Year,13.8008,Energy Intensity Per Rupee Of Turnover Adjusting For Purchasing Power Parity,14.7744,Energy Intensity Per Rupee Of Turnover Adjusting For Purchasing Power Parity - Previous Year,13.8008,Whether Details Of Total Energy Consumption And Energy Intensity Applicable To The Company,11.519,Ambiguous,Energy Intensity Per Rupee Of Turnover Adjusting For Purchasing Power Parity - Previous Year
Q241,Does the company have inhouse research and development facilities/centres and team,Value Of Shares Paid Up,9.4351,Does The Entity Have An Equal Opportunity Policy As Per The Rights Of Persons With Disabilities Act2016,12.5397,Whether Details Of Total Energy Consumption And Energy Intensity Applicable To The Company,12.2884,Does The Entity Have Any Sites Or Facilities Identified As Designated Consumers Under The Performance Achieve And Trade Scheme Of The Government Of India,11.7265,Low Confidence,Value Of Shares Paid Up
Q242,Is the company offering e-learning courses/certifications to its students,Whether EMail Of The Company Is Assured By Assurer,15.4707,It Is Planned To Be Done In The Next Financial Year - Principle4 Member,15.9379,It Is Planned To Be Done In The Next Financial Year - Principle2 Member,15.9379,It Is Planned To Be Done In The Next Financial Year - Principle7 Member,15.9379,Ambiguous,Whether EMail Of The Company Is Assured By Assurer
Q243,ISO 22000 FSSC,CompanyName,0.0,Web Link Public Policy Position Advocated - Public Policy38,0.0,Water Discharge To Groundwater With Out Treatment Per Area - Facility Or Plant Located In Areas Of Water Stress Domain5,0.0,Water Withdrawal By Surface Water Per Area - Facility Or Plant Located In Areas Of Water Stress Domain5,0.0,Low Confidence,CompanyName
Q244,Does the company confirm on its commitments to follow guidelines provided by FSSAI and NIN,Provide Details Of The Non Compliance - Law Or Regulation Or Guidelines1,14.2647,Whether Details Of Total Energy Consumption And Energy Intensity Applicable To The Company,14.3496,Provide Details Of The Non Compliance - Law Or Regulation Or Guidelines12,14.2647,Provide Details Of The Non Compliance - Law Or Regulation Or Guidelines14,14.2647,Ambiguous,Provide Details Of The Non Compliance - Law Or Regulation Or Guidelines1
Q245,Does the company conduct food safety audits,Assurance Sub Type For Details Of Instances Of Product Recalls On Account Of Safety Issues,13.6621,Remarks For Assurance Of Details Of Instances Of Product Recalls On Account Of Safety Issues,13.8963,Assurance Sub Type For Details Of Instances Of Product Recalls On Account Of Safety Issues,13.6621,Whether Details Of Instances Of Product Recalls On Account Of Safety Issues Is Assured By Assurer,13.2847,Ambiguous,Assurance Sub Type For Details Of Instances Of Product Recalls On Account Of Safety Issues
Q246,Does the company mention use of natural ingredients in their products and are they approved by government norms,Reclaimed Products And Their Packaging Materials As Percentage Of Total Products Sold In Respective Category - Reclaimed Products And Their Packaging Domain1,15.6711,Reclaimed Products And Their Packaging Materials As Percentage Of Total Products Sold In Respective Category - Reclaimed Products And Their Packaging Domain8,15.6711,Reclaimed Products And Their Packaging Materials As Percentage Of Total Products Sold In Respective Category - Reclaimed Products And Their Packaging Domain7,15.6711,Reclaimed Products And Their Packaging Materials As Percentage Of Total Products Sold In Respective Category - Reclaimed Products And Their Packaging Domain5,15.6711,Ambiguous,Reclaimed Products And Their Packaging Materials As Percentage Of Total Products Sold In Respective Category - Reclaimed Products And Their Packaging Domain1
Q247,does the company have a policy on ingredient safety? is there any mention of use of paraben in the products,The Entity Is Not At AStage Where It Is In APosition To Formulate And Implement The Policies On Specified Principles - Principle7 Member,18.2467,Does The Entity Have An Equal Opportunity Policy As Per The Rights Of Persons With Disabilities Act2016,18.3911,The Entity Is Not At AStage Where It Is In APosition To Formulate And Implement The Policies On Specified Principles - Principle5 Member,18.2467,The Entity Is Not At AStage Where It Is In APosition To Formulate And Implement The Policies On Specified Principles - Principle2 Member,18.2467,Ambiguous,The Entity Is Not At AStage Where It Is In APosition To Formulate And Implement The Policies On Specified Principles - Principle7 Member
Q248,ISO 13485,Corporate Identity Number,0.0,Web Link Public Policy Position Advocated - Public Policy38,0.0,Water Discharge To Groundwater With Out Treatment Per Area - Facility Or Plant Located In Areas Of Water Stress Domain5,0.0,Water Withdrawal By Surface Water Per Area - Facility Or Plant Located In Areas Of Water Stress Domain5,0.0,Low Confidence,Corporate Identity Number
Q249,Does the company have a policy for ensuring quality and patient safety during clinical trials,Assurance Sub Type For Whether The Entity Have An Equal Opportunity Policy As Per The Rights Of Persons With Disabilities Act2016,15.1373,Does The Entity Have An Equal Opportunity Policy As Per The Rights Of Persons With Disabilities Act2016,18.3911,Remarks For Assurance Of Whether The Entity Have An Equal Opportunity Policy As Per The Rights Of Persons With Disabilities Act2016,15.7646,Assurance Sub Type For Whether The Entity Have An Equal Opportunity Policy As Per The Rights Of Persons With Disabilities Act2016,15.1373,High Confidence,Assurance Sub Type For Whether The Entity Have An Equal Opportunity Policy As Per The Rights Of Persons With Disabilities Act2016
Q250,Does the entity display relevant information on the product labels as per the requirements of national and international drug regulatory bodies,Remarks For Assurance Of Whether The Entity Display Product Information On The Product Over And Above What Is Mandated As Per Local Laws,25.2718,Does The Entity Display Product Information On The Product Over And Above What Is Mandated As Per Local Laws,29.271,Remarks For Assurance Of Whether The Entity Display Product Information On The Product Over And Above What Is Mandated As Per Local Laws,25.2718,Assurer Has Assured Whether The Entity Display Product Information On The Product Over And Above What Is Mandated As Per Local Laws,24.6623,High Confidence,Remarks For Assurance Of Whether The Entity Display Product Information On The Product Over And Above What Is Mandated As Per Local Laws
Q251,How many labs are NABL accredited,Waste Intensity The Relevant Metric May Be Selected By The Entity - Previous Year,5.4382,Waste Intensity The Relevant Metric May Be Selected By The Entity,5.8218,Water Intensity The Relevant Metric May Be Selected By The Entity,5.8218,Energy Intensity The Relevant Metric May Be Selected By The Entity,5.8218,Low Confidence,Waste Intensity The Relevant Metric May Be Selected By The Entity - Previous Year
Q252,How did the entity handle aliquots and provide details on reducing aliquots,Details Of Instances As To How The Inputs Received From Stakeholders On These Topics Were Incorporated Into Policies And Activities Of The Entity Explanatory Text Block,12.3752,Do Human Rights Requirements Form Part Of Your Business Agreements And Contracts,12.6875,Details Of Instances As To How The Inputs Received From Stakeholders On These Topics Were Incorporated Into Policies And Activities Of The Entity Explanatory Text Block,12.3752,Provide The Processes For Consultation Between Stakeholders And The Board On Economic Environmental And Social Topics Or If Consultation Is Delegated How Is Feedback From Such Consultations Provided To The Board Explanatory Text Block,12.0845,Low Confidence,Details Of Instances As To How The Inputs Received From Stakeholders On These Topics Were Incorporated Into Policies And Activities Of The Entity Explanatory Text Block
Q253,Does the company have a dedicated ethics committee to oversee all the clinical trials,Do You Have APreferential Procurement Policy Where You Give Preference To Purchase From Suppliers Comprising Marginalized Or Vulnerable Groups,16.0067,Does The Entity Have ASpecified Committee Of The Board Or Director Responsible For Decision Making On Sustainability Related Issues,17.1395,Do You Have APreferential Procurement Policy Where You Give Preference To Purchase From Suppliers Comprising Marginalized Or Vulnerable Groups,16.0067,Does The Entity Have An Equal Opportunity Policy As Per The Rights Of Persons With Disabilities Act2016,15.7974,High Confidence,Do You Have APreferential Procurement Policy Where You Give Preference To Purchase From Suppliers Comprising Marginalized Or Vulnerable Groups
Q254,Does the company have a public policy committing it and/or its suppliers to animal welfare principles,Remarks For Assurance Of APreferential Procurement Policy Where Preference To Purchase From Suppliers Comprising Marginalized Or Vulnerable Groups And Its Percentage Of Total Procurement By Value Does It Constitute,19.4789,Remarks For Assurance Of APreferential Procurement Policy Where Preference To Purchase From Suppliers Comprising Marginalized Or Vulnerable Groups And Its Percentage Of Total Procurement By Value Does It Constitute,19.4789,Assurance Sub Type For APreferential Procurement Policy Where Preference To Purchase From Suppliers Comprising Marginalized Or Vulnerable Groups And Its Percentage Of Total Procurement By Value Does It Constitute,18.8918,Whether APreferential Procurement Policy Where Preference To Purchase From Suppliers Comprising Marginalized Or Vulnerable Groups And Its Percentage Of Total Procurement By Value Does It Constitute Is Assured By Assurer,18.5208,Ambiguous,Remarks For Assurance Of APreferential Procurement Policy Where Preference To Purchase From Suppliers Comprising Marginalized Or Vulnerable Groups And Its Percentage Of Total Procurement By Value Does It Constitute
Q255,Does the company meet priority sector lending requirements as per RBI,Is The Premise Or Office Of The Entity Accessible To Differently Abled Visitors As Per The Requirements Of The Rights Of Persons With Disabilities Act2016,11.93,Energy Intensity Per Rupee Of Turnover,12.2161,Is The Premise Or Office Of The Entity Accessible To Differently Abled Visitors As Per The Requirements Of The Rights Of Persons With Disabilities Act2016,11.93,Whether Details Of Total Energy Consumption And Energy Intensity Applicable To The Company,11.519,Low Confidence,Is The Premise Or Office Of The Entity Accessible To Differently Abled Visitors As Per The Requirements Of The Rights Of Persons With Disabilities Act2016
Q256,"Does the entity have a plan to lend to MSME? If yes, provide details",Assurer Has Assured Whether The Entity Have ABusiness Continuity And Disaster Management Plan,17.5182,Does The Entity Have ABusiness Continuity And Disaster Management Plan,22.8153,Remarks For Assurance Of Whether The Entity Have ABusiness Continuity And Disaster Management Plan,18.4604,Assurer Has Assured Whether The Entity Have ABusiness Continuity And Disaster Management Plan,17.5182,High Confidence,Assurer Has Assured Whether The Entity Have ABusiness Continuity And Disaster Management Plan
Q257,Does the company have a policy or commitment on financial inclusion,Remarks For Assurance Of The Entity Is AMember Of Or Affiliated To Trade And Industry Chambers Or Associations Determined Based On The Total Members Of Such Body,13.5414,Does The Entity Have An Equal Opportunity Policy As Per The Rights Of Persons With Disabilities Act2016,18.3911,Does The Entity Have AFramework Or Policy On Cyber Security And Risks Related To Data Privacy,17.6808,Does The Entity Have ASpecified Committee Of The Board Or Director Responsible For Decision Making On Sustainability Related Issues,15.5116,Ambiguous,Remarks For Assurance Of The Entity Is AMember Of Or Affiliated To Trade And Industry Chambers Or Associations Determined Based On The Total Members Of Such Body
Q258,Does the company have programmes for listing designed to promote small businesses (MSME) and community development,Assurance Sub Type For Whether The Entity Have ABusiness Continuity And Disaster Management Plan,16.4434,Does The Entity Have ABusiness Continuity And Disaster Management Plan,20.7302,Remarks For Assurance Of Whether The Entity Have ABusiness Continuity And Disaster Management Plan,17.927,Does The Entity Have Processes In Place To Avoid Or Manage Conflict Of Interests Involving Members Of The Board,16.9086,High Confidence,Assurance Sub Type For Whether The Entity Have ABusiness Continuity And Disaster Management Plan
Q259,Does the company index for social enterprises that target underserved or less privileged population segments,Remarks For Assurance Of Whether CSRIs Applicable As Per Section135 Of Companies Act2013,14.9205,Type Of Assurance For Section AGeneral Disclosures,16.7619,Remarks For Assurance Of Whether CSRIs Applicable As Per Section135 Of Companies Act2013,14.9205,Whether CSRIs Applicable As Per Section135 Of Companies Act2013,14.7902,High Confidence,Remarks For Assurance Of Whether CSRIs Applicable As Per Section135 Of Companies Act2013
Q260,Does the company have its products in compliance with BIS standards,Number Of Persons Benefitted From CSRProjects - CSRProjects83,15.414,Number Of Persons Benefitted From CSRProjects - CSRProjects83,15.414,Does The Entity Have An Equal Opportunity Policy As Per The Rights Of Persons With Disabilities Act2016,15.2337,Does Company Participate In The Business Responsibility Initiatives Of The Listed Entity - Holding Subsidiary Associate Companies And Joint Ventures Domain83,13.8945,Ambiguous,Number Of Persons Benefitted From CSRProjects - CSRProjects83
Q261,Is the company adhering to Food Safety Standards and Processes,It Is Planned To Be Done In The Next Financial Year - Principle5 Member,11.5466,It Is Planned To Be Done In The Next Financial Year - Principle3 Member,11.5466,It Is Planned To Be Done In The Next Financial Year - Principle6 Member,11.5466,It Is Planned To Be Done In The Next Financial Year - Principle7 Member,11.5466,Low Confidence,It Is Planned To Be Done In The Next Financial Year - Principle5 Member
Q262,Description of actions and initiatives to promote access to healthcare products for priority diseases,Description Of Main Activity - Details Of Business Activities Accounting For Ninety Percent Of The Turnover Domain1,14.9758,Do The Employees Or Worker Of The Entity Have Access To Non Occupational Medical And Healthcare Services,18.7213,Details If The Employees Or Worker Of The Entity Have Access To Non Occupational Medical And Healthcare Services Is Not Applicable Explanatory Text Block,15.5522,Description Of Main Activity - Details Of Business Activities Accounting For Ninety Percent Of The Turnover Domain1,14.9758,High Confidence,Description Of Main Activity - Details Of Business Activities Accounting For Ninety Percent Of The Turnover Domain1
Q263,Does the company focus on providing healthcare facilities to vulnerable portions of the population,Whether Details Of Total Energy Consumption And Energy Intensity Applicable To The Company,13.5803,Whether Details Of Total Energy Consumption And Energy Intensity Applicable To The Company,13.5803,Do The Employees Or Worker Of The Entity Have Access To Non Occupational Medical And Healthcare Services,11.9818,Does The Entity Provide Transition Assistance Programs To Facilitate Continued Employability And The Management Of Career Endings Resulting From Retirement Or Termination Of Employment,11.3424,High Confidence,Whether Details Of Total Energy Consumption And Energy Intensity Applicable To The Company
Q264,N-CAP Rating of 4 or 5 star?,State Of CSRProjects Undertaken - CSRProjects Undertaken7,10.5032,NOx,13.1565,NOx - Previous Year,11.9241,State Of Project - Projects For Rehabilitation And Resettlement7,10.5032,Low Confidence,State Of CSRProjects Undertaken - CSRProjects Undertaken7
Q265,"Is the company sourcing raw materials from the certified sustainable sources (such as global GAP, RSPO, Rainforest, FSC)",Whether The Entity Have Procedures In Place For Sustainable Sourcing And Percentage Of Inputs Were Sourced Sustainably Is Assured By Assurer,15.8138,Does The Entity Have Procedures In Place For Sustainable Sourcing,18.421,Whether The Entity Have Procedures In Place For Sustainable Sourcing And Percentage Of Inputs Were Sourced Sustainably Is Assured By Assurer,15.8138,Remarks For Assurance Of The Entity Have Procedures In Place For Sustainable Sourcing And Percentage Of Inputs Were Sourced Sustainably,13.4892,High Confidence,Whether The Entity Have Procedures In Place For Sustainable Sourcing And Percentage Of Inputs Were Sourced Sustainably Is Assured By Assurer
Q266,Do the farmers have access to PPE kits to prevent themselves from exposure to pesticides while handling wet green tobacco leaves which could lead to Green Tobacco Sickness,Do The Employees Or Worker Of The Entity Have Access To Non Occupational Medical And Healthcare Services,20.1753,Do The Employees Or Worker Of The Entity Have Access To Non Occupational Medical And Healthcare Services,20.1753,Whether You Have Processes For Workers To Report The Work Related Hazards And To Remove Themselves From Such Risks,16.5006,Number Of Persons Benefitted From CSRProjects - CSRProjects82,16.261,High Confidence,Do The Employees Or Worker Of The Entity Have Access To Non Occupational Medical And Healthcare Services
Q267,Does the company have any standards or programmes related to sustainable tobacco during their supply chain process,Remarks For Assurance Of The Entity Have Procedures In Place For Sustainable Sourcing And Percentage Of Inputs Were Sourced Sustainably,19.3727,Does The Entity Have Procedures In Place For Sustainable Sourcing,27.4016,Remarks For Assurance Of The Entity Have Procedures In Place For Sustainable Sourcing And Percentage Of Inputs Were Sourced Sustainably,19.3727,Assurance Sub Type For The Entity Have Procedures In Place For Sustainable Sourcing And Percentage Of Inputs Were Sourced Sustainably,18.7367,High Confidence,Remarks For Assurance Of The Entity Have Procedures In Place For Sustainable Sourcing And Percentage Of Inputs Were Sourced Sustainably
Q268,Are there any technicians appointed during the supply chain process to detect or monitor the agriculture or crop management process,Percentage Of Discrimination At Work Place Of Value Chain Partners P5,14.7968,Number Of Complaints Filed During The Year - Discrimination At Work Place Member,15.4526,Does The Entity Have Procedures In Place For Sustainable Sourcing,15.0753,Percentage Of Discrimination At Work Place Of Value Chain Partners P5,14.7968,Ambiguous,Percentage Of Discrimination At Work Place Of Value Chain Partners P5
Q269,Existence of management process for ensuring quality and patient safety during clinical trials,Type Of Assurance For Policy And Management Processes,18.0518,Type Of Assurance For Policy And Management Processes,18.0518,Type Of Assurance For Section BManagement And Process Disclosures,16.7318,Remarks For Assurance Of Health And Safety Management System,16.5038,High Confidence,Type Of Assurance For Policy And Management Processes
Q270,Provide information on project(s) for which ongoing Rehabilitation and Resettlements is being undertaken by the company,Whether Details Of Projects For Which Ongoing Rehabilitation And Resettlement Is Being Undertaken By Entity Is Assured By Assurer,30.8568,Whether Details Of Projects For Which Ongoing Rehabilitation And Resettlement Is Being Undertaken By Entity Is Assured By Assurer,30.8568,Assurance Sub Type For Details Of Projects For Which Ongoing Rehabilitation And Resettlement Is Being Undertaken By Entity,30.0965,Remarks For Assurance Of Details Of Projects For Which Ongoing Rehabilitation And Resettlement Is Being Undertaken By Entity,30.0965,Ambiguous,Whether Details Of Projects For Which Ongoing Rehabilitation And Resettlement Is Being Undertaken By Entity Is Assured By Assurer
Q271,How many patents were filed and granted during the current year,Number Of Complaints Filed During The Year - Otherhumanrightsrelatedissues Member,16.7864,Number Of Complaints Filed During The Year - Otherhumanrightsrelatedissues Member,16.7864,Number Of Complaints Filed During The Year - Wages Member,16.7864,Number Of Complaints Filed During The Year - Child Labour Member,16.1727,Ambiguous,Number Of Complaints Filed During The Year - Otherhumanrightsrelatedissues Member
Q272,Does the company have due diligence process for sourcing minerals as raw materials,Assurance Sub Type For The Entity Have Procedures In Place For Sustainable Sourcing And Percentage Of Inputs Were Sourced Sustainably,18.9831,Does The Entity Have Procedures In Place For Sustainable Sourcing,26.9805,Remarks For Assurance Of The Entity Have Procedures In Place For Sustainable Sourcing And Percentage Of Inputs Were Sourced Sustainably,19.6191,Assurance Sub Type For The Entity Have Procedures In Place For Sustainable Sourcing And Percentage Of Inputs Were Sourced Sustainably,18.9831,High Confidence,Assurance Sub Type For The Entity Have Procedures In Place For Sustainable Sourcing And Percentage Of Inputs Were Sourced Sustainably
Q273,Has the entity performed audit by DoT and maintain compliance with EMF radiation levels set by local regulations and ICNIRP,Assurance Sub Type For Specific Commitments Goals And Targets Set By The Entity With Defined Timelines,13.66,Whether Specific Commitments Goals And Targets Set By The Entity With Defined Timelines Is Assured By Assurer,14.0359,Remarks For Assurance Of Specific Commitments Goals And Targets Set By The Entity With Defined Timelines,13.66,Assurance Sub Type For Specific Commitments Goals And Targets Set By The Entity With Defined Timelines,13.66,Ambiguous,Assurance Sub Type For Specific Commitments Goals And Targets Set By The Entity With Defined Timelines
Q274,Does the organisation have Board Diversity Policy,Remarks For Assurance Of Whether The Entity Have ASpecified Committee Of The Board Or Director Responsible For Decision Making On Sustainability Related Issues,18.6134,Does The Entity Have ASpecified Committee Of The Board Or Director Responsible For Decision Making On Sustainability Related Issues,22.5045,Remarks For Assurance Of Whether The Entity Have ASpecified Committee Of The Board Or Director Responsible For Decision Making On Sustainability Related Issues,18.6134,Assurer Has Assured Whether The Entity Have ASpecified Committee Of The Board Or Director Responsible For Decision Making On Sustainability Related Issues,18.4345,High Confidence,Remarks For Assurance Of Whether The Entity Have ASpecified Committee Of The Board Or Director Responsible For Decision Making On Sustainability Related Issues
Q275,Presence of policy on appointment and reappointment of board of directors,Details Of Specified Committee Of The Board Or Director Responsible For Decision Making On Sustainability Related Issues Explanatory Text Block,18.0092,Details Of Specified Committee Of The Board Or Director Responsible For Decision Making On Sustainability Related Issues Explanatory Text Block,18.0092,Does The Entity Have ASpecified Committee Of The Board Or Director Responsible For Decision Making On Sustainability Related Issues,17.3732,Remarks For Assurance Of Whether The Entity Have ASpecified Committee Of The Board Or Director Responsible For Decision Making On Sustainability Related Issues,16.3106,Ambiguous,Details Of Specified Committee Of The Board Or Director Responsible For Decision Making On Sustainability Related Issues Explanatory Text Block
Q276,Is the chairperson of the board an independent director?,Total Number Of Board Of Directors,16.1817,Number Of Female Board Of Directors,16.1817,Total Number Of Board Of Directors,16.1817,Percentage Of Female Board Of Directors,16.1817,Ambiguous,Total Number Of Board Of Directors
Q277,Does the company have separate roles for Chairman and CEO,Remarks For Assurance Of Address Of Registered Office Of Company,10.3391,Does The Entity Have An Equal Opportunity Policy As Per The Rights Of Persons With Disabilities Act2016,12.5397,Whether Details Of Total Energy Consumption And Energy Intensity Applicable To The Company,12.2884,Does The Entity Have Procedures In Place For Sustainable Sourcing,11.7241,Low Confidence,Remarks For Assurance Of Address Of Registered Office Of Company
Q278,Does the company have lead independent director on the board,Assurer Has Assured Whether The Entity Have ASpecified Committee Of The Board Or Director Responsible For Decision Making On Sustainability Related Issues,20.9836,Does The Entity Have ASpecified Committee Of The Board Or Director Responsible For Decision Making On Sustainability Related Issues,25.2583,Remarks For Assurance Of Whether The Entity Have ASpecified Committee Of The Board Or Director Responsible For Decision Making On Sustainability Related Issues,21.1008,Assurer Has Assured Whether The Entity Have ASpecified Committee Of The Board Or Director Responsible For Decision Making On Sustainability Related Issues,20.9836,High Confidence,Assurer Has Assured Whether The Entity Have ASpecified Committee Of The Board Or Director Responsible For Decision Making On Sustainability Related Issues
Q279,Does the company ensure effectiveness of the board through internal or external evaluation or assessment,Name Of The External Agency That Undertook Independent Assessment Or Evaluation Or Assurance For Energy Consumption Explanatory Text Block,17.8141,Does The Entity Have ASpecified Committee Of The Board Or Director Responsible For Decision Making On Sustainability Related Issues,19.0082,Name Of The External Agency That Undertook Independent Assessment Or Evaluation Or Assurance For Energy Consumption Explanatory Text Block,17.8141,Details Of Specified Committee Of The Board Or Director Responsible For Decision Making On Sustainability Related Issues Explanatory Text Block,16.6097,High Confidence,Name Of The External Agency That Undertook Independent Assessment Or Evaluation Or Assurance For Energy Consumption Explanatory Text Block
Q280,Does the company have processes in place to avoid/manage conflicts of interest involving members of the Board,Does The Entity Have Processes In Place To Avoid Or Manage Conflict Of Interests Involving Members Of The Board,55.7969,Does The Entity Have Processes In Place To Avoid Or Manage Conflict Of Interests Involving Members Of The Board,55.7969,Remarks For Assurance Of The Entity Have Processes In Place To Avoid Or Manage Conflict Of Interests Involving Members Of The Board,49.5048,Assurance Sub Type For The Entity Have Processes In Place To Avoid Or Manage Conflict Of Interests Involving Members Of The Board,49.1226,High Confidence,Does The Entity Have Processes In Place To Avoid Or Manage Conflict Of Interests Involving Members Of The Board
Q281,Does the company conduct training and awareness programmes on any of the NGBRC principles for BOD,Remarks For Assurance Of Percentage Coverage By Training And Awareness Programs On Any Of The Principles During The Financial Year For BODOr KMPOr Employee Or Worker,27.8676,Remarks For Assurance Of Percentage Coverage By Training And Awareness Programs On Any Of The Principles During The Financial Year For BODOr KMPOr Employee Or Worker,27.8676,Assurance Sub Type For Percentage Coverage By Training And Awareness Programs On Any Of The Principles During The Financial Year For BODOr KMPOr Employee Or Worker,27.27,Whether Percentage Coverage By Training And Awareness Programs On Any Of The Principles During The Financial Year For BODOr KMPOr Employee Or Worker Is Assured By Assurer,26.1768,Ambiguous,Remarks For Assurance Of Percentage Coverage By Training And Awareness Programs On Any Of The Principles During The Financial Year For BODOr KMPOr Employee Or Worker
Q282,Independence of Chairperson of committee (risk management),Number Of Female Key Management Personnel,9.3304,Whether You Have Processes For Workers To Report The Work Related Hazards And To Remove Themselves From Such Risks,9.8452,Desclosure Of The Processes Used To Identify Work Related Hazards And Assess Risks On ARoutine And Non Routine Basis By The Entity Explanatory Text Block,9.3626,Total Number Of Key Management Personnel,9.3304,Low Confidence,Number Of Female Key Management Personnel
Q283,Independence of Chairperson of committee (NRC),Description Of Other Committee For Compliance With Statutory Requirements Of Relevance To The Principles And Rectification - Principle1 Member,6.9808,Description Of Other Committee For Compliance With Statutory Requirements Of Relevance To The Principles And Rectification - Principle4 Member,6.9808,Description Of Other Committee For Compliance With Statutory Requirements Of Relevance To The Principles And Rectification - Principle5 Member,6.9808,Description Of Other Committee For Compliance With Statutory Requirements Of Relevance To The Principles And Rectification - Principle6 Member,6.9808,Low Confidence,Description Of Other Committee For Compliance With Statutory Requirements Of Relevance To The Principles And Rectification - Principle1 Member
Q284,Independence of Chairperson of committee (Audit),Amount Of Accounts Payable During The Year,10.5656,Number Of Days Of Accounts Payable,11.6313,Number Of Days Of Accounts Payable - Previous Year,10.7837,Amount Of Accounts Payable During The Year,10.5656,Low Confidence,Amount Of Accounts Payable During The Year
Q285,Is there a claw back mechanism/policy for senior management/KMP,Is There AMechanism Available To Receive And Redress Grievances For Permanent Employees,20.5941,Is There AMechanism Available To Receive And Redress Grievances For Permanent Workers,20.5941,Is There AMechanism Available To Receive And Redress Grievances For Permanent Employees,20.5941,Is There AMechanism Available To Receive And Redress Grievances For Other Than Permanent Employees,19.321,Ambiguous,Is There AMechanism Available To Receive And Redress Grievances For Permanent Employees
Q286,Is the independent director paid commissions/incentives other than the board sitting fees,Number Of Board Of Directors For Remuneration Or Salary Or Wages - Other Gender Member,12.3377,Does The Entity Have ASpecified Committee Of The Board Or Director Responsible For Decision Making On Sustainability Related Issues,14.605,Details Of Specified Committee Of The Board Or Director Responsible For Decision Making On Sustainability Related Issues Explanatory Text Block,14.1843,Assurer Has Assured Whether The Entity Have ASpecified Committee Of The Board Or Director Responsible For Decision Making On Sustainability Related Issues,13.5417,Low Confidence,Number Of Board Of Directors For Remuneration Or Salary Or Wages - Other Gender Member
Q287,Is the variable pay of executives linked to sustainability or ESG parameters,Whether Statement By Director Responsible For The Business Responsibility Report Highlighting ESGRelated Challenges Targets And Achievements Is Assured By Assurer,14.2369,Whether Statement By Director Responsible For The Business Responsibility Report Highlighting ESGRelated Challenges Targets And Achievements Is Assured By Assurer,14.2369,Details Of Specified Committee Of The Board Or Director Responsible For Decision Making On Sustainability Related Issues Explanatory Text Block,13.9847,Does The Entity Have ASpecified Committee Of The Board Or Director Responsible For Decision Making On Sustainability Related Issues,13.7694,Ambiguous,Whether Statement By Director Responsible For The Business Responsibility Report Highlighting ESGRelated Challenges Targets And Achievements Is Assured By Assurer
Q288,Does the company have a policy for appointment or reappointment o auditors,The Entity Does Not Have The Financial Or Human And Technical Resources Available For The Task - Principle8 Member,13.2539,Does The Entity Have An Equal Opportunity Policy As Per The Rights Of Persons With Disabilities Act2016,18.3911,Remarks For Assurance Of Whether The Entity Have An Equal Opportunity Policy As Per The Rights Of Persons With Disabilities Act2016,15.7646,Assurance Sub Type For Whether The Entity Have An Equal Opportunity Policy As Per The Rights Of Persons With Disabilities Act2016,15.1373,Low Confidence,The Entity Does Not Have The Financial Or Human And Technical Resources Available For The Task - Principle8 Member
Q289,Discontinuation of auditors before end of term,Number Of Complaints Pending Resolution At The End Of Year - Working Conditions Complaints Member - Previous Year,11.0842,Number Of Complaints Pending Resolution At The End Of Year - Working Conditions Complaints Member,11.7531,Number Of Complaints Pending Resolution At The End Of Year - Working Conditions Complaints Member - Previous Year,11.0842,Waste Intensity In Term Of Physical Output,10.8397,Low Confidence,Number Of Complaints Pending Resolution At The End Of Year - Working Conditions Complaints Member - Previous Year
Q290,Does the entity have a whistleblower policy,Assurer Has Assured Whether The Entity Have An Equal Opportunity Policy As Per The Rights Of Persons With Disabilities Act2016,15.644,Does The Entity Have An Equal Opportunity Policy As Per The Rights Of Persons With Disabilities Act2016,19.7054,Remarks For Assurance Of Whether The Entity Have An Equal Opportunity Policy As Per The Rights Of Persons With Disabilities Act2016,15.8815,Assurer Has Assured Whether The Entity Have An Equal Opportunity Policy As Per The Rights Of Persons With Disabilities Act2016,15.644,High Confidence,Assurer Has Assured Whether The Entity Have An Equal Opportunity Policy As Per The Rights Of Persons With Disabilities Act2016
Q291,Is the whistleblower policy applicable to value chain,The Enlisted Policies Do Not Applicable Extend To Your Value Chain Partners Explanatory Text Block - Principle1 Member,16.7248,The Enlisted Policies Do Not Applicable Extend To Your Value Chain Partners Explanatory Text Block - Principle6 Member,16.7248,The Enlisted Policies Do Not Applicable Extend To Your Value Chain Partners Explanatory Text Block - Principle7 Member,16.7248,The Enlisted Policies Do Not Applicable Extend To Your Value Chain Partners Explanatory Text Block - Principle8 Member,16.7248,Ambiguous,The Enlisted Policies Do Not Applicable Extend To Your Value Chain Partners Explanatory Text Block - Principle1 Member
Q292,Does the entity have an anti corruption or anti bribery policy,Does The Entity Have An Anti Corruption Or Anti Bribery Policy,43.9274,Does The Entity Have An Anti Corruption Or Anti Bribery Policy,43.9274,Details For The Entity Have Not Applicable An Anti Corruption Or Anti Bribery Policy Explanatory Text Block,33.8475,Anti Corruption Or Anti Bribery Policy Explanatory Text Block,29.429,High Confidence,Does The Entity Have An Anti Corruption Or Anti Bribery Policy
Q293,Does the company have code of conduct policy,Does The Entity Extend Any Life Insurance Or Any Compensatory Package In The Event Of Death Of Workers,10.3134,Does The Entity Have An Equal Opportunity Policy As Per The Rights Of Persons With Disabilities Act2016,15.1335,Does The Entity Have An Anti Corruption Or Anti Bribery Policy,13.0681,Remarks For Assurance Of Whether The Entity Have An Equal Opportunity Policy As Per The Rights Of Persons With Disabilities Act2016,11.7743,Low Confidence,Does The Entity Extend Any Life Insurance Or Any Compensatory Package In The Event Of Death Of Workers
Q294,Does the company have a policy on anti-money laundering and/or insider trading/dealing,Details For The Entity Have Not Applicable An Anti Corruption Or Anti Bribery Policy Explanatory Text Block,16.5705,Does The Entity Have An Anti Corruption Or Anti Bribery Policy,22.9942,Does The Entity Have An Equal Opportunity Policy As Per The Rights Of Persons With Disabilities Act2016,18.3911,Does The Entity Have AFramework Or Policy On Cyber Security And Risks Related To Data Privacy,18.3605,High Confidence,Details For The Entity Have Not Applicable An Anti Corruption Or Anti Bribery Policy Explanatory Text Block
Q295,"Does the company provide training on code of conduct, anti corruption, and anti bribery policies to the employee",Anti Corruption Or Anti Bribery Policy Explanatory Text Block,28.714,Does The Entity Have An Anti Corruption Or Anti Bribery Policy,31.4633,Anti Corruption Or Anti Bribery Policy Explanatory Text Block,28.714,Web Link At Anti Corruption Or Anti Bribery Policy Is Place,26.9,High Confidence,Anti Corruption Or Anti Bribery Policy Explanatory Text Block
Q296,How does the company ensure that the minority shareholders effectively protect their interest and rights within company,Percentage Of Sourced Directly From Within The District And Neighbouring Districts - Previous Year,11.7851,Percentage Of Sourced Directly From Within The District And Neighbouring Districts,12.6164,Does The Entity Have Processes In Place To Avoid Or Manage Conflict Of Interests Involving Members Of The Board,12.5452,Whether Details Of Total Energy Consumption And Energy Intensity Applicable To The Company,12.2884,Low Confidence,Percentage Of Sourced Directly From Within The District And Neighbouring Districts - Previous Year
Q297,Has the company undergone any fines/penalties/punishments/award/compunding fees/settlement amount paid in proceedings with regulators/law enforcement agencies/judicial institution during the financial year,Remarks For Assurance Of Details Of Fines Or Penalties Or Punishment Or Award Or Compounding Fees Or Settlement,31.2637,Remarks For Assurance Of Details Of Fines Or Penalties Or Punishment Or Award Or Compounding Fees Or Settlement,31.2637,Assurance Sub Type For Details Of Fines Or Penalties Or Punishment Or Award Or Compounding Fees Or Settlement,30.6203,Whether Details Of Fines Or Penalties Or Punishment Or Award Or Compounding Fees Or Settlement Is Assured By Assurer,29.7779,Ambiguous,Remarks For Assurance Of Details Of Fines Or Penalties Or Punishment Or Award Or Compounding Fees Or Settlement
Q298,Does the company implement a comprehensive framework or Enterprise Risk Management framework,Remarks For Assurance Of Whether The Entity Have AFramework Or Policy On Cyber Security And Risks Related To Data Privacy,14.5331,Does The Entity Have AFramework Or Policy On Cyber Security And Risks Related To Data Privacy,17.6701,Does The Entity Have ABusiness Continuity And Disaster Management Plan,14.6171,Remarks For Assurance Of Whether The Entity Have AFramework Or Policy On Cyber Security And Risks Related To Data Privacy,14.5331,High Confidence,Remarks For Assurance Of Whether The Entity Have AFramework Or Policy On Cyber Security And Risks Related To Data Privacy
Q299,"Has the company taken any corrective action or underway on any issues related to anti competitive model, based on adverse orders from regulatory authorities? If yes, provide details",Remarks For Assurance Of Details Of Corrective Action Taken Or Underway On Any Issues Related To Anti Competitive Conduct By The Entity Based On Adverse Orders From Regulatory Authorities,55.8655,Remarks For Assurance Of Details Of Corrective Action Taken Or Underway On Any Issues Related To Anti Competitive Conduct By The Entity Based On Adverse Orders From Regulatory Authorities,55.8655,Assurance Sub Type For Details Of Corrective Action Taken Or Underway On Any Issues Related To Anti Competitive Conduct By The Entity Based On Adverse Orders From Regulatory Authorities,55.2732,Whether Details Of Corrective Action Taken Or Underway On Any Issues Related To Anti Competitive Conduct By The Entity Based On Adverse Orders From Regulatory Authorities Is Assured By Assurer,54.1214,Ambiguous,Remarks For Assurance Of Details Of Corrective Action Taken Or Underway On Any Issues Related To Anti Competitive Conduct By The Entity Based On Adverse Orders From Regulatory Authorities
Q300,Does the entity have a business continuity and disaster management plan,Does The Entity Have ABusiness Continuity And Disaster Management Plan,48.2554,Does The Entity Have ABusiness Continuity And Disaster Management Plan,48.2554,Remarks For Assurance Of Whether The Entity Have ABusiness Continuity And Disaster Management Plan,40.755,Assurer Has Assured Whether The Entity Have ABusiness Continuity And Disaster Management Plan,40.524,High Confidence,Does The Entity Have ABusiness Continuity And Disaster Management Plan
Q301,Does the company have ESG or Sustainability or BRSR policy,Whether The Company Has Undertaken Assessment Or Assurance Of The BRSRCore,13.355,Does The Entity Have ASpecified Committee Of The Board Or Director Responsible For Decision Making On Sustainability Related Issues,15.6834,Does The Entity Have An Equal Opportunity Policy As Per The Rights Of Persons With Disabilities Act2016,15.1335,Does The Entity Have An Anti Corruption Or Anti Bribery Policy,13.7326,Low Confidence,Whether The Company Has Undertaken Assessment Or Assurance Of The BRSRCore
Q302,Does the company perform materiality assessment and identify material ESG issues,Material Issue Identified - Entitys Material Responsible Business Conduct Issues Domain1,10.1491,Whether Details Of Total Energy Consumption And Energy Intensity Applicable To The Company,12.2884,Name Of The External Agency That Undertook Independent Assessment Or Evaluation Or Assurance For Energy Consumption Explanatory Text Block,10.708,Material Issue Identified - Entitys Material Responsible Business Conduct Issues Domain27,10.1491,Low Confidence,Material Issue Identified - Entitys Material Responsible Business Conduct Issues Domain1
Q303,Does the company conduct assurance for its ESG or sustainability data through a third party or external agency,Name Of The External Agency If Any Independent Assessment Or Evaluation Or Assurance Has Been Carried Out By An External Agency For Energy Consumption Explanatory Text Block,17.779,Remarks For Assurance Of Data Breaches Information Like Number Of Instances Of Data Breaches Along With Impact And Percentage Of Data Breaches Involving Personally Identifiable Information Of Customers,20.8906,Assurance Sub Type For Data Breaches Information Like Number Of Instances Of Data Breaches Along With Impact And Percentage Of Data Breaches Involving Personally Identifiable Information Of Customers,20.6936,Name Of The External Agency That Undertook Independent Assessment Or Evaluation Or Assurance For Energy Consumption Explanatory Text Block,17.8371,Ambiguous,Name Of The External Agency If Any Independent Assessment Or Evaluation Or Assurance Has Been Carried Out By An External Agency For Energy Consumption Explanatory Text Block
Q304,Does the company conduct assurance for its suppliers’ ESG or sustainability data through a third party or external agency,Assurance Sub Type For APreferential Procurement Policy Where Preference To Purchase From Suppliers Comprising Marginalized Or Vulnerable Groups And Its Percentage Of Total Procurement By Value Does It Constitute,18.0271,Remarks For Assurance Of Data Breaches Information Like Number Of Instances Of Data Breaches Along With Impact And Percentage Of Data Breaches Involving Personally Identifiable Information Of Customers,20.8906,Assurance Sub Type For Data Breaches Information Like Number Of Instances Of Data Breaches Along With Impact And Percentage Of Data Breaches Involving Personally Identifiable Information Of Customers,20.6936,Remarks For Assurance Of APreferential Procurement Policy Where Preference To Purchase From Suppliers Comprising Marginalized Or Vulnerable Groups And Its Percentage Of Total Procurement By Value Does It Constitute,18.6142,Ambiguous,Assurance Sub Type For APreferential Procurement Policy Where Preference To Purchase From Suppliers Comprising Marginalized Or Vulnerable Groups And Its Percentage Of Total Procurement By Value Does It Constitute
Q305,Does the company have a highest authority responsible for implementation and oversight of the Business Responsibility(ies) and ESG policy,Details Of The Highest Authority Responsible For Implementation And Oversight Of The Business Responsibility Policy Explanatory Text Block,40.4822,Details Of The Highest Authority Responsible For Implementation And Oversight Of The Business Responsibility Policy Explanatory Text Block,40.4822,Remarks For Assurance Of Details Of The Highest Authority Responsible For Implementation And Oversight Of The Business Responsibility Policy,40.3279,Assurance Sub Type For Details Of The Highest Authority Responsible For Implementation And Oversight Of The Business Responsibility Policy,39.9502,Ambiguous,Details Of The Highest Authority Responsible For Implementation And Oversight Of The Business Responsibility Policy Explanatory Text Block
Q306,Does the company have a specified committee of the board/director responsible for decision making on sustainability related issues (Y/N),Does The Entity Have ASpecified Committee Of The Board Or Director Responsible For Decision Making On Sustainability Related Issues,61.3137,Does The Entity Have ASpecified Committee Of The Board Or Director Responsible For Decision Making On Sustainability Related Issues,61.3137,Assurer Has Assured Whether The Entity Have ASpecified Committee Of The Board Or Director Responsible For Decision Making On Sustainability Related Issues,54.3583,Remarks For Assurance Of Whether The Entity Have ASpecified Committee Of The Board Or Director Responsible For Decision Making On Sustainability Related Issues,54.2074,High Confidence,Does The Entity Have ASpecified Committee Of The Board Or Director Responsible For Decision Making On Sustainability Related Issues
Q307,Were there any promotor sponsored resolutoins that were defeated during the current FY,Percentage Of Discrimination At Work Place Of Your Plants And Offices That Were Assessed P5,21.4431,Percentage Of Discrimination At Work Place Of Your Plants And Offices That Were Assessed P5,21.4431,Number Of Complaints Filed During The Year - Discrimination At Work Place Member,17.0878,Number Of Complaints Pending Resolution At The End Of Year - Discrimination At Work Place Member,13.8684,High Confidence,Percentage Of Discrimination At Work Place Of Your Plants And Offices That Were Assessed P5
Q308,Does the company follow GRI standards,Any Independent Assessment Or Evaluation Or Assurance Has Been Carried Out By An External Agency For Energy Consumption,8.2587,Whether Details Of Total Energy Consumption And Energy Intensity Applicable To The Company,11.519,Percentage Of Cost Incurred On Well Being Measures With Respect To Total Revenue Of The Company,9.3366,Percentage Of Cost Incurred On Well Being Measures With Respect To Total Revenue Of The Company - Previous Year,8.8395,Low Confidence,Any Independent Assessment Or Evaluation Or Assurance Has Been Carried Out By An External Agency For Energy Consumption
Q309,Is the company aligned with SDGs? Does the company set targets according  to SDGs,Whether Specific Commitments Goals And Targets Set By The Entity With Defined Timelines Is Assured By Assurer,17.6878,Whether Specific Commitments Goals And Targets Set By The Entity With Defined Timelines Is Assured By Assurer,17.6878,Remarks For Assurance Of Specific Commitments Goals And Targets Set By The Entity With Defined Timelines,16.5798,Assurance Sub Type For Specific Commitments Goals And Targets Set By The Entity With Defined Timelines,15.1407,High Confidence,Whether Specific Commitments Goals And Targets Set By The Entity With Defined Timelines Is Assured By Assurer
Q310,Is your company a signatory/participant of the United Nations Global Compact,Number Of Countries Where Market Served By The Entity,11.9838,Number Of Countries Where Market Served By The Entity,11.9838,Country Of Other Stock Exchange - Stock Exchange3,11.2042,Country Of Other Stock Exchange - Stock Exchange1,11.2042,Low Confidence,Number Of Countries Where Market Served By The Entity
Q311,Does the company have affiliatoins with trade and indsutry chambers/associations,Number Of Affiliations With Trade And Industry Chambers Or Associations,24.4977,Number Of Affiliations With Trade And Industry Chambers Or Associations,24.4977,Name Of The Trade And Industry Chambers Or Associations - Industry Chambers Or Associations4 Member,23.3181,Name Of The Trade And Industry Chambers Or Associations - Industry Chambers Or Associations1 Member,23.3181,High Confidence,Number Of Affiliations With Trade And Industry Chambers Or Associations
Q312,"Has the company advocated any public policy positions? If yes, provide details",Web Link Public Policy Position Advocated - Public Policy1,21.7843,Web Link Public Policy Position Advocated - Public Policy38,21.7843,Web Link Public Policy Position Advocated - Public Policy34,21.7843,Web Link Public Policy Position Advocated - Public Policy26,21.7843,Ambiguous,Web Link Public Policy Position Advocated - Public Policy1
Q313,Does the company disclose ESG engagement with investee company,Remarks For Assurance Of Details Of Complaints With Regard To Conflict Of Interest,11.8773,Remarks For Assurance Of Details Of Complaints With Regard To Conflict Of Interest,11.8773,Assurance Sub Type For Details Of Complaints With Regard To Conflict Of Interest,11.521,Whether Details Of Total Energy Consumption And Energy Intensity Applicable To The Company,11.519,Low Confidence,Remarks For Assurance Of Details Of Complaints With Regard To Conflict Of Interest
Q314,Does the entity have stewardship code,The Entity Does Not Have The Financial Or Human And Technical Resources Available For The Task - Principle6 Member,9.621,Does The Entity Have An Equal Opportunity Policy As Per The Rights Of Persons With Disabilities Act2016,13.854,Does The Entity Have Procedures In Place For Sustainable Sourcing,11.8922,Does The Entity Have An Anti Corruption Or Anti Bribery Policy,11.4728,Low Confidence,The Entity Does Not Have The Financial Or Human And Technical Resources Available For The Task - Principle6 Member
Q315,Is there a policy on related party transactions,Percentage Of Purchases From Related Parties In Total Purchases For Share Of Related Party Transactions,18.9614,Percentage Of Sales To Related Parties In Total Sales For Share Of Related Party Transactions,18.9614,Percentage Of Purchases From Related Parties In Total Purchases For Share Of Related Party Transactions,18.9614,Percentage Of Purchases From Related Parties In Total Purchases For Share Of Related Party Transactions - Previous Year,18.0238,Ambiguous,Percentage Of Purchases From Related Parties In Total Purchases For Share Of Related Party Transactions
Q316,Disclosure of transactions with related parties during the year which are more than 10% of the revenue,Percentage Of Sales To Related Parties In Total Sales For Share Of Related Party Transactions - Previous Year,21.9361,Percentage Of Purchases From Related Parties In Total Purchases For Share Of Related Party Transactions - Previous Year,21.9361,Percentage Of Sales To Related Parties In Total Sales For Share Of Related Party Transactions - Previous Year,21.9361,Percentage Of Sales To Related Parties In Total Sales For Share Of Related Party Transactions,21.096,Ambiguous,Percentage Of Sales To Related Parties In Total Sales For Share Of Related Party Transactions - Previous Year
