question_text,best_match,mha_similarity_score,verification_status,alt_match_1,alt_score_1,alt_match_2,alt_score_2
What is the scope 1 and scope 2 emissions intensity for the current year?,Total Scope1 And Scope2 Emissions Intensity In Term Of Physical Output - Previous Year,0.8793,High Confidence (MHA),Total Scope1 And Scope2 Emissions Intensity The Relevant Metric May Be Selected By The Entity - Previous Year,0.8741,Total Scope1 Emissions - Previous Year,0.8655
What is the scope 3 emissions intensity for the current year?,Total Scope3 Emissions - Previous Year,0.8489,High Confidence (MHA),Remarks For Assurance Of Details Of Total Scope3 Emissions And Its Intensity,0.8312,Total Scope3 Emissions,0.8176
What was the Total Scope 1 and 2 intensity (Current Year) (Unit: Metric Tonne) - Physical Output?,Total Scope1 And Scope2 Emissions Intensity In Term Of Physical Output - Previous Year,0.711,High Confidence (MHA),Total Scope1 And Scope2 Emissions Intensity In Term Of Physical Output,0.6892,Total Scope1 And Scope2 Emissions Intensity The Relevant Metric May Be Selected By The Entity - Previous Year,0.6806
What is the scope 1 and scope 2 emissions intensity in terms of purchasing power parity for the current year?,Total Scope1 And Scope2 Emissions Intensity Per Rupee Of Turnover Adjusted For Purchasing Power Parity - Previous Year,0.8648,High Confidence (MHA),Total Scope1 And Scope2 Emissions Intensity Per Rupee Of Turnover Adjusted For Purchasing Power Parity,0.8574,Total Scope1 And Scope2 Emissions Intensity In Term Of Physical Output - Previous Year,0.8492
What are the total PM emissions for the Current Year (Unit: Metric Tonne)?,Total Scope3 Emissions Per Rupee Of Turnover - Previous Year,0.5872,Medium Confidence (MHA),Total Scope3 Emissions Per Rupee Of Turnover,0.5682,Total Scope2 Emissions - Previous Year,0.5679
What are the total SOx emissions for the Current Year (Unit: Metric Tonne)?,Total Scope2 Emissions - Previous Year,0.5479,Medium Confidence (MHA),Total Scope3 Emissions - Previous Year,0.5399,Total Scope1 Emissions - Previous Year,0.5308
What are the total NOx emissions for the Current Year (Unit: Metric Tonne)?,Total Scope2 Emissions - Previous Year,0.5862,Medium Confidence (MHA),Other Emissions - Other Air Emissions Domain9 - Previous Year,0.5841,Total Scope3 Emissions - Previous Year,0.58
What is the water intensity per rupee of turnover in crores for the Current Year? (in kilolitres),Water Intensity Per Rupee Of Turnover - Previous Year,0.8738,High Confidence (MHA),Water Intensity Per Rupee Of Turnover,0.8606,Water Intensity Per Rupee Of Turnover Per Area - Facility Or Plant Located In Areas Of Water Stress Domain7 - Previous Year,0.7688
What is the % of untreated water discharge?,Water Discharge To Others With Treatment,0.6553,Medium Confidence (MHA),Total Water Discharged In Kilolitres Per Area - Facility Or Plant Located In Areas Of Water Stress Domain10 - Previous Year,0.6521,Total Water Discharged In Kilolitres Per Area - Facility Or Plant Located In Areas Of Water Stress Domain9 - Previous Year,0.6521
What is the total volume of fresh water withdrawal (in kilolitres) for the Current Year?,Total Volume Of Water Withdrawal - Previous Year,0.8273,High Confidence (MHA),Total Volume Of Water Withdrawal,0.773,Total Volume Of Water Consumption - Previous Year,0.7424
What is the total volume of fresh water discharge (in kilolitres) for the Current Year?,Total Water Discharged In Kilolitres - Previous Year,0.7764,High Confidence (MHA),Total Water Discharged In Kilolitres,0.7203,Total Volume Of Water Consumption - Previous Year,0.7013
What is the total volume of water consumed (in kilolitres) in areas of water stress for the Current Year?,Total Volume Of Water Consumption Per Area - Facility Or Plant Located In Areas Of Water Stress Domain8 - Previous Year,0.7793,High Confidence (MHA),Total Volume Of Water Consumption Per Area - Facility Or Plant Located In Areas Of Water Stress Domain9 - Previous Year,0.779,Total Volume Of Water Consumption Per Area - Facility Or Plant Located In Areas Of Water Stress Domain7 - Previous Year,0.7788
What is the total effluent discharge in the Current Year?,Water Discharge To Others - Previous Year,0.5702,Medium Confidence (MHA),Water Discharge To Others With Treatment - Previous Year,0.5584,Water Discharge By Sent To Third Parties - Previous Year,0.5526
How much was the Water intensity in Current Year (in kilolitres) for physical output?,Water Intensity In Term Of Physical Output - Previous Year,0.823,High Confidence (MHA),Water Intensity In Term Of Physical Output,0.7066,Total Water Discharged In Kilolitres - Previous Year,0.699
What is the water intensity per rupee of turnover adjusted for Purchasing Power Parity in crores Current Year (in kilolitres) - PPP?,Water Intensity Per Rupee Of Turnover Adjusting For Purchasing Power Parity - Previous Year,0.8773,High Confidence (MHA),Water Intensity Per Rupee Of Turnover Adjusting For Purchasing Power Parity,0.8708,Water Intensity Per Rupee Of Turnover,0.8108
What is the energy intensity turnover for the current year?,Energy Intensity Per Rupee Of Turnover - Previous Year,0.7464,High Confidence (MHA),Energy Intensity In Term Of Physical Output - Previous Year,0.7347,Energy Intensity Per Rupee Of Turnover,0.6921
Percentage of energy consumed from renewable sources?,Total Energy Consumed From Renewable Sources,0.8517,High Confidence (MHA),Total Electricity Consumption From Renewable Sources,0.8285,Total Energy Consumed From Renewable And Non Renewable Sources,0.8069
What is the energy intensity in terms of physical output?,Energy Intensity In Term Of Physical Output,0.8932,High Confidence (MHA),Energy Intensity In Term Of Physical Output - Previous Year,0.7194,Water Intensity In Term Of Physical Output,0.6749
What is the energy intensity adjusted for Purchasing Power Parity for Current Year?,Energy Intensity Per Rupee Of Turnover Adjusting For Purchasing Power Parity - Previous Year,0.7814,High Confidence (MHA),Energy Intensity Per Rupee Of Turnover Adjusting For Purchasing Power Parity,0.7562,Energy Intensity In Term Of Physical Output - Previous Year,0.6531
What is the waste intensity adjusted for Purchasing Power Parity for Current Year?,Waste Intensity Per Rupee Of Turnover Adjusting For Purchasing Power Parity - Previous Year,0.8073,High Confidence (MHA),Waste Intensity Per Rupee Of Turnover Adjusting For Purchasing Power Parity,0.7863,Energy Intensity Per Rupee Of Turnover Adjusting For Purchasing Power Parity - Previous Year,0.7142
How much was the hazardous waste for the current year (in metric tonnes)?,Other Hazardous Waste - Previous Year,0.7547,High Confidence (MHA),Amount Of Recycled - Hazardous Waste Member - Previous Year,0.742,Other Non Hazardous Waste Generated - Previous Year,0.7153
What is the waste recycled/recovered intensity for the current year?,Waste Recovered Through Recycled - Previous Year,0.8263,High Confidence (MHA),Waste Recovered Through Re Used - Previous Year,0.7693,Waste Intensity In Term Of Physical Output - Previous Year,0.7661
Percentage of recycled or reused input material used in production (for manufacturing industry) or providing services (for service industry),Remarks For Assurance Of Details Of Percentage Of Recycled Or Reused Input Material To Total Material By Value Used In Production Or Providing Services,0.9059,High Confidence (MHA),Whether Details Of Percentage Of Recycled Or Reused Input Material To Total Material By Value Used In Production Or Providing Services Is Assured By Assurer,0.8317,Assurance Sub Type For Details Of Percentage Of Recycled Or Reused Input Material To Total Material By Value Used In Production Or Providing Services,0.8151
What was the total waste intensity (current year) (Unit: Metric Tonne) - Physical Output?,Waste Intensity In Term Of Physical Output - Previous Year,0.7732,High Confidence (MHA),Total Waste Generated - Previous Year,0.6978,Waste Intensity In Term Of Physical Output,0.6962
What is the waste intensity adjusted for Purchasing Power Parity for the current year?,Waste Intensity Per Rupee Of Turnover Adjusting For Purchasing Power Parity - Previous Year,0.804,High Confidence (MHA),Waste Intensity Per Rupee Of Turnover Adjusting For Purchasing Power Parity,0.7825,Energy Intensity Per Rupee Of Turnover Adjusting For Purchasing Power Parity - Previous Year,0.7104
Turnover of products and/or services as a percentage of turnover from all products/service that carry information about the safe and responsible usage?,Remarks For Assurance Of Turnover Of Products And Or Services As APercentage Of Turnover From All Products Or Service That Carry Information About As APercentage To Total Turnover,0.7751,High Confidence (MHA),Percentage Of Total Turnover For Product Or Service Sold - Products Or Services Sold By The Entity Accounting For Ninety Percent Of The Turnover Domain3,0.7409,Percentage Of Total Turnover For Product Or Service Sold - Products Or Services Sold By The Entity Accounting For Ninety Percent Of The Turnover Domain22,0.7351
What is the clinker factor ratio?,Ratio Of Remuneration Of Director Or Managerial Personnel To Median Of Remuneration Of Employees For Financial Year,0.3444,Low Confidence (MHA),Description Of How Entity Establishes Hedge Ratio And What Sources Of Hedge Ineffectiveness Are,0.3198,Explanation Of Adjustments Of Numerator To Calculate Basic Earnings Per Share,0.3027
What is fly ash % utilisation in current year?,Hazardous Air Pollutants - Previous Year,0.4811,Low Confidence (MHA),Amount Of Re Used - Hazardous Waste Member - Previous Year,0.4541,Total Scope2 Emissions - Previous Year,0.4367
Is the company investing in new generation aircraft fleet? Has the number increased as compared to previous year?,Amount Of Total Investments - Previous Year,0.4718,Low Confidence (MHA),Number Of Shares Of Current Investment Made In Body Corporate,0.4688,Amount Of Investments In Related Parties - Previous Year,0.4554
"What percentage of the total virgin raw material does the company produced and/or purchased covered by FSC, PEFC and/or SFI certification?",Raw Materials Consumed,0.4778,Low Confidence (MHA),Whether Details Of Percentage Of Recycled Or Reused Input Material To Total Material By Value Used In Production Or Providing Services Is Assured By Assurer,0.4505,Whether Percentage Of Input Material Inputs To Total Inputs By Value Sourced From Suppliers Is Assured By Assurer,0.4404
Total Lost time incident rate (LTIR)_Workers?,Lost Time Injury Frequency Rate Per One Million Person Hours Worked - Workers Member - Previous Year,0.656,Medium Confidence (MHA),Lost Time Injury Frequency Rate Per One Million Person Hours Worked - Workers Member,0.6469,Lost Time Injury Frequency Rate Per One Million Person Hours Worked - Employees Member - Previous Year,0.6318
Total Lost time incident rate (LTIR)_Employees?,Lost Time Injury Frequency Rate Per One Million Person Hours Worked - Employees Member - Previous Year,0.6574,Medium Confidence (MHA),Lost Time Injury Frequency Rate Per One Million Person Hours Worked - Employees Member,0.648,Lost Time Injury Frequency Rate Per One Million Person Hours Worked - Workers Member - Previous Year,0.647
Total recordable work related injuries for employees as a % of the total employees in the company,Total Recordable Work Related Injuries - Employees Member,0.8968,High Confidence (MHA),Total Recordable Work Related Injuries - Workers Member,0.8638,Total Recordable Work Related Injuries - Employees Member - Previous Year,0.8631
Total recordable work related injuries for workers as a % of the total workers in the company,Total Recordable Work Related Injuries - Workers Member,0.8884,High Confidence (MHA),Total Recordable Work Related Injuries - Employees Member,0.876,Total Recordable Work Related Injuries - Workers Member - Previous Year,0.8593
Fatalities of employees,Number Of Fatalities - Employees Member,0.8699,High Confidence (MHA),Number Of Fatalities - Employees Member - Previous Year,0.8354,Number Of Fatalities - Workers Member,0.8336
Fatalities of workers,Number Of Fatalities - Workers Member,0.8646,High Confidence (MHA),Number Of Fatalities - Workers Member - Previous Year,0.8292,Number Of Fatalities - Employees Member,0.7922
Count of high consquence work related injury or ill health of employees (excluding fatalities),High Consequence Work Related Injury Or Ill Health Excluding Fatalities - Employees Member - Previous Year,0.84,High Confidence (MHA),High Consequence Work Related Injury Or Ill Health Excluding Fatalities - Employees Member,0.8381,High Consequence Work Related Injury Or Ill Health Excluding Fatalities - Workers Member - Previous Year,0.8339
Count of high consquence work related injury or ill health of (excluding fatalities),High Consequence Work Related Injury Or Ill Health Excluding Fatalities - Workers Member,0.8164,High Confidence (MHA),High Consequence Work Related Injury Or Ill Health Excluding Fatalities - Workers Member - Previous Year,0.8136,High Consequence Work Related Injury Or Ill Health Excluding Fatalities - Employees Member,0.7975
Percentage of plants and offices that were assessed (by entity or statutory authorities or third parties) with respect to health and safety practices?,Percentage Of Health And Safety Practices Of Your Plants And Offices That Were Assessed P3,0.8059,High Confidence (MHA),Percentage Of Working Conditions Of Your Plants And Offices That Were Assessed P3,0.6953,Percentage Of Other Assessments Of Plant And Office - Other Assessments Domain14,0.6701
Provide percentage of total employees covered under health and safety measures training,Percentage Of Trained Employees Or Workers - Male Member - On Health And Safety Measures Member - Employees Member,0.7924,High Confidence (MHA),Percentage Of Trained Employees Or Workers - Male Member - On Health And Safety Measures Member - Employees Member - Previous Year,0.7921,Percentage Of Trained Employees Or Workers - Female Member - On Health And Safety Measures Member - Employees Member,0.7866
Percentage of total permanent employees covered by health insurance,Number Of Employees Covered As Percentage Of Total Worker - Other Retirement Benefits Domain4,0.6742,Medium Confidence (MHA),Number Of Employees Covered As Percentage Of Total Worker - Other Retirement Benefits Domain4 - Previous Year,0.6695,Number Of Employees Covered As Percentage Of Total Employees - Other Retirement Benefits Domain4,0.6673
Percentage of total other than permanent employees covered by health insurance,Number Of Employees Covered As Percentage Of Total Worker - Other Retirement Benefits Domain4,0.6909,Medium Confidence (MHA),Number Of Employees Covered As Percentage Of Total Worker - Other Retirement Benefits Domain2,0.6897,Number Of Employees Covered As Percentage Of Total Employees - Other Retirement Benefits Domain4,0.6865
Percentage of total permanent workers covered by health insurance,Number Of Employees Covered As Percentage Of Total Worker - Other Retirement Benefits Domain4,0.6604,Medium Confidence (MHA),Number Of Employees Covered As Percentage Of Total Worker - Other Retirement Benefits Domain2,0.6579,Number Of Employees Covered As Percentage Of Total Worker - Other Retirement Benefits Domain1,0.6485
Percentage of total other than permanent workers covered by health insurance,Number Of Employees Covered As Percentage Of Total Worker - Other Retirement Benefits Domain2,0.6726,Medium Confidence (MHA),Number Of Employees Covered As Percentage Of Total Worker - Other Retirement Benefits Domain4,0.6708,Number Of Employees Covered As Percentage Of Total Worker - Other Retirement Benefits Domain1,0.6621
Percentage of total permanent employees covered by accident insurance,Percentage Of Well Being Of Employees Or Workers - Female Member - Accident Insurance Member - Other Than Permanent Employees Member,0.695,Medium Confidence (MHA),Percentage Of Well Being Of Employees Or Workers - Male Member - Accident Insurance Member - Other Than Permanent Employees Member,0.6918,Percentage Of Well Being Of Employees Or Workers - Female Member - Accident Insurance Member - Other Than Permanent Workers Member,0.6851
What is the percentage of female employees in the workforce,Number Of Female Employees Or Workers,0.8377,High Confidence (MHA),Number Of Female Employees Or Workers - Previous Year,0.7748,Percentage Of Employees Or Workers Including Differently Abled - Female Member - Workers Member,0.7746
What is the turnover rate for permanent female employees in the Current Year,Turnover Rate - Female Member - Permanent Employees Member - Previous Year,0.8971,High Confidence (MHA),Turnover Rate - Female Member - Permanent Employees Member - Prior Previous Year,0.8881,Turnover Rate - Female Member - Permanent Employees Member,0.8748
What is the turnover rate for permanent female worker in the Current Year,Turnover Rate - Female Member - Permanent Workers Member - Previous Year,0.8716,High Confidence (MHA),Turnover Rate - Female Member - Permanent Employees Member - Previous Year,0.8626,Turnover Rate - Female Member - Permanent Workers Member - Prior Previous Year,0.862
Pay parity between male and female employees,Gross Wages Paid To Female,0.6439,Medium Confidence (MHA),Median Of Remuneration Or Salary Or Wages Of Workers - Other Gender Member,0.6402,Number Of Workers For Remuneration Or Salary Or Wages - Other Gender Member,0.6396
Number of complaints on PSH as a % of female employees/workers for current year,Percentage Of Complaints In Respect Of Number Of Employees Or Worker - Previous Year,0.702,High Confidence (MHA),Number Of Female Employees Or Workers - Previous Year,0.669,Percentage Of Complaints In Respect Of Number Of Employees Or Worker,0.6568
What is the gross wages paid to females as percentage of wages paid,Percentage Of Gross Wages Paid To Female To Total Wages Paid,0.9584,High Confidence (MHA),Gross Wages Paid To Female,0.9035,Percentage Of Gross Wages Paid To Female To Total Wages Paid - Previous Year,0.8984
How many complaints were filed on discrimination at workplace in current year?,Number Of Complaints Filed During The Year - Discrimination At Work Place Member - Previous Year,0.878,High Confidence (MHA),Number Of Complaints Filed During The Year - Discrimination At Work Place Member,0.8716,Number Of Complaints Pending Resolution At The End Of Year - Discrimination At Work Place Member - Previous Year,0.8105
How many complaints were filed by employees and workers or employees as a % of number of employees in the current year,Percentage Of Complaints In Respect Of Number Of Employees Or Worker - Previous Year,0.8708,High Confidence (MHA),Percentage Of Complaints In Respect Of Number Of Employees Or Worker,0.8167,Number Of Complaints Filed During The Year - Working Conditions Complaints Member - Previous Year,0.7658
What is the number of pending/unresolved employees and workers grievances as % of total complaints filed in the current year,Percentage Of Complaints In Respect Of Number Of Employees Or Worker - Previous Year,0.8018,High Confidence (MHA),Percentage Of Complaints In Respect Of Number Of Employees Or Worker,0.7907,Number Of Complaints Pending Resolution At The End Of Year - Working Conditions Complaints Member - Previous Year,0.7543
How many complaints were filed on wages in the current year,Number Of Complaints Filed During The Year - Wages Member,0.8627,High Confidence (MHA),Number Of Complaints Filed During The Year - Wages Member - Previous Year,0.8583,Number Of Complaints Pending Resolution At The End Of Year - Wages Member - Previous Year,0.7861
Pending resolution of complaints as a % of total complaints filed by employees and workers pertaining to working conditions,Number Of Complaints Pending Resolution At The End Of Year - Working Conditions Complaints Member,0.8538,High Confidence (MHA),Number Of Complaints Pending Resolution At The End Of Year - Working Conditions Complaints Member - Previous Year,0.8143,Number Of Complaints Pending Resolution At The End Of Year - Wages Member,0.7939
What is the turnover rate for permanent workers for the Current Year,Turnover Rate - Male Member - Permanent Workers Member - Previous Year,0.7949,High Confidence (MHA),Turnover Rate - Male Member - Permanent Workers Member - Prior Previous Year,0.7802,Turnover Rate - Male Member - Permanent Employees Member - Previous Year,0.7665
What is the turnover rate for permanent employees for the Current Year,Turnover Rate - Male Member - Permanent Employees Member - Previous Year,0.8011,High Confidence (MHA),Remarks For Assurance Of Turnover Rate For Permanent Employees And Workers Disclose Trends For Past Three Years,0.792,Turnover Rate - Male Member - Permanent Employees Member - Prior Previous Year,0.79
What is the percentage of cost incurred as a % of total revenue of the company with regards to spending on measures towards wellbeing of employees and workers?,Percentage Of Cost Incurred On Well Being Measures With Respect To Total Revenue Of The Company,0.859,High Confidence (MHA),Percentage Of Cost Incurred On Well Being Measures With Respect To Total Revenue Of The Company - Previous Year,0.8102,Amount Of Cost Incurred On Well Being Measures,0.6509
Percentage of workers or employees in association(s) or unions recognised by the listed entity,Percentage Of Employees Or Workers Are Part Of Associations Or Union Of Total Number Of Employee - Male Member - Permanent Workers Member,0.8049,High Confidence (MHA),Percentage Of Employees Or Workers Are Part Of Associations Or Union Of Total Number Of Employee - Male Member - Permanent Workers Member - Previous Year,0.802,Percentage Of Employees Or Workers Are Part Of Associations Or Union Of Total Number Of Employee - Male Member - Permanent Employees Member,0.7984
What is the number of complaints filed by the customers as a % of revenue in Current Year?,Percentage Of Complaints In Respect Of Number Of Employees Or Worker - Previous Year,0.7096,High Confidence (MHA),Percentage Of Complaints In Respect Of Number Of Employees Or Worker,0.6689,Number Of Complaints Filed From Stake Holder Group During The Year - Complaint Received From Customers Member - Previous Year,0.6496
Total instances of product recalls,Remarks For Assurance Of Details Of Instances Of Product Recalls On Account Of Safety Issues,0.838,High Confidence (MHA),Assurance Sub Type For Details Of Instances Of Product Recalls On Account Of Safety Issues,0.7875,Whether Details Of Instances Of Product Recalls On Account Of Safety Issues Is Assured By Assurer,0.7613
% of value chain partners (by value of business done with such partners) that were assessed for Health and Safety practices?,Percentage Of Health And Safety Practices Of Value Chain Partners P3,0.8047,High Confidence (MHA),Percentage Of Value Chain Partners By Value Of Business Done With Such Partners That Were Assessed For Environmental Impacts,0.7942,Remarks For Assurance Of Percentage Of Value Chain Partners By Value Of Business Done With Such Partners That Were Assessed For Environmental Impacts,0.7625
What is the purchases from trading houses % of total purchases,Percentage Of Purchases From Trading Houses In Total Purchases For Concentration Of Purchases,0.9097,High Confidence (MHA),Percentage Of Purchases From Trading Houses In Total Purchases For Concentration Of Purchases - Previous Year,0.8703,Percentage Of Purchases From Top Ten Trading Houses In Total Purchases From Trading Houses,0.8667
What is purchases from top 10 trading houses as % of total purchases from trading houses,Percentage Of Purchases From Top Ten Trading Houses In Total Purchases From Trading Houses,0.9672,High Confidence (MHA),Percentage Of Purchases From Top Ten Trading Houses In Total Purchases From Trading Houses - Previous Year,0.9387,Amount Of Purchases From Top Ten Trading Houses,0.8954
Number of complaints filed by community stakeholders,Number Of Complaints Filed From Stake Holder Group During The Year - Complaint Received From Communities Member,0.8099,High Confidence (MHA),Number Of Complaints Filed From Stake Holder Group During The Year - Complaint Received From Communities Member - Previous Year,0.8075,Number Of Complaints Pending From Stake Holder Group Resolution At The End Of Year - Complaint Received From Communities Member - Previous Year,0.77
Count of pending/unresolved communities grievances,Number Of Complaints Pending From Stake Holder Group Resolution At The End Of Year - Complaint Received From Communities Member - Previous Year,0.6067,Medium Confidence (MHA),Number Of Complaints Pending From Stake Holder Group Resolution At The End Of Year - Complaint Received From Communities Member,0.6059,Remarks For Assurance Of Describe The Mechanisms To Receive And Redress Grievances Of The Community,0.5502
Percentage of CSR obligation spent (CSR spent/CSR obligation),CSR Expenditure,0.7499,High Confidence (MHA),Amount CSR Spent For Financial Year,0.7387,Amount CSR To Be Spent For Financial Year,0.7102
What is the input material directly sourced from MSMEs/small producers (in % terms - As % of total purchases by value),Percentage Of Directly Sourced From MSMEs Or Small Producers,0.7472,High Confidence (MHA),Percentage Of Directly Sourced From MSMEs Or Small Producers - Previous Year,0.7233,Remarks For Assurance Of Percentage Of Input Material Inputs To Total Inputs By Value Sourced From Suppliers,0.6366
Percentage of capital expenditure investments in specific technologies to improve the environmental and social impacts of products and processes to total capex,Details Of Improvements In Environmental And Social Impacts Due To Capex,0.7698,High Confidence (MHA),Percentage Of Capex,0.6376,Percentage Of Capex - Previous Year,0.63
What is the input material sourced directly from within India as % of total purchases,Remarks For Assurance Of Percentage Of Input Material Inputs To Total Inputs By Value Sourced From Suppliers,0.6296,Medium Confidence (MHA),Whether Percentage Of Input Material Inputs To Total Inputs By Value Sourced From Suppliers Is Assured By Assurer,0.5661,Assurance Sub Type For Percentage Of Input Material Inputs To Total Inputs By Value Sourced From Suppliers,0.5353
What is the % of job creation in smaller towns - wages paid to persons employed in smaller towns (permanent or non-permanent / on contract) as % of total wage cost,Remarks For Assurance Of Job Creation In Smaller Towns Disclose Wages Paid To Persons Employed Including Employees Or Workers Employed On APermanent Or Non Permanent Or On Contract Basis,0.6685,Medium Confidence (MHA),Percentage Of Job Creation - Urban Member,0.6391,Percentage Of Job Creation - Semi Urban Member,0.6336
What are the number of days of account payable?,Number Of Days Of Accounts Payable,0.9442,High Confidence (MHA),Remarks For Assurance Of Number Of Days Of Accounts Payables,0.8431,Number Of Days Of Accounts Payable - Previous Year,0.8114
What is the sales to dealers/distributors as % of total sales,Percentage Of Sales To Dealers Or Distributors In Total Sales,0.9601,High Confidence (MHA),Amount Of Total Sales To Dealers Or Distributors,0.8957,Percentage Of Sales To Dealers Or Distributors In Total Sales - Previous Year,0.8865
What is the sales to top 10 dealers/distributors as % of total sales to dealers/distributors,Percentage Of Sales To Top Ten Dealers Or Distributors In Total Sales To Dealers Or Distributors,0.9701,High Confidence (MHA),Percentage Of Sales To Top Ten Dealers Or Distributors In Total Sales To Dealers Or Distributors - Previous Year,0.9536,Amount Of Sales To Top Ten Dealers Or Distributors,0.924
% of data breaches involving PII data of customers,Percentage Of Data Breaches Involving Personally Identifiable Information Of Customers,0.7761,High Confidence (MHA),Remarks For Assurance Of Data Breaches Information Like Number Of Instances Of Data Breaches Along With Impact And Percentage Of Data Breaches Involving Personally Identifiable Information Of Customers,0.6954,Number Of Instances Of Data Breaches Along With Impact,0.6459
Share of buildings that are certified according to international building standards/GRESB/IGBC,Whether Name Of The National And International Codes Or Certifications Or Labels Or Standards Adopted By Your Entity And Mapped To Each Principle Is Assured By Assurer,0.4694,Low Confidence (MHA),Property Plant And Equipment Expenditures Recognised For Constructions,0.4492,Number Of Certified Emission Rights Under Certification,0.4491
Percentage of independent directors on the board,Percentage Of Female Board Of Directors,0.7863,High Confidence (MHA),Total Number Of Board Of Directors,0.765,Number Of Female Board Of Directors,0.6847
Number of independent women directors on the board,Number Of Female Board Of Directors,0.9083,High Confidence (MHA),Percentage Of Female Board Of Directors,0.8542,Number Of Board Of Directors For Remuneration Or Salary Or Wages - Female Member,0.7424
Number of women directors on the board,Number Of Female Board Of Directors,0.9629,High Confidence (MHA),Percentage Of Female Board Of Directors,0.8917,Total Number Of Board Of Directors,0.7969
Average attendance for board meeting in the current FY,Number Of Meetings Of Board,0.7165,High Confidence (MHA),Date Of Board Meeting When Final Accounts Were Approved,0.4664,Frequency Of Review By Board - Public Policy34,0.447
Number of directorships of all board members,Total Number Of Board Of Directors,0.8995,High Confidence (MHA),Number Of Female Board Of Directors,0.7876,Percentage Of Female Board Of Directors,0.6979
Number of directors against whom disciplinary action was taken by any law enforcement agency for the charges of bribery/corruption,Remarks For Assurance Of Number Of Directors Or KMPs Or Employees Or Workers Against Whom Disciplinary Action Was Taken By Any Law Enforcement Agency For The Charges Of Bribery Or Corruption,0.806,High Confidence (MHA),Number Of Directors Against Whom Disciplinary Action Was Taken,0.7761,Number Of Directors Against Whom Disciplinary Action Was Taken - Previous Year,0.7747
Number of complaints received in relation to issues of conflict of interest of the directors/KMPs,Number Of Complaints Received In Relation To Issues Of Conflict Of Interest Of The KMPs,0.9066,High Confidence (MHA),Number Of Complaints Received In Relation To Issues Of Conflict Of Interest Of The KMPs - Previous Year,0.9002,Number Of Complaints Received In Relation To Issues Of Conflict Of Interest Of The Directors,0.8907
Percentage of independent directors in nomination and remuneration committee,Percentage Of Female Board Of Directors,0.6658,Medium Confidence (MHA),Remuneration To Directors,0.6545,Median Of Remuneration Or Salary Or Wages Of Board Of Directors - Male Member,0.628
Percentage of independent directors in audit committee,Percentage Of Female Board Of Directors,0.6257,Medium Confidence (MHA),Membership Number Of Auditor,0.5644,Total Number Of Board Of Directors,0.5632
Number of independent directors in risk management committee,Total Number Of Board Of Directors,0.6484,Medium Confidence (MHA),Number Of Female Board Of Directors,0.6309,Total Number Of Training And Awareness Programs Held - Board Of Directors Segment Member,0.581
Number of independent directors in CSR committee,Disclosure Of Composition Of CSR Committee Explanatory,0.7018,High Confidence (MHA),Total Number Of Board Of Directors,0.6803,Number Of Female Board Of Directors,0.6353
Percentage of subject matter experts appointed in the Audit Committee,Auditors Qualifications Reservations Or Adverse Remarks In Auditors Report,0.4571,Low Confidence (MHA),Disclosure Of Composition Of Audit Committee And Non Acceptance Of Any Recommendation Of Audit Committee Along With Reasons Explanatory,0.4522,Auditors Qualifications Reservations Adverse Remarks In Auditors Report,0.4485
Ratio of remuneration of MD/CEO to median remuneration of employees,Ratio Of Remuneration Of Director Or Managerial Personnel To Median Of Remuneration Of Employees For Financial Year,0.807,High Confidence (MHA),Median Of Remuneration Or Salary Or Wages Of Key Managerial Personnel - Male Member,0.7174,Median Of Remuneration Or Salary Or Wages Of Key Managerial Personnel - Other Gender Member,0.699
Percentage of non audit fees as compared to total audit fees,Payment For Cost Audit Charges,0.6449,Medium Confidence (MHA),Payments To Cost Auditor,0.5753,Payment To Cost Auditor For Reimbursement Of Expenses,0.5481
Number of whistle blower complaints filed in the current year,Number Of Complaints Filed During The Year - Working Conditions Complaints Member - Previous Year,0.5882,Medium Confidence (MHA),Percentage Of Complaints In Respect Of Number Of Employees Or Worker - Previous Year,0.5823,Number Of Complaints Filed During The Year - Working Conditions Complaints Member,0.5795
Number of pending consumer compliant on unfair trade practices,Remark For Consumer Complaints - Unfair Trade Practices Member - Previous Year,0.6992,Medium Confidence (MHA),Consumer Complaints Pending Resolution At End Of Year - Unfair Trade Practices Member,0.6975,Consumer Complaints Received During The Year - Unfair Trade Practices Member,0.6958
Number of employees against whom disciplinary action was taken by any law enforcement agency for the charges of bribery/corruption,Remarks For Assurance Of Number Of Directors Or KMPs Or Employees Or Workers Against Whom Disciplinary Action Was Taken By Any Law Enforcement Agency For The Charges Of Bribery Or Corruption,0.7814,High Confidence (MHA),Whether Number Of Directors Or KMPs Or Employees Or Workers Against Whom Disciplinary Action Was Taken By Any Law Enforcement Agency For The Charges Of Bribery Or Corruption Is Assured By Assurer,0.7312,Number Of Employees Against Whom Disciplinary Action Was Taken,0.7179
Number of workers against whom disciplinary action was taken by any law enforcement agency for the charges of bribery/corruption,Remarks For Assurance Of Number Of Directors Or KMPs Or Employees Or Workers Against Whom Disciplinary Action Was Taken By Any Law Enforcement Agency For The Charges Of Bribery Or Corruption,0.7612,High Confidence (MHA),Whether Number Of Directors Or KMPs Or Employees Or Workers Against Whom Disciplinary Action Was Taken By Any Law Enforcement Agency For The Charges Of Bribery Or Corruption Is Assured By Assurer,0.7098,Number Of Workers Against Whom Disciplinary Action Was Taken - Previous Year,0.6936
What is the share of RPTs (as respective %age) in purchases,Percentage Of Purchases From Related Parties In Total Purchases For Share Of Related Party Transactions - Previous Year,0.5229,Medium Confidence (MHA),Percentage Of Purchases From Related Parties In Total Purchases For Share Of Related Party Transactions,0.5129,Percentage Of Purchases From Trading Houses In Total Purchases For Concentration Of Purchases - Previous Year,0.4912
What is the share of RPTs (as respective %age) in sales,Percentage Of Sales To Related Parties In Total Sales For Share Of Related Party Transactions - Previous Year,0.5073,Medium Confidence (MHA),Percentage Of Sales To Dealers Or Distributors In Total Sales - Previous Year,0.496,Percentage Of Sales To Related Parties In Total Sales For Share Of Related Party Transactions,0.4959
What is the share of RPTs (as respective %age) in loans and advances,Percentage Of Loans And Advances Given To Related Parties In Total Loans And Advances,0.6949,Medium Confidence (MHA),Percentage Of Loans And Advances Given To Related Parties In Total Loans And Advances - Previous Year,0.6925,Loans And Advances,0.6401
What is the share of RPTs (as respective %age) in investments,Percentage Of Investments In Related Parties In Total Investments,0.5519,Medium Confidence (MHA),Percentage Of Shares Held By Financial Institutions,0.549,Percentage Of Shares Held By Indian,0.5432
Are there any initiatives towards reduction in GHG emissions,Does The Entity Have Any Project Related To Reducing Green House Gas Emission,0.6273,Medium Confidence (MHA),Remarks For Assurance Of Whether The Entity Have Any Project Related To Reducing Green House Gas Emission,0.6147,Remarks For Assurance Of Details Of Air Emissions Other Than Ghg Emissions By The Entity,0.5647
What are the VOC/POP/HAP emissions for the current year (Unit: Metric Tonne),Other Emissions - Other Air Emissions Domain9 - Previous Year,0.5818,Medium Confidence (MHA),Other Emissions - Other Air Emissions Domain11 - Previous Year,0.569,Name Of Other Emissions - Other Air Emissions Domain11 - Previous Year,0.5656
"What are the initiatives taken to reduce the NOx, SOx, PM, VOC, HAP and POP air emissions",Other Emissions - Other Air Emissions Domain9,0.5869,Medium Confidence (MHA),Other Emissions - Other Air Emissions Domain9 - Previous Year,0.5821,Name Of Other Emissions - Other Air Emissions Domain9 - Previous Year,0.5748
Does the company have facilities/operations in water stress regions,Nature Of Operations - Facility Or Plant Located In Areas Of Water Stress Domain1,0.7747,High Confidence (MHA),Nature Of Operations - Facility Or Plant Located In Areas Of Water Stress Domain7,0.7746,Nature Of Operations - Facility Or Plant Located In Areas Of Water Stress Domain9,0.774
Has the entity implemented mechanism for Zero Liquid Discharge,Has The Entity Implemented AMechanism For Zero Liquid Discharge,0.8695,High Confidence (MHA),Remarks For Assurance Of The Entity Implemented AMechanism For Zero Liquid Discharge,0.8552,Whether The Entity Implemented AMechanism For Zero Liquid Discharge Is Assured By Assurer,0.7881
Does the company monitor Chemical Oxygen Demand during water discharge,Remarks For Assurance Of Details Of The Disclosures Related To Water Discharged,0.5029,Medium Confidence (MHA),Water Discharge By Sent To Third Parties Per Area - Facility Or Plant Located In Areas Of Water Stress Domain9 - Previous Year,0.4867,Water Discharge By Sent To Third Parties Per Area - Facility Or Plant Located In Areas Of Water Stress Domain1 - Previous Year,0.4853
Third party verification of water data,Whether Details Of The Disclosures Related To Water Withdrawal Is Assured By Assurer,0.5429,Medium Confidence (MHA),Assurance Sub Type For Details Of The Disclosures Related To Water Withdrawal,0.5252,Water Withdrawal By Third Party Water,0.5231
What are the goals/targets/commitments towards Energy consumption,Steps Taken By The Company For Utilising Alternate Sources Of Energy Explanatory,0.5676,Medium Confidence (MHA),Remarks For Assurance Of Details Of Total Energy Consumption In Joules Or Multiples And Energy Intensity,0.5615,Any Independent Assessment Or Evaluation Or Assurance Has Been Carried Out By An External Agency For Energy Consumption,0.5484
"Does the entity have any sites/facilities identified as designated consumers under the Performance, Achieve and Tade Scheme of the Government of India? (Y/N) If yes, disclose whether targets set under the PAT scheme have been achieved in case targets have not been achieved, provide the remedial action taken, if any",Does The Entity Have Any Sites Or Facilities Identified As Designated Consumers Under The Performance Achieve And Trade Scheme Of The Government Of India,0.8116,High Confidence (MHA),Remarks For Assurance Of Whether The Entity Have Any Sites Or Facilities Identified As Designated Consumers Under The Performance Achieve And Trade Scheme Of The Government Of India,0.7847,Assurance Sub Type For Whether The Entity Have Any Sites Or Facilities Identified As Designated Consumers Under The Performance Achieve And Trade Scheme Of The Government Of India,0.6881
Is there a disclosure regarding the energy management system? ISO 50001 Certification,Any Independent Assessment Or Evaluation Or Assurance Has Been Carried Out By An External Agency For Energy Consumption,0.5541,Medium Confidence (MHA),Number Of Certified Emission Rights Under Certification,0.5433,Number Of Certified Emission Rights Held As Inventory,0.5406
Waste management practices and strategies to reduce usage of hazardous and toxic chemicals from the products and processes,Remarks For Assurance Of Details Of Waste Management Practices Adopted In Your Establishments And The Strategy Adopted By Company To Reduce Usage Of Hazardous And Toxic Chemicals,0.8445,High Confidence (MHA),Whether Details Of Waste Management Practices Adopted In Your Establishments And The Strategy Adopted By Company To Reduce Usage Of Hazardous And Toxic Chemicals Is Assured By Assurer,0.7492,Details Of Waste Management Practices Adopted In Your Establishments And The Strategy Adopted By Company To Reduce Usage Of Hazardous And Toxic Chemicals Explanatory Text Block,0.7458
"What are the processes to safely reclaim the products for reusing, recycling and disposing at the end of life for, (a) Plastics (including packaging) (b)e-waste (c) hazardous waste and (d) other waste?",Remarks For Assurance Of Describe The Processes In Place To Safely Reclaim Your Products For Reusing Recycling And Disposing At The End Of Life For Plastics Including Packaging EWaste Hazardous Waste And Other Waste,0.9043,High Confidence (MHA),Whether Describe The Processes In Place To Safely Reclaim Your Products For Reusing Recycling And Disposing At The End Of Life For Plastics Including Packaging EWaste Hazardous Waste And Other Waste Is Assured By Assurer,0.874,Describe The Processes In Place To Safely Reclaim Your Products For Reusing Recycling And Disposing At The End Of Life For Plastics Including Packaging Explanatory Text Block,0.8676
"Whether Extended Producer Responsibility (EPR) is applicable to entity’s activities (Y/N). If yes, whether the waste collection plan is in line with the Extended Producer Responsibility plan submitteed to Pollution Control Boards",Whether The Waste Collection Plan Is In Line With The Extended Producer Responsibility Plan Submitted To Pollution Control Boards,0.7857,High Confidence (MHA),Remarks For Assurance Of Whether The Waste Collection Plan Is In Line With The Extended Producer Responsibility Plan Submitted To Pollution Control Boards And Steps Taken To Address The Waste Collection Plan If Not Submitted,0.7585,Assurer Has Assured Whether The Waste Collection Plan Is In Line With The Extended Producer Responsibility Plan Submitted To Pollution Control Boards And Steps Taken To Address The Waste Collection Plan If Not Submitted,0.709
Third party verification of waste data,Remarks For Assurance Of Details Related To Waste Management By The Entity,0.6316,Medium Confidence (MHA),Whether Details Related To Waste Management By The Entity Is Assured By Assurer,0.6033,Name Of Other Waste - Other Waste Domain3 - Previous Year,0.5704
Is there presence of offices/manufacturing facilities in ecologically sensitive areas,Remarks For Assurance Of Details Of Operations Or Offices In Or Around Ecologically Sensitive Areas Where Environmental Approvals Or Clearances Are Required,0.7254,High Confidence (MHA),Whether Details Of Operations Or Offices In Or Around Ecologically Sensitive Areas Where Environmental Approvals Or Clearances Are Required Is Assured By Assurer,0.6688,Location Of Operations Or Offices - Operations Or Offices Where Environmental Approvals Or Clearances Required2,0.666
Provide details of significant direct and indirect impact of the entity on biodiversity in ecological sensitive areas along with prevention and remediation activities,Remarks For Assurance Of Details Of Significant Direct And Indirect Impact Of The Entity On Biodiversity In Such Areas Along With Prevention And Remediation Activities,0.9326,High Confidence (MHA),Whether Details Of Significant Direct And Indirect Impact Of The Entity On Biodiversity In Such Areas Along With Prevention And Remediation Activities Is Assured By Assurer,0.8796,Details Of Significant Direct And Indirect Impact Of The Entity On Biodiversity In Such Areas Along With Prevention And Remediation Activities Explanatory Text Block,0.8795
Does the company have an Environment or a Biodiversity policy,Remarks For Assurance Of Details Of Significant Direct And Indirect Impact Of The Entity On Biodiversity In Such Areas Along With Prevention And Remediation Activities,0.633,Medium Confidence (MHA),Whether Details Of Significant Direct And Indirect Impact Of The Entity On Biodiversity In Such Areas Along With Prevention And Remediation Activities Is Assured By Assurer,0.6254,Assurance Sub Type For Details Of Significant Direct And Indirect Impact Of The Entity On Biodiversity In Such Areas Along With Prevention And Remediation Activities,0.6008
Does the company’s policy on Biodiversity extend to its value chain partners (Y/N),Remarks For Assurance Of Percentage Of Value Chain Partners By Value Of Business Done With Such Partners That Were Assessed For Environmental Impacts,0.5727,Medium Confidence (MHA),Percentage Of Value Chain Partners By Value Of Business Done With Such Partners That Were Assessed For Environmental Impacts,0.5625,Whether Percentage Of Value Chain Partners By Value Of Business Done With Such Partners That Were Assessed For Environmental Impacts Is Assured By Assurer,0.5586
Does the company take initiatives with regards to its Biodiversity conservation/land rehabilitation and biodiversity restoration,Remarks For Assurance Of Details Of Significant Direct And Indirect Impact Of The Entity On Biodiversity In Such Areas Along With Prevention And Remediation Activities,0.6249,Medium Confidence (MHA),Whether Details Of Significant Direct And Indirect Impact Of The Entity On Biodiversity In Such Areas Along With Prevention And Remediation Activities Is Assured By Assurer,0.6053,Details Of Significant Direct And Indirect Impact Of The Entity On Biodiversity In Such Areas Along With Prevention And Remediation Activities Explanatory Text Block,0.5949
Are there any goals/targets/commitments set towards carbon neutrality/ Net Zero,Remarks For Assurance Of Whether The Entity Have Any Project Related To Reducing Green House Gas Emission,0.3924,Low Confidence (MHA),Does The Entity Have Any Project Related To Reducing Green House Gas Emission,0.3922,Total Scope2 Emissions,0.3751
Does the organisation report on CDP Disclosure as per Climate Change Module,Whether Company Has Published Sustainability Report For The Financial Year,0.5697,Medium Confidence (MHA),Disclosure Web Link Of Company At Which Annual Report Is Placed,0.5599,Disclosure Of Contents Of Corporate Social Responsibility Policy Explanatory,0.5346
"Does the company perform climate related scenario analysis (based on TCFD framework); Based on the climate risk assessment, has the company set up a plan to adapt to the identified physical climate risks",Web Link Of Results Of Life Cycle Assessments P6 - Environmental Impact Assessments Of Project18,0.4992,Low Confidence (MHA),Web Link Of Results Of Life Cycle Assessments P6 - Environmental Impact Assessments Of Project17,0.4981,Web Link Of Results Of Life Cycle Assessments P6 - Environmental Impact Assessments Of Project9,0.4977
Presence of ISO 14001:2015 certifications,Whether Name Of The National And International Codes Or Certifications Or Labels Or Standards Adopted By Your Entity And Mapped To Each Principle Is Assured By Assurer,0.4745,Low Confidence (MHA),Number Of Certified Emission Rights Under Certification,0.4709,Certificate Of Practice Number Of Secretarial Auditor,0.4691
Does the entity implement carbon pricing mechanism/model?,Does The Entity Have Procedures In Place For Sustainable Sourcing,0.5213,Medium Confidence (MHA),Is The Entity Compliant With The Applicable Environmental Law,0.5194,Does The Entity Have Any Project Related To Reducing Green House Gas Emission,0.4832
Does the company have a policy on environmental management and is it available publicly,Is The Entity Compliant With The Applicable Environmental Law,0.5791,Medium Confidence (MHA),Remarks For Assurance Of Details Of Operations Or Offices In Or Around Ecologically Sensitive Areas Where Environmental Approvals Or Clearances Are Required,0.5585,Whether Details Of Operations Or Offices In Or Around Ecologically Sensitive Areas Where Environmental Approvals Or Clearances Are Required Is Assured By Assurer,0.554
"Is the entity compliant with the appliacble environmental law/regulations/guidelines for India; such as the Water (Prevention and Control of Pollution) Act, AIr (Prevention and Control of Pollution) Act, Environmental protection act and rules thereunder (Y/N). If not, provide details of all such non compliances",Is The Entity Compliant With The Applicable Environmental Law,0.7181,High Confidence (MHA),Remarks For Assurance Of Whether The Entity Compliant With The Applicable Environmental Law,0.6844,Assurance Sub Type For Whether The Entity Compliant With The Applicable Environmental Law,0.5971
Does the company have a strategy for climate change adaptation and mitigation,Does The Entity Have Any Project Related To Reducing Green House Gas Emission,0.5394,Medium Confidence (MHA),Does The Entity Have Procedures In Place For Sustainable Sourcing,0.5211,Remarks For Assurance Of Disclose Any Significant Adverse Impact To The Environment Arising From The Value Chain Of The Entity What Mitigation Or Adaptation Measures Have Been Taken By The Entity In This Regard,0.4904
Discussion of the integration of environmental considerations into strategic planning for data centre needs,Name And Brief Details Of Project - Environmental Impact Assessments Of Project6,0.4658,Low Confidence (MHA),Name And Brief Details Of Project - Environmental Impact Assessments Of Project5,0.4529,Remarks For Assurance Of Details Of Operations Or Offices In Or Around Ecologically Sensitive Areas Where Environmental Approvals Or Clearances Are Required,0.4503
"Are there any social or environmental concerns and/or risks arising from production or disposal of products, as identified in the Life Cycle Perspective/Assessments",Remarks For Assurance Of Details Of Significant Social Or Environmental Concerns From Production Or Disposal Of Product Or Service With Action Taken To Mitigate The Same,0.6716,Medium Confidence (MHA),Remarks For Assurance Of The Products And Packaging Reclaimed At End Of Life Of Products Amount Reused Or Recycled Or Safely Disposed,0.6186,Remarks For Assurance Of Whether The Entity Conducted Life Cycle Perspective Or Assessments For Any Of Its Products Or For Its Services,0.6001
"Has the company taken initiatives to use reusable, recyclable or compostable packagin",Remarks For Assurance Of The Products And Packaging Reclaimed At End Of Life Of Products Amount Reused Or Recycled Or Safely Disposed,0.5954,Medium Confidence (MHA),Remarks For Assurance Of Describe The Processes In Place To Safely Reclaim Your Products For Reusing Recycling And Disposing At The End Of Life For Plastics Including Packaging EWaste Hazardous Waste And Other Waste,0.5871,Recycled Or Re Used In Put Material To Total Material - Recycled Or Reused Input Material Used In Production Or Providing Services Domain8 - Previous Year,0.5723
What are the intiatives taken to reduce plastic packaging,Describe The Processes In Place To Safely Reclaim Your Products For Reusing Recycling And Disposing At The End Of Life For Plastics Including Packaging Explanatory Text Block,0.6205,Medium Confidence (MHA),Amount Of Re Used - Plastics Including Packaging Member,0.6057,Amount Of Recycled - Plastics Including Packaging Member,0.594
Turnover of products and/or services as a percentage of turover from all products/service that carry information about the recycling and/or safe disposal,Recycling And Or Safe Disposal As APercentage To Total Turnover,0.7387,High Confidence (MHA),Remarks For Assurance Of Turnover Of Products And Or Services As APercentage Of Turnover From All Products Or Service That Carry Information About As APercentage To Total Turnover,0.6496,Remarks For Assurance Of Details Of Percentage Of Recycled Or Reused Input Material To Total Material By Value Used In Production Or Providing Services,0.6292
Does your company have a publicly available no deforestation policy or commitment that applies to your company’s operational practices,Does The Entity Have Procedures In Place For Sustainable Sourcing,0.5127,Medium Confidence (MHA),Remarks For Assurance Of Details Of Operations Or Offices In Or Around Ecologically Sensitive Areas Where Environmental Approvals Or Clearances Are Required,0.4994,Whether Details Of Operations Or Offices In Or Around Ecologically Sensitive Areas Where Environmental Approvals Or Clearances Are Required Is Assured By Assurer,0.4983
Does the company owns/lease/manages forest land for its operations,Remarks For Assurance Of Details Of Number Of Locations Where Plants And Or Operations Or Offices Of The Entity Are Situated,0.4669,Low Confidence (MHA),Proceeds From Changes In Ownership Interests In Subsidiaries,0.4661,Proceeds From Sales Of Property Plant And Equipment Classified As Investing Activities,0.4656
Are there any intiatives taken with respect to sustainable agriclutire by the company,Does The Entity Have Procedures In Place For Sustainable Sourcing,0.5929,Medium Confidence (MHA),Remarks For Assurance Of The Entity Have Procedures In Place For Sustainable Sourcing And Percentage Of Inputs Were Sourced Sustainably,0.5824,Whether The Entity Have Procedures In Place For Sustainable Sourcing And Percentage Of Inputs Were Sourced Sustainably Is Assured By Assurer,0.5442
Is the manufacturing smart farm equipments/machinery,Repairs To Machinery,0.5044,Medium Confidence (MHA),Type Of Industry,0.4885,Property Plant And Equipment,0.4349
"Is the company exposed to animal products and are these certified or accredited by one or more independent third party? If yes, does the company demand or monitor such certification or accreditation from its suppliers?",Whether Steps Taken To Inform And Educate Consumers About Safe And Responsible Usage Of Products And Or Services Is Assured By Assurer,0.4597,Low Confidence (MHA),Remarks For Assurance Of Steps Taken To Inform And Educate Consumers About Safe And Responsible Usage Of Products And Or Services,0.4522,Assurance Sub Type For Steps Taken To Inform And Educate Consumers About Safe And Responsible Usage Of Products And Or Services,0.4362
What are the initiatives taken with respect to Chemical Sagety management,Remarks For Assurance Of Details Of Waste Management Practices Adopted In Your Establishments And The Strategy Adopted By Company To Reduce Usage Of Hazardous And Toxic Chemicals,0.5124,Medium Confidence (MHA),Whether Details Of Waste Management Practices Adopted In Your Establishments And The Strategy Adopted By Company To Reduce Usage Of Hazardous And Toxic Chemicals Is Assured By Assurer,0.509,Does The Entity Have Procedures In Place For Sustainable Sourcing,0.4748
Does the company have waste heat recovery systems for enchancing energy efficiency (Cement),Waste Recovered Through Other Recovery Operations,0.4776,Low Confidence (MHA),Construction And Demolition Waste,0.4603,Waste Recovered Through Re Used,0.4547
"Is the forestland certified as per international sustainable forest management standards such as FSC, PEFC, SFI",Whether Name Of The National And International Codes Or Certifications Or Labels Or Standards Adopted By Your Entity And Mapped To Each Principle Is Assured By Assurer,0.5178,Medium Confidence (MHA),Assurer Has Assured Whether The Entity Compliant With The Applicable Environmental Law,0.4716,Is The Entity Compliant With The Applicable Environmental Law,0.4555
What measures are taken to reduce marine pollution and manage ballast water,Water Discharge To Seawater With Treatment,0.4773,Low Confidence (MHA),Water Discharge To Seawater With Out Treatment Per Area - Facility Or Plant Located In Areas Of Water Stress Domain9,0.4771,Water Discharge To Seawater With Out Treatment Per Area - Facility Or Plant Located In Areas Of Water Stress Domain6,0.4749
Does the company comply with new regilation of Energy Efficiency Existing Ship (require al ships above 400GT),Whether Details Of Total Energy Consumption And Energy Intensity Applicable To The Company,0.4703,Low Confidence (MHA),Whether Details Of Total Energy Consumption In Joules Or Multiples And Energy Intensity Is Assured By Assurer,0.3868,Energy Intensity The Relevant Metric May Be Selected By The Entity - Previous Year,0.3846
Are there any initiatives to promot sustainable shipping practices or reduce the carbon footprint of port operations,Remarks For Assurance Of Details Of Significant Social Or Environmental Concerns From Production Or Disposal Of Product Or Service With Action Taken To Mitigate The Same,0.4871,Low Confidence (MHA),Does The Entity Have Procedures In Place For Sustainable Sourcing,0.483,Remarks For Assurance Of The Entity Have Procedures In Place For Sustainable Sourcing And Percentage Of Inputs Were Sourced Sustainably,0.435
Does the copmany manufacture electric or alternate fuel bsaed vessel/ships or related components for the same?,Power And Fuel,0.4635,Low Confidence (MHA),Steps Taken By The Company For Utilising Alternate Sources Of Energy Explanatory,0.3688,Other Non Hazardous Waste Generated,0.3635
Is company using sustainable alternative fuels liek SAF in its fleet,Steps Taken By The Company For Utilising Alternate Sources Of Energy Explanatory,0.4678,Low Confidence (MHA),Total Fuel Consumption From Non Renewable Sources,0.4663,Remarks For Assurance Of Whether The Entity Have Any Project Related To Reducing Green House Gas Emission,0.4648
Is there any commitment or plan to shift to alternate fuels such as SAF,Steps Taken By The Company For Utilising Alternate Sources Of Energy Explanatory,0.4653,Low Confidence (MHA),Power And Fuel,0.3683,Total Fuel Consumption From Non Renewable Sources,0.3651
Has the company partnered with airframe and tehnology manufacturesre to increase fuel efficiency and reduce environmental impact,Does The Entity Have Any Project Related To Reducing Green House Gas Emission,0.5611,Medium Confidence (MHA),Remarks For Assurance Of Whether The Entity Have Any Project Related To Reducing Green House Gas Emission,0.5055,Assurer Has Assured Whether The Entity Have Any Project Related To Reducing Green House Gas Emission,0.4817
"Does the company measure or track the age of aircrafts? If yes, the what is the average of company’s air fleet",Number Of Employees In The Company At The End Of The Financial Year,0.4564,Low Confidence (MHA),Average Number Of Female Employees Or Workers At The Beginning Of The Year And As At End Of The Year - Previous Year,0.4102,Whether There Are Changes In Acounting Estimates During The Year,0.3964
Does the company monitor and measure noise levels? Are they compliant with noise regulations,Whether Details Of Operations Or Offices In Or Around Ecologically Sensitive Areas Where Environmental Approvals Or Clearances Are Required Is Assured By Assurer,0.4382,Low Confidence (MHA),Remarks For Assurance Of Details Of Operations Or Offices In Or Around Ecologically Sensitive Areas Where Environmental Approvals Or Clearances Are Required,0.4313,Whether Details Of Any Corrective Action Taken Or Underway To Address Safety Related Incidents Of Your Plants And Offices That Were Assessed Is Assured By Assurer,0.431
Does the company’s policy and measures align with International Civil Aviation Organisation’s Balance Approach,Description Of Accounting Policy For Subsidiaries Explanatory,0.4422,Low Confidence (MHA),Other Equity Balances,0.4337,Remarks For Assurance Of Whether The Enlisted Policies Extend To Your Value Chain Partners,0.4129
Does the company have oil spill/gas leak action plan,Disclosure Of Statement On Development And Implementation Of Risk Management Policy Explanatory,0.4714,Low Confidence (MHA),Disclosure Web Link Of Entity At Which Business Continuity And Disaster Management Plan Is Placed,0.4659,Does The Entity Have ABusiness Continuity And Disaster Management Plan,0.4618
Did the company experience any spills for the current and previous years,Whether Company Has Associates Liquidated Or Sold During Year,0.5164,Medium Confidence (MHA),Whether Company Has Subsidiary Companies Liquidated Or Sold During Year,0.5021,Remarks For Assurance Of Details Of The Disclosures Related To Water Discharged,0.4703
Does the entity have a system to finance sustainable projects,Does The Entity Have Procedures In Place For Sustainable Sourcing,0.7074,High Confidence (MHA),Remarks For Assurance Of The Entity Have Procedures In Place For Sustainable Sourcing And Percentage Of Inputs Were Sourced Sustainably,0.6514,Assurance Sub Type For The Entity Have Procedures In Place For Sustainable Sourcing And Percentage Of Inputs Were Sourced Sustainably,0.6018
Are ESG factors incorporated in the lending and investment decisions,Particulars Of Loans Guarantee Investment Under Section 186 Explanatory,0.4987,Low Confidence (MHA),Nature Of Other Loans And Advances,0.4734,Particulars Of Loans Guarantee Investment Under Section 186 Text Block,0.4585
Does the company follow sustainable mining practices,Does The Entity Have Procedures In Place For Sustainable Sourcing,0.5525,Medium Confidence (MHA),Whether Company Has Published Sustainability Report For The Financial Year,0.5231,Description Of Accounting Policy For Mining Rights Explanatory,0.5131
Does the company have tailing management system after mining,Does The Entity Have ABusiness Continuity And Disaster Management Plan,0.3934,Low Confidence (MHA),Whether Company Has Subsidiary Companies Which Are Yet To Commence Operations,0.3753,Description Of Accounting Policy For Mining Assets Explanatory,0.3691
"Does the company have a publicly available policy in place for mining from conflict affected and high risk areas. If yes, provide details",Description Of Accounting Policy For Mining Rights Explanatory,0.6061,Medium Confidence (MHA),Description Of Accounting Policy For Mining Assets Explanatory,0.5258,Remarks For Assurance Of Performance Against Above Policies And Follow Up Action,0.4683
Does the company undertake intiatives or programs to raise awareness about sustainability challenges and opportunities in the natural rubber industry for suppliers,Does The Entity Have Procedures In Place For Sustainable Sourcing,0.5496,Medium Confidence (MHA),Remarks For Assurance Of Awareness Programmes Conducted For Value Chain Partners On Any Of The Principles During The Financial Year,0.5406,Whether Awareness Programmes Conducted For Value Chain Partners On Any Of The Principles During The Financial Year Is Assured By Assurer,0.5282
What measures are in palce to ensure public sagety and security at facilities?,Remarks For Assurance Of Details Of Operations Or Offices In Or Around Ecologically Sensitive Areas Where Environmental Approvals Or Clearances Are Required,0.5517,Medium Confidence (MHA),Remarks For Assurance Of The Premises Or Offices Of The Entity Accessible To Differently Abled Employees And Workers And Steps Are Being Taken By The Entity If The Premises Or Offices Of The Entity Not Accessible,0.5454,Property Plant And Equipment Pledged As Security,0.5427
How are potential security threats and emergencies addressed,Nature Of Security,0.6277,Medium Confidence (MHA),Nature Of Other Risk,0.4616,Description Of Objectives Policies And Processes For Managing Risk,0.4508
Is the company using low carbon vehicle and equipments in its ports to carry out operations,Name Of Subsidiary Which Is Yet To Commence Operations,0.4559,Low Confidence (MHA),Type Of Operations - Operations Or Offices Where Environmental Approvals Or Clearances Required43,0.4558,Type Of Operations - Operations Or Offices Where Environmental Approvals Or Clearances Required34,0.452
Are the ESG related factors being monitored in investee companies/lending processes,Financial Implications Of The Risk Or Opportunity - Entitys Material Responsible Business Conduct Issues Domain6,0.4502,Low Confidence (MHA),Financial Implications Of The Risk Or Opportunity - Entitys Material Responsible Business Conduct Issues Domain37,0.4422,Financial Implications Of The Risk Or Opportunity - Entitys Material Responsible Business Conduct Issues Domain29,0.4417
Does the company lend towards Electric Vehicles,Loans Due By Firms In Which Any Director Is Partner,0.4502,Low Confidence (MHA),Remarks For Assurance Of Green Credits Have Been Generated Or Procured By The Listed Entity And Top Ten Value Chain Partners Is Assured By Assurer,0.4408,Loans Due By Firms Or Companies In Which Any Director Is Partner Or Director,0.4276
Does the company have ESG related products/services?,Name Of The Company,0.4716,Low Confidence (MHA),Does Company Participate In The Business Responsibility Initiatives Of The Listed Entity - Holding Subsidiary Associate Companies And Joint Ventures Domain266,0.4689,Name Of Product Or Services,0.4673
Does the company integrate ESG aspects in its insurance underwriting process for non life non health insurance reinsurance,Additions Other Than Through Business Combinations Reinsurance Assets,0.5757,Medium Confidence (MHA),Reinsurance Assets,0.5612,Description Of Accounting Policy For Reinsurance Explanatory,0.5578
Does your company offer eSG based products within its non life non health insurance business segment,The Entity Has Not Applicable Conducted Life Cycle Perspective Or Assessments For Any Of Its Products Or For Its Services Explanatory Text Block,0.5189,Medium Confidence (MHA),Does The Entity Extend Any Life Insurance Or Any Compensatory Package In The Event Of Death Of Employees,0.481,Has The Entity Conducted Life Cycle Perspective Or Assessments For Any Of Its Products Or For Its Services,0.4765
Does the company participate in the GRESB for real estate benchmark assessment,Whether The Company Has Undertaken Assessment Or Assurance Of The BRSRCore,0.4921,Low Confidence (MHA),Whether The Company Has Undertaken Reasonable Assurance Of The BRSRCore,0.4006,Name Of The Assessor Or Assurer - Assessment Or Assurance Provider Domain3,0.391
Is the company currently operating/deploying low carbon fleet (EVs or other vehicles) in its logistics business or do they have a plan to shift current feet to low carbon alternative fleet,Name Of Subsidiary Which Is Yet To Commence Operations,0.4475,Low Confidence (MHA),Steps Taken By The Company For Utilising Alternate Sources Of Energy Explanatory,0.4384,Does The Entity Have Procedures In Place For Sustainable Sourcing,0.4181
Does the company have End of Life Vehicles management,Does The Entity Extend Any Life Insurance Or Any Compensatory Package In The Event Of Death Of Employees,0.5408,Medium Confidence (MHA),Has The Entity Conducted Life Cycle Perspective Or Assessments For Any Of Its Products Or For Its Services,0.535,Does The Entity Extend Any Life Insurance Or Any Compensatory Package In The Event Of Death Of Workers,0.5226
What steps are taken by the company to mitigate any potential health impacts of tyre and rubber product manufacturing on local communities,Remarks For Assurance Of Details Of Significant Social Or Environmental Concerns From Production Or Disposal Of Product Or Service With Action Taken To Mitigate The Same,0.5069,Medium Confidence (MHA),Remarks For Assurance Of Disclose Any Significant Adverse Impact To The Environment Arising From The Value Chain Of The Entity What Mitigation Or Adaptation Measures Have Been Taken By The Entity In This Regard,0.4653,Disclose Any Significant Adverse Impact To The Environment Arising From The Value Chain Of The Entity What Mitigation Or Adaptation Measures Have Been Taken By The Entity In This Regard Explanatory Text Block,0.4499
"Does the company have a strategy or initiative in place to enourage small forest owners and timber suppliers to adopt best practices or sustainable management in order to obtain certification from recognized systems such as PEF, FSC or equivalent",Does The Entity Have Procedures In Place For Sustainable Sourcing,0.6229,Medium Confidence (MHA),Remarks For Assurance Of The Entity Have Procedures In Place For Sustainable Sourcing And Percentage Of Inputs Were Sourced Sustainably,0.5522,Whether The Entity Have Procedures In Place For Sustainable Sourcing And Percentage Of Inputs Were Sourced Sustainably Is Assured By Assurer,0.5438
"Does the company have commitment in place integrating circular fashin into all its operations? If yes, provide details",Whether Company Has Associates Which Are Yet To Commence Operations,0.4956,Low Confidence (MHA),CIN Of Subsidiary Company Which Is Yet To Commence Operations,0.4719,Details Of Material Changes And Commitment Occurred During Period Affecting Financial Position Of Company,0.4708
Does the company manufacture/sell sustainable apparel or garments,Does The Entity Have Procedures In Place For Sustainable Sourcing,0.558,Medium Confidence (MHA),Whether Company Has Published Sustainability Report For The Financial Year,0.5151,Name Of The Company,0.4984
Is the company using sustainable material in its typre (also state the ttype of material used) or has committed to use sustainable material in typres,Does The Entity Have Procedures In Place For Sustainable Sourcing,0.5466,Medium Confidence (MHA),Remarks For Assurance Of The Entity Have Procedures In Place For Sustainable Sourcing And Percentage Of Inputs Were Sourced Sustainably,0.529,Whether Company Has Published Sustainability Report For The Financial Year,0.5069
Is the company manufacturing sustainable/eco-friendly paint/coatings,Whether Company Has Published Sustainability Report For The Financial Year,0.4273,Low Confidence (MHA),Does The Entity Have ASpecified Committee Of The Board Or Director Responsible For Decision Making On Sustainability Related Issues,0.4182,Remarks For Assurance Of Whether The Entity Have ASpecified Committee Of The Board Or Director Responsible For Decision Making On Sustainability Related Issues,0.4124
Is the company manufacturing any energy efficient products or is spending on R&D for manufacturing such products in near future?,Steps Taken By The Company For Utilising Alternate Sources Of Energy Explanatory,0.472,Low Confidence (MHA),Remarks For Assurance Of The Entity Has Undertaken Any Specific Initiatives Or Used Innovative Technology Or Solutions To Improve Resource Efficiency,0.4622,Capital Investment On Energy Conservation Equipments,0.4615
Is the company fulfilling International Maritime Organisation - MARPOL Air Pollution prevention guidelines,Hazardous Air Pollutants,0.5318,Medium Confidence (MHA),Hazardous Air Pollutants - Previous Year,0.4957,Remarks For Assurance Of Details Of Air Emissions Other Than Ghg Emissions By The Entity,0.4496
Whether an occupational health and safety management system is implemented by the entity,Whether An Occupational Health And Safety Management System Has Been Implemented By The Entity,0.9833,High Confidence (MHA),An Occupational Health And Safety Management System Has Been Not Applicable To The Entity Explanatory Text Block,0.7511,Details Of Occupational Health And Safety Management System Explanatory Text Block,0.7074
What are the processes used to identify work-related hazards and assess risks on a routine and non routine bassi by the entity,Desclosure Of The Processes Used To Identify Work Related Hazards And Assess Risks On ARoutine And Non Routine Basis By The Entity Explanatory Text Block,0.7151,High Confidence (MHA),Whether You Have Processes For Workers To Report The Work Related Hazards And To Remove Themselves From Such Risks,0.6983,Processes For Workers To Report The Work Related Hazards And To Remove Themselves From Such Risks Is Not Applicable Explanatory Text Block,0.6391
Does the company have processes for workers to report the work related hazards and to remove themselves from such risks (Y/N),Whether You Have Processes For Workers To Report The Work Related Hazards And To Remove Themselves From Such Risks,0.8931,High Confidence (MHA),Processes For Workers To Report The Work Related Hazards And To Remove Themselves From Such Risks Is Not Applicable Explanatory Text Block,0.7835,Desclosure Of The Processes Used To Identify Work Related Hazards And Assess Risks On ARoutine And Non Routine Basis By The Entity Explanatory Text Block,0.6223
Was there training given to workers on health and sagety measures in Current Year,Number Of Trained Employees Or Workers - Male Member - On Health And Safety Measures Member - Workers Member - Previous Year,0.6153,Medium Confidence (MHA),Number Of Trained Employees Or Workers - Male Member - On Health And Safety Measures Member - Employees Member - Previous Year,0.6103,Percentage Of Trained Employees Or Workers - Male Member - On Health And Safety Measures Member - Workers Member - Previous Year,0.6057
Does the company mention that they have a safety committee/policy in place with respect to accidents or misfortune events,Remarks For Assurance Of Details Of Safety Related Incidents,0.6657,Medium Confidence (MHA),Assurance Sub Type For Details Of Safety Related Incidents,0.6429,Whether Details Of Safety Related Incidents Is Assured By Assurer,0.6263
Does the entity have ISO 45001:2018 certification,Whether Name Of The National And International Codes Or Certifications Or Labels Or Standards Adopted By Your Entity And Mapped To Each Principle Is Assured By Assurer,0.537,Medium Confidence (MHA),Company IDOr LLPIDOr Firm IDOf Assessment Or Assurance Provider - Assessment Or Assurance Provider Domain5,0.5097,Date Of Signing By Assessor Or Assurer - Assessment Or Assurance Provider Domain5,0.4994
Are the entity’s manufacturing facilties WRAP certified,Assurer Has Assured Whether The Entity Display Product Information On The Product Over And Above What Is Mandated As Per Local Laws,0.4636,Low Confidence (MHA),Whether Overview Of The Entitys Material Responsible Business Conduct Issues Is Assured By Assurer,0.4589,Whether Name Of The National And International Codes Or Certifications Or Labels Or Standards Adopted By Your Entity And Mapped To Each Principle Is Assured By Assurer,0.4554
Does the company have a target to achieve gender diversity in the workforce,Number Of Employees Or Worker For Performance And Career Development - Other Gender Member - Employees Member,0.5882,Medium Confidence (MHA),Number Of Employees Or Worker For Performance And Career Development - Other Gender Member - Workers Member,0.5842,Number Of Female Employees Or Workers,0.5822
Does the company have a diversity equality and inclusion policy,Does The Entity Have An Equal Opportunity Policy As Per The Rights Of Persons With Disabilities Act2016,0.5626,Medium Confidence (MHA),Remarks For Assurance Of Whether The Entity Have An Equal Opportunity Policy As Per The Rights Of Persons With Disabilities Act2016,0.533,Assurance Sub Type For Whether The Entity Have An Equal Opportunity Policy As Per The Rights Of Persons With Disabilities Act2016,0.5031
Does the company have policy for precention to prevent sexual harassment at workplace,Remarks For Assurance Of Complaints Filed Under The Sexual Harassment Of Women At Workplace,0.7337,High Confidence (MHA),Whether Complaints Filed Under The Sexual Harassment Of Women At Workplace Is Assured By Assurer,0.7026,Total Complaints Reported Under Sexual Harassment Of Women At Workplace,0.6713
Are all complaints filed by the employees during current fiscal year closed,Number Of Complaints Filed During The Year - Working Conditions Complaints Member - Previous Year,0.6433,Medium Confidence (MHA),Number Of Complaints Filed During The Year - Working Conditions Complaints Member,0.6313,Number Of Complaints Filed During The Year - Wages Member - Previous Year,0.613
Does the company have a human rights policy established,Do Human Rights Requirements Form Part Of Your Business Agreements And Contracts,0.686,Medium Confidence (MHA),Remarks For Assurance Of Employees And Workers Who Have Been Provided Training On Human Rights Issues And Policies Of The Entity,0.6776,Remarks For Assurance Of Human Rights Requirements Form Part Of Your Business Agreements And Contracts,0.6743
"Does the company provide medical assistance (Ambulance service, fixed medical checkups, to the employees)",Do The Employees Or Worker Of The Entity Have Access To Non Occupational Medical And Healthcare Services,0.6496,Medium Confidence (MHA),Whether Company Has Received Any Government Grant Or Government Assistance,0.5575,Remarks For Assurance Of Measures Taken By The Entity To Ensure ASafe And Healthy Work Place,0.5044
"Does the company take measures for the well being of individuals other than permanent employees (which may include interns, contracts, etc.)",Number Of Well Being Of Employees Or Workers - Male Member - Health Insurance Member - Other Than Permanent Employees Member,0.6195,Medium Confidence (MHA),Number Of Well Being Of Employees Or Workers - Male Member - Health Insurance Member - Permanent Employees Member,0.6109,Number Of Well Being Of Employees Or Workers - Other Gender Member - Health Insurance Member - Other Than Permanent Employees Member,0.6076
Does the organisation have opportunities for Paternal leavesWhat all initiatives does the organisation undertake for increase in the retention rate of employees,Retention Rates Permanent Employees That Took Parental Leave - Male Member,0.6628,Medium Confidence (MHA),Retention Rates Permanent Employees That Took Parental Leave - Other Gender Member,0.6455,Retention Rates Permanent Employees That Took Parental Leave - Gender Member,0.6454
Does the company have employe development programs that have been developed to upgrade and improve employee skills,Does The Entity Provide Transition Assistance Programs To Facilitate Continued Employability And The Management Of Career Endings Resulting From Retirement Or Termination Of Employment,0.5127,Medium Confidence (MHA),Number Of Trained Employees Or Workers - Male Member - On Skill Upgradation Member - Employees Member - Previous Year,0.4924,Number Of Trained Employees Or Workers - Female Member - On Skill Upgradation Member - Employees Member - Previous Year,0.4868
Did the company face any strike in the current year,Number Of Workers Against Whom Disciplinary Action Was Taken - Previous Year,0.5291,Medium Confidence (MHA),Number Of Employees Against Whom Disciplinary Action Was Taken - Previous Year,0.5102,Total Number Of Affected Workers - Previous Year,0.4899
Does the company conduct an employee satisfaction survey,Did Your Entity Carry Out Any Survey With Regard To Consumer Satisfaction Relating To The Major Products Or Services Of The Entity Significant Locations Of Operation Of The Entity Or The Entity As AWhole,0.5973,Medium Confidence (MHA),Percentage Of Complaints In Respect Of Number Of Employees Or Worker,0.5514,Percentage Of Complaints In Respect Of Number Of Employees Or Worker - Previous Year,0.5346
Does the company have policy on offering stock options,Proceeds From Exercise Of Stock Options,0.605,Medium Confidence (MHA),Cost Incurred By Holding Company For Issuing Options Or Shares Under Employee Stock Option Or Stock Purchase Scheme,0.5782,Amount Of Shares Issued Under Employee Stock Option Plan,0.5778
Does the company have mechanisms to receive and respond to consumer complaints and feedback,Remarks For Assurance Of The Mechanisms In Place To Receive And Respond To Consumer Complaints And Feedback,0.8757,High Confidence (MHA),Whether The Mechanisms In Place To Receive And Respond To Consumer Complaints And Feedback Is Assured By Assurer,0.8178,Describe The Mechanisms In Place To Receive And Respond To Consumer Complaints And Feedback Explanatory Text Block,0.7303
"Did your entity carry out any survey with regard to consumer satisfaction relating to the major products/services of the entity, significant locations of operation of the entity or the entity as a whole",Did Your Entity Carry Out Any Survey With Regard To Consumer Satisfaction Relating To The Major Products Or Services Of The Entity Significant Locations Of Operation Of The Entity Or The Entity As AWhole,0.9732,High Confidence (MHA),The Entity Has Not Applicable Carry Out Any Survey With Regard To Consumer Satisfaction Relating To The Major Products Or Services Explanatory Text Block,0.7521,Does The Entity Have Any Sites Or Facilities Identified As Designated Consumers Under The Performance Achieve And Trade Scheme Of The Government Of India,0.5617
Steps taken to inform and educate consumers about safe and responsible usage of products and/or service,Remarks For Assurance Of Steps Taken To Inform And Educate Consumers About Safe And Responsible Usage Of Products And Or Services,0.9648,High Confidence (MHA),Whether Steps Taken To Inform And Educate Consumers About Safe And Responsible Usage Of Products And Or Services Is Assured By Assurer,0.872,Assurance Sub Type For Steps Taken To Inform And Educate Consumers About Safe And Responsible Usage Of Products And Or Services,0.8671
ISO 9001:2015 certification,Certificate Of Practice Number Of Secretarial Auditor,0.4509,Low Confidence (MHA),Whether Name Of The National And International Codes Or Certifications Or Labels Or Standards Adopted By Your Entity And Mapped To Each Principle Is Assured By Assurer,0.4372,Name Of The National And International Codes Or Certifications Or Labels Or Standards Adopted By Your Entity And Mapped To Each Principle Explanatory Text Block - Principle8 Member,0.4146
Does the entity display product information on the product over and above what is mandated as per local laws,Does The Entity Display Product Information On The Product Over And Above What Is Mandated As Per Local Laws,1.0,High Confidence (MHA),Remarks For Assurance Of Whether The Entity Display Product Information On The Product Over And Above What Is Mandated As Per Local Laws,0.9039,The Entity Has Not Applicable Product Information On The Product Over And Above What Is Mandated As Per Local Laws Explanatory Text Block,0.798
"When the onboarding of new vendors takes place, does the company have their supplier code of conduct designed",Do You Have APreferential Procurement Policy Where You Give Preference To Purchase From Suppliers Comprising Marginalized Or Vulnerable Groups,0.4992,Low Confidence (MHA),Assurance Sub Type For APreferential Procurement Policy Where Preference To Purchase From Suppliers Comprising Marginalized Or Vulnerable Groups And Its Percentage Of Total Procurement By Value Does It Constitute,0.4832,NICCode Of Product Or Service Of Conducted Lifecycle Perspective - The Entity Conducted Life Cycle Perspective Or Assessments Domain14,0.4827
Disclose any significant adverse impact on the environment arising from the value chain of the entity. Are there any mitigations or adaptiation measures taken by the entity in this context,Remarks For Assurance Of Disclose Any Significant Adverse Impact To The Environment Arising From The Value Chain Of The Entity What Mitigation Or Adaptation Measures Have Been Taken By The Entity In This Regard,0.9265,High Confidence (MHA),Disclose Any Significant Adverse Impact To The Environment Arising From The Value Chain Of The Entity What Mitigation Or Adaptation Measures Have Been Taken By The Entity In This Regard Explanatory Text Block,0.9021,Whether Disclose Any Significant Adverse Impact To The Environment Arising From The Value Chain Of The Entity What Mitigation Or Adaptation Measures Have Been Taken By The Entity In This Regard Is Assured By Assurer,0.8665
Provide details of any corrective actions taken or underway to adderss significant risks/concerns arising from asessment of health and safety practices practices and working conditions of value chain partners,Remarks For Assurance Of Details Of Any Corrective Action Taken Or Underway To Address Safety Related Incidents On Assessment Of Value Chain Partners,0.8059,High Confidence (MHA),Remarks For Assurance Of Details Of Any Corrective Actions Taken Or Underway To Address Significant Risks Or Concerns Arising From The Assessments Of Value Chain Partner,0.7996,Details Of Any Corrective Action Taken Or Underway To Address Safety Related Incidents On Assessment Of Value Chain Partners Explanatory Text Block,0.7759
Does the entity have procedures in place for sustainable sourcing strategy around sustainable/efficient/responsible supply chain,Does The Entity Have Procedures In Place For Sustainable Sourcing,0.911,High Confidence (MHA),Remarks For Assurance Of The Entity Have Procedures In Place For Sustainable Sourcing And Percentage Of Inputs Were Sourced Sustainably,0.7974,Whether The Entity Have Procedures In Place For Sustainable Sourcing And Percentage Of Inputs Were Sourced Sustainably Is Assured By Assurer,0.7399
Is there a robust supplier assessment done by the company to avoid any conflicts with ESG requirements/sustainability/ESG assessment for suppliers,Whether The Entity Have Procedures In Place For Sustainable Sourcing And Percentage Of Inputs Were Sourced Sustainably Is Assured By Assurer,0.5303,Medium Confidence (MHA),Remarks For Assurance Of The Entity Have Procedures In Place For Sustainable Sourcing And Percentage Of Inputs Were Sourced Sustainably,0.5137,Remarks For Assurance Of Details Of Any Corrective Actions Taken Or Underway To Address Significant Risks Or Concerns Arising From The Assessments Of Value Chain Partner,0.5061
Does the company have a documented CSR policy in place,Whether Company Has Written CSR Policy,0.9084,High Confidence (MHA),Disclosure Web Link Of Company At Which CSR Policy Is Placed,0.841,Details CSR Policy Explanatory,0.7883
Whether there are mechanisms to receive and redress grievances of the community,Remarks For Assurance Of Describe The Mechanisms To Receive And Redress Grievances Of The Community,0.9334,High Confidence (MHA),Whether Describe The Mechanisms To Receive And Redress Grievances Of The Community Is Assured By Assurer,0.813,Grievance Redressal Mechanism In Place - Complaint Received From Communities Member,0.7671
Does the entity disclose the details of beneficiaries of CSR projects,Disclosure Overview Of Projects Or Programs Proposed To Be Undertaken CSR Policy,0.711,High Confidence (MHA),Whether Details Of Beneficiaries Of CSRProjects Is Assured By Assurer,0.6886,Remarks For Assurance Of Details Of Beneficiaries Of CSRProjects,0.6692
"Does the company conduct impact assessments for CSR projects? If yes, provide details",Whether Details Of Social Impact Assessments Of Projects Undertaken By The Entity Based On Applicable Laws Is Assured By Assurer,0.6925,Medium Confidence (MHA),Whether Details Of Environmental Impact Assessments Of Projects Undertaken By The Entity Based On Applicable Laws Is Assured By Assurer,0.6801,Remarks For Assurance Of Details Of Social Impact Assessments Of Projects Undertaken By The Entity Based On Applicable Laws,0.6509
Does the company conduct of assessment of negative impacts of its operation on the communities,Remarks For Assurance Of Details Of Actions Taken To Mitigate Any Negative Social Impacts Identified In The Social Impact Assessments,0.5606,Medium Confidence (MHA),Details Of Negative Social Impact Identified - Negative Social Impact Identified3,0.551,Remarks For Assurance Of Disclose Any Significant Adverse Impact To The Environment Arising From The Value Chain Of The Entity What Mitigation Or Adaptation Measures Have Been Taken By The Entity In This Regard,0.5472
Provide details of actions taken to mitigate any negative social impacts identified in the Social Impact Assessments,Remarks For Assurance Of Details Of Actions Taken To Mitigate Any Negative Social Impacts Identified In The Social Impact Assessments,0.954,High Confidence (MHA),Whether Details Of Actions Taken To Mitigate Any Negative Social Impacts Identified In The Social Impact Assessments Is Assured By Assurer,0.8745,Assurance Sub Type For Details Of Actions Taken To Mitigate Any Negative Social Impacts Identified In The Social Impact Assessments,0.858
Does the entity have a framework/policy on cybersecurity and risks related to data privacy,Does The Entity Have AFramework Or Policy On Cyber Security And Risks Related To Data Privacy,0.8649,High Confidence (MHA),Remarks For Assurance Of Whether The Entity Have AFramework Or Policy On Cyber Security And Risks Related To Data Privacy,0.7967,Assurance Sub Type For Whether The Entity Have AFramework Or Policy On Cyber Security And Risks Related To Data Privacy,0.7302
Does the company’s policy on cybersecurity and risks related to data privacy extend to its value chain partners,Does The Entity Have AFramework Or Policy On Cyber Security And Risks Related To Data Privacy,0.6864,Medium Confidence (MHA),Web Link Of The Policy On Cyber Security And Risks Related To Data Privacy,0.6455,Remarks For Assurance Of Whether The Entity Have AFramework Or Policy On Cyber Security And Risks Related To Data Privacy,0.639
Provide number of instances of data breaches along with their impact on the company,Number Of Instances Of Data Breaches Along With Impact,0.8674,High Confidence (MHA),Remarks For Assurance Of Data Breaches Information Like Number Of Instances Of Data Breaches Along With Impact And Percentage Of Data Breaches Involving Personally Identifiable Information Of Customers,0.8075,Percentage Of Data Breaches Involving Personally Identifiable Information Of Customers,0.7214
Does the company conduct cybersecurity assessment by a third party,Name Of The Company Or LLPOr Firm Of Assessment Or Assurance Provider - Assessment Or Assurance Provider Domain3,0.5032,Medium Confidence (MHA),Does The Entity Have AFramework Or Policy On Cyber Security And Risks Related To Data Privacy,0.4873,Name Of The Assessor Or Assurer - Assessment Or Assurance Provider Domain3,0.4804
"Does the entity comply with ISO 27001:2013, ISO 22301:2019 OR PCI DSS standards to safeguard the customer data",Does The Entity Have AFramework Or Policy On Cyber Security And Risks Related To Data Privacy,0.5731,Medium Confidence (MHA),The Entity Has Not Applicable Product Information On The Product Over And Above What Is Mandated As Per Local Laws Explanatory Text Block,0.5446,Is The Entity Compliant With The Applicable Environmental Law,0.5416
Does the organisation conduct training on data privacy and awareness programs for information security to its customers/employees,Does The Entity Have AFramework Or Policy On Cyber Security And Risks Related To Data Privacy,0.5626,Medium Confidence (MHA),Remarks For Assurance Of Whether The Entity Have AFramework Or Policy On Cyber Security And Risks Related To Data Privacy,0.5431,Remarks For Assurance Of Details Of Training Given To Employees And Workers,0.5337
Does the company have a communication plan for engaging with the communities affected with aircraft noise,Remarks For Assurance Of Details Of Operations Or Offices In Or Around Ecologically Sensitive Areas Where Environmental Approvals Or Clearances Are Required,0.3848,Low Confidence (MHA),Whether Details Of Operations Or Offices In Or Around Ecologically Sensitive Areas Where Environmental Approvals Or Clearances Are Required Is Assured By Assurer,0.3802,Does The Entity Have Any Project Related To Reducing Green House Gas Emission,0.3666
Does the company comply with Maritime Labour Convention adopted by International Labour Organisation in 2006,Do The Enlisted Policies Extend To Your Value Chain Partners - Principle6 Member,0.4065,Low Confidence (MHA),Remarks For Assurance Of Whether The Enlisted Policies Extend To Your Value Chain Partners,0.4039,Do The Enlisted Policies Extend To Your Value Chain Partners - Principle9 Member,0.4022
Is the company’s training centre for its seafarers certified or has got validated by any institution,Whether The Company Has Undertaken Assessment Or Assurance Of The BRSRCore,0.4819,Low Confidence (MHA),Whether Details Of Training Given To Employees And Workers Is Assured By Assurer,0.446,Whether The Company Has Undertaken Reasonable Assurance Of The BRSRCore,0.4324
Does the company have agreements which safeguard the wellbeing of farm workers through the Agricultural Labour Practices Code,Remarks For Assurance Of Measures Taken By The Entity To Ensure ASafe And Healthy Work Place,0.4728,Low Confidence (MHA),Whether Measures Taken By The Entity To Ensure ASafe And Healthy Work Place Is Assured By Assurer,0.4682,Remarks For Assurance Of Human Rights Requirements Form Part Of Your Business Agreements And Contracts,0.4628
Does the company ensure its jewellery meet BIS hallmark standards for quality assurance,Whether Complaints Or Grievances On Any Of The Principles Under The National Guidelines On Responsible Business Conduct Is Assured By Assurer,0.4892,Low Confidence (MHA),Whether The Company Has Undertaken Reasonable Assurance Of The BRSRCore,0.4763,Whether Awareness Programmes Conducted For Value Chain Partners On Any Of The Principles During The Financial Year Is Assured By Assurer,0.4728
Is the education institute providing placement assistance to its students,Amount Due For Transfer To Investor Education And Protection Fund,0.3346,Low Confidence (MHA),Outcome Of The Initiative - Specific Initiatives Domain29,0.3271,Outcome Of The Initiative - Specific Initiatives Domain8,0.3266
Does the company have a editorial policy,Whether Company Has Written CSR Policy,0.5237,Medium Confidence (MHA),Remarks For Assurance Of EMail Of The Company,0.4756,EMail Of The Company,0.4685
Does the company implement strategies to control and reduce the amount of construction and demolition waste from buildings that are constructed or are part of portfolio,Construction And Demolition Waste,0.6729,Medium Confidence (MHA),Construction And Demolition Waste - Previous Year,0.6263,Whether Details Of Waste Management Practices Adopted In Your Establishments And The Strategy Adopted By Company To Reduce Usage Of Hazardous And Toxic Chemicals Is Assured By Assurer,0.5412
Does the company have programs established to measure food loss and waste,Whether Any Independent Assessment Or Evaluation Or Assurance Has Been Carried Out By An External Agency For Waste Management,0.593,Medium Confidence (MHA),Remarks For Assurance Of Details Related To Waste Management By The Entity,0.5676,Name Of The External Agency That Undertook Independent Assessment Or Evaluation Or Assurance Related To Waste Management Explanatory Text Block,0.564
Does the company have any targets to reduce food waste,Remarks For Assurance Of Details Of Waste Management Practices Adopted In Your Establishments And The Strategy Adopted By Company To Reduce Usage Of Hazardous And Toxic Chemicals,0.5999,Medium Confidence (MHA),Whether Details Of Waste Management Practices Adopted In Your Establishments And The Strategy Adopted By Company To Reduce Usage Of Hazardous And Toxic Chemicals Is Assured By Assurer,0.5971,Remarks For Assurance Of Details Related To Waste Management By The Entity,0.5615
What initiatives are undertaken to mitigate the health risks of smoking and tobacco use,Changes In Exposure To Risk,0.4513,Low Confidence (MHA),Remarks For Assurance Of Details Of Significant Social Or Environmental Concerns From Production Or Disposal Of Product Or Service With Action Taken To Mitigate The Same,0.438,In Case Of Risk Approach To Adapt Or Mitigate - Entitys Material Responsible Business Conduct Issues Domain37,0.4339
Are any of its hospitals accredited with NABH or JIC? How many of its hospitals accredited with NABH or JIC?,Remarks For Assurance Of Measures Taken By The Entity To Ensure ASafe And Healthy Work Place,0.3692,Low Confidence (MHA),Assurance Sub Type For Whether The Entity Have Any Sites Or Facilities Identified As Designated Consumers Under The Performance Achieve And Trade Scheme Of The Government Of India,0.3451,Assurance Sub Type For Measures Taken By The Entity To Ensure ASafe And Healthy Work Place,0.3428
Does the company have a program or is taking efforts to increase the availability and affordability of the medicines in low income/developing markets,Whether Company Has Received Any Government Grant Or Government Assistance,0.4114,Low Confidence (MHA),Additions Other Than Through Business Combinations Biological Assets Other Than Bearer Plants At Cost,0.3958,Additions Other Than Through Business Combinations Biological Assets Other Than Bearer Plants At Fair Value,0.3831
Does the company have publicly available programs to improve the accessibility to healthcare,Is The Premise Or Office Of The Entity Accessible To Differently Abled Visitors As Per The Requirements Of The Rights Of Persons With Disabilities Act2016,0.5341,Medium Confidence (MHA),Remarks For Assurance Of Whether The Premise Or Office Of The Entity Accessible To Differently Abled Visitors As Per The Requirements Of The Rights Of Persons With Disabilities Act2016,0.4856,Assurer Has Assured Whether The Premise Or Office Of The Entity Accessible To Differently Abled Visitors As Per The Requirements Of The Rights Of Persons With Disabilities Act2016,0.4854
Are the production units and R&D centres certified to International Aerospace Standard AS9100D and other required aviation standards,Whether Name Of The National And International Codes Or Certifications Or Labels Or Standards Adopted By Your Entity And Mapped To Each Principle Is Assured By Assurer,0.4703,Low Confidence (MHA),Remarks For Assurance Of Whether CSRIs Applicable As Per Section135 Of Companies Act2013,0.4392,Number Of Certified Emission Rights Held As Inventory,0.427
"Has the company identified risk and threats it faces in ensuring the safet and security of its passengers, staff, and assets",Description Of The Risk Or Concern - Product Or Service Domain13,0.6288,Medium Confidence (MHA),Description Of The Risk Or Concern - Product Or Service Domain17,0.6234,Description Of The Risk Or Concern - Product Or Service Domain7,0.6135
Does the company collaborate with external agencies to reduce the amount of food loss and waste,Whether Any Independent Assessment Or Evaluation Or Assurance Has Been Carried Out By An External Agency For Waste Management,0.6145,Medium Confidence (MHA),Name Of The External Agency That Undertook Independent Assessment Or Evaluation Or Assurance Related To Waste Management Explanatory Text Block,0.592,Remarks For Assurance Of Details Related To Waste Management By The Entity,0.555
Is the company promoting local tourism,Whether Projects Or Programs Undertaken In Local Area Or Other,0.4604,Low Confidence (MHA),Whether There Are Any Major Customers,0.4448,Remarks For Assurance Of Whether The Entity Have Any Sites Or Facilities Identified As Designated Consumers Under The Performance Achieve And Trade Scheme Of The Government Of India,0.4272
"Does the company actively engage in the research collaborations with the universities, research institutions and other companies",Whether Company Has Invested In Joint Ventures,0.5353,Medium Confidence (MHA),Does Company Participate In The Business Responsibility Initiatives Of The Listed Entity - Holding Subsidiary Associate Companies And Joint Ventures Domain36,0.5275,Does Company Participate In The Business Responsibility Initiatives Of The Listed Entity - Holding Subsidiary Associate Companies And Joint Ventures Domain47,0.5269
"Provide details on development of clinical technology, clinical capabilites and programmes",Name Of Project For Which Rehabilitation And Resettlement Is On Going - Projects For Rehabilitation And Resettlement43,0.3752,Low Confidence (MHA),Name Of Project For Which Rehabilitation And Resettlement Is On Going - Projects For Rehabilitation And Resettlement29,0.3739,Name Of Project For Which Rehabilitation And Resettlement Is On Going - Projects For Rehabilitation And Resettlement35,0.3738
"Does the entity have system/mechanism in place to address issues (congestion, indoor coverage, call drops, modernisation and upgrade of data speeds, among others)",Disclose Any Significant Adverse Impact To The Environment Arising From The Value Chain Of The Entity What Mitigation Or Adaptation Measures Have Been Taken By The Entity In This Regard Explanatory Text Block,0.5331,Medium Confidence (MHA),Remarks For Assurance Of Disclose Any Significant Adverse Impact To The Environment Arising From The Value Chain Of The Entity What Mitigation Or Adaptation Measures Have Been Taken By The Entity In This Regard,0.5147,Does The Entity Have ABusiness Continuity And Disaster Management Plan,0.4857
"Does the company have digital/smart substations or plans to have it in future? (If yes, provide the number of substation)",Assurance Sub Type For Telephone Of Company,0.3669,Low Confidence (MHA),Name Of The Company Or LLPOr Firm Of Assessment Or Assurance Provider - Assessment Or Assurance Provider Domain5,0.3664,Name Of The Company Or LLPOr Firm Of Assessment Or Assurance Provider - Assessment Or Assurance Provider Domain4,0.3535
Does the company use smart metters in its distribution grid,Measurement Bases Property Plant And Equipment,0.3826,Low Confidence (MHA),Does The Entity Have Any Sites Or Facilities Identified As Designated Consumers Under The Performance Achieve And Trade Scheme Of The Government Of India,0.3392,Steps Taken By The Company For Utilising Alternate Sources Of Energy Explanatory,0.3379
Does the company have inhouse research and development facilities/centres and team,Name Of The Company,0.5095,Medium Confidence (MHA),Name Of Company,0.4747,Does The Entity Have Any Project Related To Reducing Green House Gas Emission,0.4695
Is the company offering e-learning courses/certifications to its students,Whether Company Is Maintaining Books Of Account And Other Relevant Books And Papers In Electronic Form,0.4205,Low Confidence (MHA),Remarks For Assurance Of Whether CSRIs Applicable As Per Section135 Of Companies Act2013,0.4129,Whether CSRIs Applicable As Per Section135 Of Companies Act2013,0.4079
ISO 22000 FSSC,ISO Country Code Of Place Of Maintenance Of Computer Servers Storing Accounting Data,0.3094,Low Confidence (MHA),Disclosure In Auditors Report Relating To Compliance With Section 185 And 186 Of Companies Act 2013,0.2974,EIANotification Number - Environmental Impact Assessments Of Project22,0.2881
Does the company confirm on its commitments to follow guidelines provided by FSSAI and NIN,Provide Details Of The Non Compliance - Law Or Regulation Or Guidelines11,0.4661,Low Confidence (MHA),Whether Compliance With Statutory Requirements Of Relevance To The Principles And Rectification Of Any Non Compliances Is Assured By Assurer,0.4651,Provide Details Of The Non Compliance - Law Or Regulation Or Guidelines8,0.4631
Does the company conduct food safety audits,Whether Secretarial Audit Report Is Applicable On Company,0.5398,Medium Confidence (MHA),Name Of Audit Firm,0.5082,Whether Details Of Any Corrective Action Taken Or Underway To Address Safety Related Incidents Of Your Plants And Offices That Were Assessed Is Assured By Assurer,0.4909
Does the company mention use of natural ingredients in their products and are they approved by government norms,Remarks For Assurance Of Steps Taken To Inform And Educate Consumers About Safe And Responsible Usage Of Products And Or Services,0.4544,Low Confidence (MHA),The Entity Has Not Applicable Product Information On The Product Over And Above What Is Mandated As Per Local Laws Explanatory Text Block,0.4329,Details Of Product Information On The Product Over And Above What Is Mandated As Per Local Laws Explanatory Text Block,0.423
does the company have a policy on ingredient safety? is there any mention of use of paraben in the products,Remarks For Assurance Of Steps Taken To Inform And Educate Consumers About Safe And Responsible Usage Of Products And Or Services,0.3916,Low Confidence (MHA),Percentage Of Health And Safety Practices Of Your Plants And Offices That Were Assessed P3,0.3659,Hazardous Air Pollutants,0.3425
ISO 13485,Date Of Board Of Directors Meeting In Which Board Report Referred To Under Section 134 Was Approved,0.371,Low Confidence (MHA),ISO Country Code Of Place Of Maintenance Of Computer Servers Storing Accounting Data,0.3707,Number Of Certified Emission Rights Held As Inventory,0.3369
Does the company have a policy for ensuring quality and patient safety during clinical trials,Whether Details Of Instances Of Product Recalls On Account Of Safety Issues Is Assured By Assurer,0.4835,Low Confidence (MHA),Whether The Company Has Undertaken Reasonable Assurance Of The BRSRCore,0.4515,Assurance Sub Type For Details Of Instances Of Product Recalls On Account Of Safety Issues,0.4514
Does the entity display relevant information on the product labels as per the requirements of national and international drug regulatory bodies,Does The Entity Display Product Information On The Product Over And Above What Is Mandated As Per Local Laws,0.6381,Medium Confidence (MHA),Remarks For Assurance Of Whether The Entity Display Product Information On The Product Over And Above What Is Mandated As Per Local Laws,0.6091,Whether Name Of The National And International Codes Or Certifications Or Labels Or Standards Adopted By Your Entity And Mapped To Each Principle Is Assured By Assurer,0.5815
How many labs are NABL accredited,Number Of Certified Emission Rights Under Certification,0.2748,Low Confidence (MHA),Name Of The Assessor Or Assurer - Assessment Or Assurance Provider Domain3,0.2628,Name Of The Assessor Or Assurer - Assessment Or Assurance Provider Domain4,0.262
How did the entity handle aliquots and provide details on reducing aliquots,Disclose Any Significant Adverse Impact To The Environment Arising From The Value Chain Of The Entity What Mitigation Or Adaptation Measures Have Been Taken By The Entity In This Regard Explanatory Text Block,0.4211,Low Confidence (MHA),Remarks For Assurance Of Disclose Any Significant Adverse Impact To The Environment Arising From The Value Chain Of The Entity What Mitigation Or Adaptation Measures Have Been Taken By The Entity In This Regard,0.4011,Disclosure Of Other Provisions Explanatory,0.3825
Does the company have a dedicated ethics committee to oversee all the clinical trials,Does The Entity Have ASpecified Committee Of The Board Or Director Responsible For Decision Making On Sustainability Related Issues,0.4316,Low Confidence (MHA),Disclosures In Directors Responsibility Statement,0.3906,Remarks For Assurance Of Whether The Entity Have ASpecified Committee Of The Board Or Director Responsible For Decision Making On Sustainability Related Issues,0.3781
Does the company have a public policy committing it and/or its suppliers to animal welfare principles,Disclosure Of Biological Assets And Government Grants For Agricultural Activity Explanatory,0.5074,Medium Confidence (MHA),Method Resorted For Such Advocacy - Public Policy9,0.493,Method Resorted For Such Advocacy - Public Policy22,0.4925
Does the company meet priority sector lending requirements as per RBI,Loans And Advances Due By Private Companies In Which Any Director Is Member,0.4432,Low Confidence (MHA),Interest Paid Classified As Financing Activities,0.4381,Nature Of Other Loans,0.4334
"Does the entity have a plan to lend to MSME? If yes, provide details",Does The Entity Have ABusiness Continuity And Disaster Management Plan,0.5338,Medium Confidence (MHA),It Is Planned To Be Done In The Next Financial Year - Principle9 Member,0.5051,It Is Planned To Be Done In The Next Financial Year - Principle5 Member,0.4966
Does the company have a policy or commitment on financial inclusion,Details Of Material Changes And Commitment Occurred During Period Affecting Financial Position Of Company,0.5315,Medium Confidence (MHA),It Is Planned To Be Done In The Next Financial Year - Principle6 Member,0.5187,Description Of Accounting Policy For Financial Guarantees Explanatory,0.5177
Does the company have programmes for listing designed to promote small businesses (MSME) and community development,Micro Small Medium Enterprises Domain,0.4717,Low Confidence (MHA),Whether Company Is Listed Company,0.4706,Name Supplier Being Micro Small Medium Enterprises,0.4561
Does the company index for social enterprises that target underserved or less privileged population segments,Whether Provisions Of Corporate Social Responsibility Are Applicable On Company,0.5111,Medium Confidence (MHA),Percentage Of Shares Held By Listed Entity - Holding Subsidiary Associate Companies And Joint Ventures Domain53,0.4757,Percentage Of Shares Held By Listed Entity - Holding Subsidiary Associate Companies And Joint Ventures Domain226,0.4667
Does the company have its products in compliance with BIS standards,Remarks For Assurance Of Whether CSRIs Applicable As Per Section135 Of Companies Act2013,0.5127,Medium Confidence (MHA),Whether CSRIs Applicable As Per Section135 Of Companies Act2013 Is Assured By Assurer,0.4957,Remarks For Assurance Of Compliance With Statutory Requirements Of Relevance To The Principles And Rectification Of Any Non Compliances,0.4945
Is the company adhering to Food Safety Standards and Processes,Remarks For Assurance Of Health And Safety Management System,0.5407,Medium Confidence (MHA),Remarks For Assurance Of Steps Taken To Inform And Educate Consumers About Safe And Responsible Usage Of Products And Or Services,0.5391,Whether An Occupational Health And Safety Management System Has Been Implemented By The Entity,0.5272
Description of actions and initiatives to promote access to healthcare products for priority diseases,Assurance Sub Type For Steps Taken To Inform And Educate Consumers About Safe And Responsible Usage Of Products And Or Services,0.4618,Low Confidence (MHA),Description Of The Risk Or Concern - Product Or Service Domain9,0.4603,Remarks For Assurance Of Steps Taken To Inform And Educate Consumers About Safe And Responsible Usage Of Products And Or Services,0.4589
Does the company focus on providing healthcare facilities to vulnerable portions of the population,Description Of The Risk Or Concern - Product Or Service Domain10,0.4771,Low Confidence (MHA),Description Of The Risk Or Concern - Product Or Service Domain5,0.4704,Description Of The Risk Or Concern - Product Or Service Domain6,0.4691
N-CAP Rating of 4 or 5 star?,Number Of Shares Issued In Public Offering,0.3631,Low Confidence (MHA),Whether There Are Any Shareholders Holding More Than Five Per Cent Shares In Company,0.3367,Number Of Shares Proposed To Be Issued,0.3209
"Is the company sourcing raw materials from the certified sustainable sources (such as global GAP, RSPO, Rainforest, FSC)",Does The Entity Have Procedures In Place For Sustainable Sourcing,0.6768,Medium Confidence (MHA),Remarks For Assurance Of The Entity Have Procedures In Place For Sustainable Sourcing And Percentage Of Inputs Were Sourced Sustainably,0.6576,Whether The Entity Have Procedures In Place For Sustainable Sourcing And Percentage Of Inputs Were Sourced Sustainably Is Assured By Assurer,0.6278
Do the farmers have access to PPE kits to prevent themselves from exposure to pesticides while handling wet green tobacco leaves which could lead to Green Tobacco Sickness,Percentage Of Health And Safety Practices Of Your Plants And Offices That Were Assessed P3,0.4788,Low Confidence (MHA),Remarks For Assurance Of Details Of Any Corrective Action Taken Or Underway To Address Safety Related Incidents Of Your Plants And Offices That Were Assessed,0.3921,Remarks For Assurance Of Assessments Of Your Plants And Offices That Were Assessed For The Year P5,0.3866
Does the company have any standards or programmes related to sustainable tobacco during their supply chain process,Does The Entity Have Procedures In Place For Sustainable Sourcing,0.5299,Medium Confidence (MHA),Whether Company Has Published Sustainability Report For The Financial Year,0.4829,Remarks For Assurance Of The Entity Have Procedures In Place For Sustainable Sourcing And Percentage Of Inputs Were Sourced Sustainably,0.4738
Are there any technicians appointed during the supply chain process to detect or monitor the agriculture or crop management process,Assurance Sub Type For Details Of Any Corrective Action Taken Or Underway To Address Safety Related Incidents Of Your Plants And Offices That Were Assessed,0.4278,Low Confidence (MHA),Whether Company Has Associates Which Are Yet To Commence Operations,0.4215,Does The Entity Have Procedures In Place For Sustainable Sourcing,0.4165
Existence of management process for ensuring quality and patient safety during clinical trials,Remarks For Assurance Of Health And Safety Management System,0.5224,Medium Confidence (MHA),Assurance Sub Type For Details Of Instances Of Product Recalls On Account Of Safety Issues,0.4148,Remarks For Assurance Of Details Of Instances Of Product Recalls On Account Of Safety Issues,0.4105
Provide information on project(s) for which ongoing Rehabilitation and Resettlements is being undertaken by the company,Remarks For Assurance Of Details Of Projects For Which Ongoing Rehabilitation And Resettlement Is Being Undertaken By Entity,0.8922,High Confidence (MHA),State Of Project - Projects For Rehabilitation And Resettlement35,0.883,State Of Project - Projects For Rehabilitation And Resettlement43,0.8825
How many patents were filed and granted during the current year,Basis Of Calculating Benefit Share - Intellectual Property17,0.4063,Low Confidence (MHA),Basis Of Calculating Benefit Share - Intellectual Property16,0.4059,Number Of Shares Proposed To Be Issued,0.4011
Does the company have due diligence process for sourcing minerals as raw materials,Does The Entity Have Procedures In Place For Sustainable Sourcing,0.5456,Medium Confidence (MHA),Whether The Entity Have Procedures In Place For Sustainable Sourcing And Percentage Of Inputs Were Sourced Sustainably Is Assured By Assurer,0.538,Remarks For Assurance Of The Entity Have Procedures In Place For Sustainable Sourcing And Percentage Of Inputs Were Sourced Sustainably,0.5294
Has the entity performed audit by DoT and maintain compliance with EMF radiation levels set by local regulations and ICNIRP,Is The Entity Compliant With The Applicable Environmental Law,0.5591,Medium Confidence (MHA),Remarks For Assurance Of Whether The Entity Compliant With The Applicable Environmental Law,0.554,Assurance Sub Type For Whether The Entity Compliant With The Applicable Environmental Law,0.5219
Does the organisation have Board Diversity Policy,Does The Entity Have Processes In Place To Avoid Or Manage Conflict Of Interests Involving Members Of The Board,0.5362,Medium Confidence (MHA),Number Of Female Board Of Directors,0.5093,Remarks For Assurance Of The Entity Have Processes In Place To Avoid Or Manage Conflict Of Interests Involving Members Of The Board,0.5007
Presence of policy on appointment and reappointment of board of directors,Reappointment Of Independent Directors As Per Section 14910 Explanatory,0.6343,Medium Confidence (MHA),Disclosure Of Policy Formulated By Nomination And Remuneration Committee Relating To Remuneration For Directors Key Managerial Personnels And Other Employees Explanatory,0.5709,Disclosure Of Appointment And Remuneration Of Director Or Managerial Personnel If Any In The Financial Year Explanatory,0.5508
Is the chairperson of the board an independent director?,Total Number Of Board Of Directors,0.6749,Medium Confidence (MHA),Commission To Directors,0.6698,Reappointment Of Independent Directors As Per Section 14910 Explanatory,0.6611
Does the company have separate roles for Chairman and CEO,Name Of Directors And Key Managerial Personnel,0.6054,Medium Confidence (MHA),Other Commission Key Managerial Personnel Or Director,0.5503,Directors And Key Managerial Personnel Domain,0.5452
Does the company have lead independent director on the board,Advance Due By Firms Or Companies In Which Any Director Is Partner Or Director,0.6155,Medium Confidence (MHA),Advance Due By Private Companies In Which Any Director Is Director,0.6145,Commission To Directors,0.6074
Does the company ensure effectiveness of the board through internal or external evaluation or assessment,Details Of Statement Indicating Manner In Which Formal Annual Evaluation Made By Board Of Its Performance And Of Its Committees And Individual Directors Explanatory,0.6374,Medium Confidence (MHA),Remarks For Assurance Of Whether The Entity Has Carried Out Independent Assessment Evaluation Of The Working Of Its Policies By An External Agency,0.6246,Has The Entity Carried Out Independent Assessment Evaluation Of The Working Of Its Policies By An External Agency - Principle1 Member,0.6012
Does the company have processes in place to avoid/manage conflicts of interest involving members of the Board,Does The Entity Have Processes In Place To Avoid Or Manage Conflict Of Interests Involving Members Of The Board,0.9008,High Confidence (MHA),Remarks For Assurance Of The Entity Have Processes In Place To Avoid Or Manage Conflict Of Interests Involving Members Of The Board,0.8282,Whether The Entity Have Processes In Place To Avoid Or Manage Conflict Of Interests Involving Members Of The Board Is Assured By Assurer,0.7851
Does the company conduct training and awareness programmes on any of the NGBRC principles for BOD,Remarks For Assurance Of Whether Your Entitys Policy Or Policies Cover Each Principle And Its Core Elements Of The NGRBCs,0.5566,Medium Confidence (MHA),Assurance Sub Type For Whether Your Entitys Policy Or Policies Cover Each Principle And Its Core Elements Of The NGRBCs,0.5268,Topics Or Principles Covered Under The Training And Its Impact - Employees Other Than Bo DAnd KMPs Segment Member,0.5064
Independence of Chairperson of committee (risk management),Assurance Sub Type For Whether The Entity Have ASpecified Committee Of The Board Or Director Responsible For Decision Making On Sustainability Related Issues,0.5037,Medium Confidence (MHA),Description Of Other Committee For Performance Against Above Policies And Follow Up Action - Principle1 Member,0.4996,Disclosure Of Policy Formulated By Nomination And Remuneration Committee Relating To Remuneration For Directors Key Managerial Personnels And Other Employees Explanatory,0.4969
Independence of Chairperson of committee (NRC),Disclosure Of Composition Of CSR Committee Explanatory,0.5147,Medium Confidence (MHA),Reappointment Of Independent Directors As Per Section 14910 Explanatory,0.5052,Disclosure Of Statement On Declaration Given By Independent Directors Under Sub Section 6 Of Section 149 Explanatory,0.487
Independence of Chairperson of committee (Audit),Disclosure Of Composition Of Audit Committee And Non Acceptance Of Any Recommendation Of Audit Committee Along With Reasons Explanatory,0.6306,Medium Confidence (MHA),Directors Comment On Company Secretary Qualification Or Observation Or Other Remarks In Secretarial Audit Report,0.4803,Reappointment Of Independent Directors As Per Section 14910 Explanatory,0.4733
Is there a claw back mechanism/policy for senior management/KMP,Number Of KMPs Against Whom Disciplinary Action Was Taken - Previous Year,0.4872,Low Confidence (MHA),Number Of KMPs Against Whom Disciplinary Action Was Taken,0.4823,Remarks In Case Complaints Received In Relation To Issues Of Conflict Of Interest Of The Kmps - Previous Year,0.4353
Is the independent director paid commissions/incentives other than the board sitting fees,Directors Sitting Fees,0.7387,High Confidence (MHA),Commission To Directors,0.6907,Commission To Directors Other Than Whole Time Director Or Managing Director Or Manager,0.6534
Is the variable pay of executives linked to sustainability or ESG parameters,Key Managerial Personnel Or Director Remuneration,0.485,Low Confidence (MHA),Profits In Lieu Of Salary Key Managerial Personnel Or Director,0.4763,Other Compensation Key Managerial Personnel Or Director,0.4746
Does the company have a policy for appointment or reappointment o auditors,Address Of Auditors,0.6364,Medium Confidence (MHA),Firms Registration Number Of Audit Firm,0.6086,Whether Companies Auditors Report Order Is Applicable On Company,0.5989
Discontinuation of auditors before end of term,Payments To Auditor,0.5285,Medium Confidence (MHA),Category Of Auditor,0.5065,Name Of Audit Firm,0.5029
Does the entity have a whistleblower policy,Does The Entity Have AFramework Or Policy On Cyber Security And Risks Related To Data Privacy,0.5511,Medium Confidence (MHA),Does The Entity Have ABusiness Continuity And Disaster Management Plan,0.5261,Does The Entity Have An Anti Corruption Or Anti Bribery Policy,0.5081
Is the whistleblower policy applicable to value chain,Remarks For Assurance Of Details Of Any Corrective Actions Taken Or Underway To Address Significant Risks Or Concerns Arising From The Assessments Of Value Chain Partner,0.5552,Medium Confidence (MHA),Grievance Redressal Mechanism In Place - Complaint Received From Value Chain Partners Member,0.5434,Disclosure Of Fair Value Measurement Of Liabilities Explanatory,0.5262
Does the entity have an anti corruption or anti bribery policy,Does The Entity Have An Anti Corruption Or Anti Bribery Policy,1.0,High Confidence (MHA),Details For The Entity Have Not Applicable An Anti Corruption Or Anti Bribery Policy Explanatory Text Block,0.8116,Remarks For Assurance Of Details And Weblink Of An Anti Corruption Or Anti Bribery Policy Is Place,0.7815
Does the company have code of conduct policy,Provide Details Of The Non Compliance - Law Or Regulation Or Guidelines10,0.5437,Medium Confidence (MHA),Provide Details Of The Non Compliance - Law Or Regulation Or Guidelines14,0.5413,Provide Details Of The Non Compliance - Law Or Regulation Or Guidelines7,0.5408
Does the company have a policy on anti-money laundering and/or insider trading/dealing,Does The Entity Have An Anti Corruption Or Anti Bribery Policy,0.5016,Medium Confidence (MHA),Cash Flows Used In Obtaining Control Of Subsidiaries Or Other Businesses Classified As Investing Activities,0.4696,Disclosure Of Significant Investments In Subsidiaries Explanatory,0.4625
"Does the company provide training on code of conduct, anti corruption, and anti bribery policies to the employee",Does The Entity Have An Anti Corruption Or Anti Bribery Policy,0.6494,Medium Confidence (MHA),Remarks For Assurance Of Details Of Training Given To Employees And Workers,0.6193,Remarks For Assurance Of Details And Weblink Of An Anti Corruption Or Anti Bribery Policy Is Place,0.603
How does the company ensure that the minority shareholders effectively protect their interest and rights within company,Proportion Of Ownership Interest In Subsidiary,0.5495,Medium Confidence (MHA),Shares In Company Held By Subsidiaries Of Its Holding Company,0.5377,Shareholders Name,0.5365
Has the company undergone any fines/penalties/punishments/award/compunding fees/settlement amount paid in proceedings with regulators/law enforcement agencies/judicial institution during the financial year,Payment For Company Law Matters,0.5836,Medium Confidence (MHA),Remarks For Assurance Of Details Of Fines Or Penalties Or Punishment Or Award Or Compounding Fees Or Settlement,0.5604,Whether Details Of Fines Or Penalties Or Punishment Or Award Or Compounding Fees Or Settlement Is Assured By Assurer,0.5588
Does the company implement a comprehensive framework or Enterprise Risk Management framework,Description Of Objectives Policies And Processes For Managing Risk,0.5544,Medium Confidence (MHA),Changes In Objectives Policies And Processes For Managing Risk,0.5339,Disclosure Of Statement On Development And Implementation Of Risk Management Policy Explanatory,0.5271
"Has the company taken any corrective action or underway on any issues related to anti competitive model, based on adverse orders from regulatory authorities? If yes, provide details",Remarks For Assurance Of Details Of Corrective Action Taken Or Underway On Any Issues Related To Anti Competitive Conduct By The Entity Based On Adverse Orders From Regulatory Authorities,0.7701,High Confidence (MHA),Whether Details Of Corrective Action Taken Or Underway On Any Issues Related To Anti Competitive Conduct By The Entity Based On Adverse Orders From Regulatory Authorities Is Assured By Assurer,0.7219,Corrective Action Taken For Any Issues Related To Anti Competitive Conduct By The Entity - Issues Related To Anti Competitive2,0.6502
Does the entity have a business continuity and disaster management plan,Does The Entity Have ABusiness Continuity And Disaster Management Plan,0.8995,High Confidence (MHA),Remarks For Assurance Of Whether The Entity Have ABusiness Continuity And Disaster Management Plan,0.8112,Disclosure Web Link Of Entity At Which Business Continuity And Disaster Management Plan Is Placed,0.7408
Does the company have ESG or Sustainability or BRSR policy,Whether The Company Has Undertaken Assessment Or Assurance Of The BRSRCore,0.6439,Medium Confidence (MHA),Whether The Company Has Undertaken Reasonable Assurance Of The BRSRCore,0.5997,Does The Entity Have Procedures In Place For Sustainable Sourcing,0.5429
Does the company perform materiality assessment and identify material ESG issues,Whether The Company Has Undertaken Assessment Or Assurance Of The BRSRCore,0.506,Medium Confidence (MHA),Material Issue Identified - Entitys Material Responsible Business Conduct Issues Domain37,0.5025,Material Issue Identified - Entitys Material Responsible Business Conduct Issues Domain20,0.4979
Does the company conduct assurance for its ESG or sustainability data through a third party or external agency,Name Of The External Agency If Any Independent Assessment Or Evaluation Or Assurance Has Been Carried Out By An External Agency For Air Emissions Other Than GHGEmissions Explanatory Text Block,0.6355,Medium Confidence (MHA),Assurance Sub Type For Whether The Entity Has Carried Out Independent Assessment Evaluation Of The Working Of Its Policies By An External Agency,0.6199,Whether Conducted By Independent External Agency - The Entity Conducted Life Cycle Perspective Or Assessments Domain3,0.6088
Does the company conduct assurance for its suppliers’ ESG or sustainability data through a third party or external agency,Name Of The External Agency If Any Independent Assessment Or Evaluation Or Assurance Has Been Carried Out By An External Agency For Air Emissions Other Than GHGEmissions Explanatory Text Block,0.6222,Medium Confidence (MHA),Indicate If Any Independent Assessment Or Evaluation Or Assurance Has Been Carried Out By An External Agency For Air Emissions Other Than GHGEmissions,0.5985,Assurance Sub Type For Whether The Entity Has Carried Out Independent Assessment Evaluation Of The Working Of Its Policies By An External Agency,0.5977
Does the company have a highest authority responsible for implementation and oversight of the Business Responsibility(ies) and ESG policy,Remarks For Assurance Of Details Of The Highest Authority Responsible For Implementation And Oversight Of The Business Responsibility Policy,0.7325,High Confidence (MHA),Whether Details Of The Highest Authority Responsible For Implementation And Oversight Of The Business Responsibility Policy Is Assured By Assurer,0.7029,Details Of The Highest Authority Responsible For Implementation And Oversight Of The Business Responsibility Policy Explanatory Text Block,0.6763
Does the company have a specified committee of the board/director responsible for decision making on sustainability related issues (Y/N),Does The Entity Have ASpecified Committee Of The Board Or Director Responsible For Decision Making On Sustainability Related Issues,0.8944,High Confidence (MHA),Remarks For Assurance Of Whether The Entity Have ASpecified Committee Of The Board Or Director Responsible For Decision Making On Sustainability Related Issues,0.8531,Details Of Specified Committee Of The Board Or Director Responsible For Decision Making On Sustainability Related Issues Explanatory Text Block,0.7892
Were there any promotor sponsored resolutoins that were defeated during the current FY,Whether There Are Any Service Concession Arrangments,0.3005,Low Confidence (MHA),Name Of Authority - Issues Related To Anti Competitive1,0.29,Name Of Authority - Issues Related To Anti Competitive2,0.2843
Does the company follow GRI standards,Whether The Company Has Undertaken Assessment Or Assurance Of The BRSRCore,0.4473,Low Confidence (MHA),Whether The Company Has Undertaken Reasonable Assurance Of The BRSRCore,0.4445,Whether Complaints Or Grievances On Any Of The Principles Under The National Guidelines On Responsible Business Conduct Is Assured By Assurer,0.4347
Is the company aligned with SDGs? Does the company set targets according  to SDGs,Does Company Participate In The Business Responsibility Initiatives Of The Listed Entity - Holding Subsidiary Associate Companies And Joint Ventures Domain210,0.4822,Low Confidence (MHA),Does Company Participate In The Business Responsibility Initiatives Of The Listed Entity - Holding Subsidiary Associate Companies And Joint Ventures Domain220,0.4799,Does Company Participate In The Business Responsibility Initiatives Of The Listed Entity - Holding Subsidiary Associate Companies And Joint Ventures Domain160,0.479
Is your company a signatory/participant of the United Nations Global Compact,Whether There Are Unconsolidated Subsidiaries,0.4513,Low Confidence (MHA),Does Company Participate In The Business Responsibility Initiatives Of The Listed Entity - Holding Subsidiary Associate Companies And Joint Ventures Domain177,0.4397,Does Company Participate In The Business Responsibility Initiatives Of The Listed Entity - Holding Subsidiary Associate Companies And Joint Ventures Domain297,0.4395
Does the company have affiliatoins with trade and indsutry chambers/associations,Name Of The Trade And Industry Chambers Or Associations - Industry Chambers Or Associations7 Member,0.6086,Medium Confidence (MHA),Name Of The Trade And Industry Chambers Or Associations - Industry Chambers Or Associations10 Member,0.6035,Name Of The Trade And Industry Chambers Or Associations - Industry Chambers Or Associations8 Member,0.6025
"Has the company advocated any public policy positions? If yes, provide details",Remarks For Assurance Of Details Of Public Policy Positions Advocated By The Entity,0.7303,High Confidence (MHA),Web Link Public Policy Position Advocated - Public Policy29,0.6827,Web Link Public Policy Position Advocated - Public Policy34,0.6789
Does the company disclose ESG engagement with investee company,Whether Company Has Invested In Joint Ventures,0.5247,Medium Confidence (MHA),Details Of Other Frequency Of Engagement - Stake Holder Groups Domain18,0.5136,Details Of Other Frequency Of Engagement - Stake Holder Groups Domain36,0.5135
Does the entity have stewardship code,Is The Entity Compliant With The Applicable Environmental Law,0.4914,Low Confidence (MHA),Has The Entity Conducted Life Cycle Perspective Or Assessments For Any Of Its Products Or For Its Services,0.4843,Do The Employees Or Worker Of The Entity Have Access To Non Occupational Medical And Healthcare Services,0.4788
Is there a policy on related party transactions,Description Of Nature Of Transactions With Related Party,0.7648,High Confidence (MHA),Description Of Accounting Policy For Transactions With Related Parties Explanatory,0.7307,Other Related Party Transactions Expense,0.71
Disclosure of transactions with related parties during the year which are more than 10% of the revenue,Disclosure Of Transactions Between Related Parties Explanatory,0.7639,High Confidence (MHA),Disclosure In Auditors Report Relating To Transactions With Related Parties,0.7462,Disclosure Of Revenue Explanatory,0.7268
