question_id,original_question_text,combined_query,global_optimal_match,optimal_score,alt_match_1,alt_score_1,alt_match_2,alt_score_2,alt_match_3,alt_score_3,confidence_flag,final_selected_column,true_bm25_score,ncd_score,p_value,verification_status
Q_TURNOVER,Turnover,Turnover,Retention Rates Permanent Employees That Took Parental Leave - Other Gender Member,15.4034,Retention Rates Permanent Employees That Took Parental Leave - Male Member,15.9665,Retention Rates Permanent Employees That Took Parental Leave - Gender Member,15.9665,Retention Rates Permanent Employees That Took Parental Leave - Female Member,15.9665,Low Confidence,Retention Rates Permanent Employees That Took Parental Leave - Other Gender Member,0.0,0.8642,1.0,Failed Verification
Q_NET_WORTH,Net Worth,Net Worth,Net Worth,27.9789,Net Worth,27.9789,Web Link Public Policy Position Advocated - Public Policy38,0.0,Water Discharge To Groundwater Per Area - Facility Or Plant Located In Areas Of Water Stress Domain5,0.0,High Confidence,Net Worth,27.7306,0.1176,0.0,Mathematically Verified
Q_RND_PCT,Percentage Of RAnd D,Percentage Of RAnd D,Percentage Of RAnd D,25.3286,Percentage Of RAnd D,25.3286,Percentage Of RAnd D - Previous Year,23.2483,Remarks For Assurance Of Percentage Of RAnd DAnd Capital Expenditure Investments In Specific Technologies,17.9395,High Confidence,Percentage Of RAnd D,24.8792,0.1071,0.0,Mathematically Verified
Q_ANTI_CORRUPTION,Does The Entity Have An Anti Corruption Or Anti Bribery Policy,Does The Entity Have An Anti Corruption Or Anti Bribery Policy,Details For The Entity Have Not Applicable An Anti Corruption Or Anti Bribery Policy Explanatory Text Block,33.8475,Does The Entity Have An Anti Corruption Or Anti Bribery Policy,43.9274,Details For The Entity Have Not Applicable An Anti Corruption Or Anti Bribery Policy Explanatory Text Block,33.8475,Anti Corruption Or Anti Bribery Policy Explanatory Text Block,29.429,High Confidence,Details For The Entity Have Not Applicable An Anti Corruption Or Anti Bribery Policy Explanatory Text Block,42.1335,0.4388,0.0,Mathematically Verified
Q1,What is the scope 1 and scope 2 emissions intensity for the current year?,What is the scope 1 and scope 2 emissions intensity for the current year? Number Of Employees In The Company At The End Of The Financial Year,Total Scope1 And Scope2 Emissions Intensity Per Rupee Of Turnover,26.4143,Total Scope1 And Scope2 Emissions Intensity The Relevant Metric May Be Selected By The Entity,27.6076,Total Scope1 And Scope2 Emissions Intensity In Term Of Physical Output,27.3716,Total Scope1 And Scope2 Emissions Intensity Per Rupee Of Turnover,26.4143,Ambiguous,Total Scope1 And Scope2 Emissions Intensity Per Rupee Of Turnover,12.0004,0.6949,0.002,Weak Match - Review
Q2,What is the scope 3 emissions intensity for the current year?,What is the scope 3 emissions intensity for the current year? Number Of Employees In The Company At The End Of The Financial Year,Whether Total Scope3 Emissions And Its Intensity Is Applicable To The Company,23.881,Whether Details Of Employees As At The End Of Financial Year Is Assured By Assurer,23.9238,Total Scope3 Emission Intensity The Relevant Metric May Be Selected By The Entity,23.9138,Whether Total Scope3 Emissions And Its Intensity Is Applicable To The Company,23.881,Ambiguous,Whether Total Scope3 Emissions And Its Intensity Is Applicable To The Company,22.2092,0.6195,0.0,Weak Match - Review
Q3,What was the Total Scope 1 and 2 intensity (Current Year) (Unit: Metric Tonne) - Physical Output?,What was the Total Scope 1 and 2 intensity (Current Year) (Unit: Metric Tonne) - Physical Output? unit Denominator,Total Scope1 And Scope2 Emissions Intensity In Term Of Physical Output,38.1727,Total Scope1 And Scope2 Emissions Intensity In Term Of Physical Output,38.1727,Total Scope1 And Scope2 Emissions Intensity The Relevant Metric May Be Selected By The Entity,26.437,Waste Intensity In Term Of Physical Output,25.5586,High Confidence,Total Scope1 And Scope2 Emissions Intensity In Term Of Physical Output,23.929,0.633,0.0,Weak Match - Review
Q4,What is the scope 1 and scope 2 emissions intensity in terms of purchasing power parity for the current year?,What is the scope 1 and scope 2 emissions intensity in terms of purchasing power parity for the current year? Number Of Employees In The Company At The End Of The Financial Year,Total Scope1 And Scope2 Emissions Intensity Per Rupee Of Turnover Adjusted For Purchasing Power Parity,42.9276,Total Scope1 And Scope2 Emissions Intensity Per Rupee Of Turnover Adjusted For Purchasing Power Parity,42.9276,Total Scope1 And Scope2 Emissions Intensity In Term Of Physical Output,34.4871,Waste Intensity Per Rupee Of Turnover Adjusting For Purchasing Power Parity,31.0467,High Confidence,Total Scope1 And Scope2 Emissions Intensity Per Rupee Of Turnover Adjusted For Purchasing Power Parity,31.0409,0.6594,0.0,Weak Match - Review
Q5,What are the total PM emissions for the Current Year (Unit: Metric Tonne)?,What are the total PM emissions for the Current Year (Unit: Metric Tonne)? Whether There Are Changes In Acounting Estimates During The Year,Total Scope3 Emission Intensity The Relevant Metric May Be Selected By The Entity,19.5989,Total Scope3 Emission Intensity The Relevant Metric May Be Selected By The Entity,19.5989,Number Of Complaints Filed During The Year - Discrimination At Work Place Member,19.2747,Total Scope1 And Scope2 Emissions Intensity The Relevant Metric May Be Selected By The Entity,17.9212,Ambiguous,Total Scope3 Emission Intensity The Relevant Metric May Be Selected By The Entity,14.1205,0.6923,0.0,Weak Match - Review
Q6,What are the total SOx emissions for the Current Year (Unit: Metric Tonne)?,What are the total SOx emissions for the Current Year (Unit: Metric Tonne)? Whether There Are Changes In Acounting Estimates During The Year,SOx,24.8055,SOx,24.8055,Total Scope3 Emission Intensity The Relevant Metric May Be Selected By The Entity,19.5989,Number Of Complaints Filed During The Year - Discrimination At Work Place Member,19.2747,High Confidence,SOx,13.8086,0.925,0.006,Failed Verification
Q7,What are the total NOx emissions for the Current Year (Unit: Metric Tonne)?,What are the total NOx emissions for the Current Year (Unit: Metric Tonne)? Whether There Are Changes In Acounting Estimates During The Year,NOx,25.3542,NOx,25.3542,Number Of Complaints Filed During The Year - Discrimination At Work Place Member,21.4163,Total Scope3 Emission Intensity The Relevant Metric May Be Selected By The Entity,19.5989,High Confidence,NOx,13.8086,0.9167,0.014,Failed Verification
Q8,What is the water intensity per rupee of turnover in crores for the Current Year? (in kilolitres),What is the water intensity per rupee of turnover in crores for the Current Year? (in kilolitres) Number Of Employees In The Company At The End Of The Financial Year,Water Intensity Per Rupee Of Turnover,27.1056,Water Intensity Per Rupee Of Turnover,27.1056,Whether Water Withdrawal Or Consumption And Discharge In Areas Of Water Stress In Kilolitres Is Assured By Assurer,25.4427,Remarks For Assurance Of Water Withdrawal Or Consumption And Discharge In Areas Of Water Stress In Kilolitres,25.0171,High Confidence,Water Intensity Per Rupee Of Turnover,25.8441,0.7923,0.0,Failed Verification
Q9,What is the % of untreated water discharge?,What is the % of untreated water discharge? Cost Water Charges,Whether Water Withdrawal Or Consumption And Discharge In Areas Of Water Stress In Kilolitres Is Assured By Assurer,18.0904,Whether Water Withdrawal Or Consumption And Discharge In Areas Of Water Stress In Kilolitres Is Assured By Assurer,18.0904,Remarks For Assurance Of Water Withdrawal Or Consumption And Discharge In Areas Of Water Stress In Kilolitres,16.2496,Assurance Sub Type For Water Withdrawal Or Consumption And Discharge In Areas Of Water Stress In Kilolitres,15.6031,High Confidence,Whether Water Withdrawal Or Consumption And Discharge In Areas Of Water Stress In Kilolitres Is Assured By Assurer,12.3987,0.7041,0.0,Failed Verification
Q10,What is the total volume of fresh water withdrawal (in kilolitres) for the Current Year?,What is the total volume of fresh water withdrawal (in kilolitres) for the Current Year? Number Of Employees In The Company At The End Of The Financial Year,Total Volume Of Water Withdrawal,22.6962,Whether Water Withdrawal Or Consumption And Discharge In Areas Of Water Stress In Kilolitres Is Assured By Assurer,25.4427,Remarks For Assurance Of Water Withdrawal Or Consumption And Discharge In Areas Of Water Stress In Kilolitres,25.0171,Assurance Sub Type For Water Withdrawal Or Consumption And Discharge In Areas Of Water Stress In Kilolitres,24.3707,Ambiguous,Total Volume Of Water Withdrawal,21.5155,0.8047,0.0,Failed Verification
Q11,What is the total volume of fresh water discharge (in kilolitres) for the Current Year?,What is the total volume of fresh water discharge (in kilolitres) for the Current Year? Number Of Employees In The Company At The End Of The Financial Year,Total Volume Of Water Consumption,23.5472,Whether Water Withdrawal Or Consumption And Discharge In Areas Of Water Stress In Kilolitres Is Assured By Assurer,25.4427,Remarks For Assurance Of Water Withdrawal Or Consumption And Discharge In Areas Of Water Stress In Kilolitres,25.0171,Assurance Sub Type For Water Withdrawal Or Consumption And Discharge In Areas Of Water Stress In Kilolitres,24.3707,Ambiguous,Total Volume Of Water Consumption,15.9198,0.814,0.0,Failed Verification
Q12,What is the total volume of water consumed (in kilolitres) in areas of water stress for the Current Year?,What is the total volume of water consumed (in kilolitres) in areas of water stress for the Current Year? Cost Water Charges,Remarks For Assurance Of Water Withdrawal Or Consumption And Discharge In Areas Of Water Stress In Kilolitres,29.8797,Whether Water Withdrawal Or Consumption And Discharge In Areas Of Water Stress In Kilolitres Is Assured By Assurer,30.1677,Remarks For Assurance Of Water Withdrawal Or Consumption And Discharge In Areas Of Water Stress In Kilolitres,29.8797,Assurance Sub Type For Water Withdrawal Or Consumption And Discharge In Areas Of Water Stress In Kilolitres,29.2332,Ambiguous,Remarks For Assurance Of Water Withdrawal Or Consumption And Discharge In Areas Of Water Stress In Kilolitres,26.9712,0.6531,0.0,Weak Match - Review
Q13,What is the total effluent discharge in the Current Year?,What is the total effluent discharge in the Current Year? Number Of Employees In The Company At The End Of The Financial Year,It Is Planned To Be Done In The Next Financial Year - Principle8 Member,18.0246,Whether Details Of Employees As At The End Of Financial Year Is Assured By Assurer,23.9238,Remarks For Assurance Of Details Of Employees As At The End Of Financial Year,21.7549,Assurance Sub Type For Details Of Employees As At The End Of Financial Year,21.3935,High Confidence,It Is Planned To Be Done In The Next Financial Year - Principle8 Member,22.6864,0.6204,0.0,Weak Match - Review
Q14,How much was the Water intensity in Current Year (in kilolitres) for physical output?,How much was the Water intensity in Current Year (in kilolitres) for physical output? Cost Water Charges,Water Intensity In Term Of Physical Output,31.0295,Water Intensity In Term Of Physical Output,31.0295,Energy Intensity In Term Of Physical Output,27.7507,Waste Intensity In Term Of Physical Output,27.7507,High Confidence,Water Intensity In Term Of Physical Output,34.3258,0.7113,0.0,Failed Verification
Q15,What is the water intensity per rupee of turnover adjusted for Purchasing Power Parity in crores Current Year (in kilolitres) - PPP?,What is the water intensity per rupee of turnover adjusted for Purchasing Power Parity in crores Current Year (in kilolitres) - PPP? Whether There Is Any Change In Functional Currency During The Year,Water Intensity Per Rupee Of Turnover Adjusting For Purchasing Power Parity,46.6543,Water Intensity Per Rupee Of Turnover Adjusting For Purchasing Power Parity,46.6543,Energy Intensity Per Rupee Of Turnover Adjusting For Purchasing Power Parity,43.838,Waste Intensity Per Rupee Of Turnover Adjusting For Purchasing Power Parity,43.838,High Confidence,Water Intensity Per Rupee Of Turnover Adjusting For Purchasing Power Parity,44.2561,0.6732,0.0,Weak Match - Review
Q16,What is the energy intensity turnover for the current year?,What is the energy intensity turnover for the current year? Steps Taken By The Company For Utilising Alternate Sources Of Energy Explanatory,Whether Turnover Rate For Permanent Employees And Workers Disclose Trends For Past Three Years Is Assured By Assurer,24.6761,Energy Intensity Per Rupee Of Turnover Adjusting For Purchasing Power Parity,25.23,Whether Turnover Rate For Permanent Employees And Workers Disclose Trends For Past Three Years Is Assured By Assurer,24.6761,Total Fuel Consumption From Renewable Sources,23.7763,Ambiguous,Whether Turnover Rate For Permanent Employees And Workers Disclose Trends For Past Three Years Is Assured By Assurer,11.5513,0.6983,0.0,Weak Match - Review
Q17,Percentage of energy consumed from renewable sources?,Percentage of energy consumed from renewable sources? Raw Materials Consumed,Total Energy Consumed From Renewable And Non Renewable Sources,31.3422,Total Energy Consumed From Renewable Sources,32.9606,Total Energy Consumed From Non Renewable Sources,31.6071,Total Energy Consumed From Renewable And Non Renewable Sources,31.3422,High Confidence,Total Energy Consumed From Renewable And Non Renewable Sources,38.9299,0.52,0.0,Weak Match - Review
Q18,What is the energy intensity in terms of physical output?,What is the energy intensity in terms of physical output? Steps Taken By The Company For Utilising Alternate Sources Of Energy Explanatory,Energy Intensity In Term Of Physical Output,42.9809,Energy Intensity In Term Of Physical Output,42.9809,Energy Intensity In Term Of Physical Output - Previous Year,39.7188,Water Intensity In Term Of Physical Output,36.6194,High Confidence,Energy Intensity In Term Of Physical Output,38.5073,0.7521,0.0,Failed Verification
Q19,What is the energy intensity adjusted for Purchasing Power Parity for Current Year?,What is the energy intensity adjusted for Purchasing Power Parity for Current Year? Steps Taken By The Company For Utilising Alternate Sources Of Energy Explanatory,Energy Intensity Per Rupee Of Turnover Adjusting For Purchasing Power Parity,36.5107,Energy Intensity Per Rupee Of Turnover Adjusting For Purchasing Power Parity,36.5107,Total Scope1 And Scope2 Emissions Intensity Per Rupee Of Turnover Adjusted For Purchasing Power Parity,33.0355,Water Intensity Per Rupee Of Turnover Adjusting For Purchasing Power Parity,31.0467,High Confidence,Energy Intensity Per Rupee Of Turnover Adjusting For Purchasing Power Parity,42.9178,0.6212,0.0,Weak Match - Review
Q20,What is the waste intensity adjusted for Purchasing Power Parity for Current Year?,What is the waste intensity adjusted for Purchasing Power Parity for Current Year? Whether Company Has Published Sustainability Report For The Financial Year,Waste Intensity Per Rupee Of Turnover Adjusting For Purchasing Power Parity,33.8807,Waste Intensity Per Rupee Of Turnover Adjusting For Purchasing Power Parity,33.8807,Total Scope1 And Scope2 Emissions Intensity Per Rupee Of Turnover Adjusted For Purchasing Power Parity,31.6383,Water Intensity Per Rupee Of Turnover Adjusting For Purchasing Power Parity,29.3538,High Confidence,Waste Intensity Per Rupee Of Turnover Adjusting For Purchasing Power Parity,36.507,0.627,0.0,Weak Match - Review
Q21,How much was the hazardous waste for the current year (in metric tonnes)?,How much was the hazardous waste for the current year (in metric tonnes)? Number Of Employees In The Company At The End Of The Financial Year,Describe The Processes In Place To Safely Reclaim Your Products For Reusing Recycling And Disposing At The End Of Life For Hazardous Waste Explanatory Text Block,18.9022,Remarks For Assurance Of Details Of Employees As At The End Of Financial Year,26.7634,Assurance Sub Type For Details Of Employees As At The End Of Financial Year,26.402,Whether Details Of Employees As At The End Of Financial Year Is Assured By Assurer,24.3109,Ambiguous,Describe The Processes In Place To Safely Reclaim Your Products For Reusing Recycling And Disposing At The End Of Life For Hazardous Waste Explanatory Text Block,25.1091,0.6794,0.0,Weak Match - Review
Q22,What is the waste recycled/recovered intensity for the current year?,What is the waste recycled/recovered intensity for the current year? Number Of Employees In The Company At The End Of The Financial Year,Whether Describe The Processes In Place To Safely Reclaim Your Products For Reusing Recycling And Disposing At The End Of Life For Plastics Including Packaging EWaste Hazardous Waste And Other Waste Is Assured By Assurer,19.871,Whether Details Of Employees As At The End Of Financial Year Is Assured By Assurer,23.9238,Waste Recovered Through Recycled,23.3311,Remarks For Assurance Of Details Of Employees As At The End Of Financial Year,23.0901,Ambiguous,Whether Describe The Processes In Place To Safely Reclaim Your Products For Reusing Recycling And Disposing At The End Of Life For Plastics Including Packaging EWaste Hazardous Waste And Other Waste Is Assured By Assurer,19.8749,0.7436,0.0,Failed Verification
Q23,Percentage of recycled or reused input material used in production (for manufacturing industry) or providing services (for service industry),Percentage of recycled or reused input material used in production (for manufacturing industry) or providing services (for service industry) Type Of Industry,Remarks For Assurance Of Details Of Percentage Of Recycled Or Reused Input Material To Total Material By Value Used In Production Or Providing Services,39.1277,Remarks For Assurance Of Details Of Percentage Of Recycled Or Reused Input Material To Total Material By Value Used In Production Or Providing Services,39.1277,Indicate In Put Material - Recycled Or Reused Input Material Used In Production Or Providing Services Domain8,38.6461,Indicate In Put Material - Recycled Or Reused Input Material Used In Production Or Providing Services Domain5,38.6461,Ambiguous,Remarks For Assurance Of Details Of Percentage Of Recycled Or Reused Input Material To Total Material By Value Used In Production Or Providing Services,37.1303,0.5702,0.0,Weak Match - Review
Q24,What was the total waste intensity (current year) (Unit: Metric Tonne) - Physical Output?,What was the total waste intensity (current year) (Unit: Metric Tonne) - Physical Output? unit Denominator,Waste Intensity In Term Of Physical Output,30.8291,Waste Intensity In Term Of Physical Output,30.8291,Energy Intensity In Term Of Physical Output,25.5586,Water Intensity In Term Of Physical Output,25.5586,High Confidence,Waste Intensity In Term Of Physical Output,28.2808,0.6832,0.0,Weak Match - Review
Q25,What is the waste intensity adjusted for Purchasing Power Parity for the current year?,What is the waste intensity adjusted for Purchasing Power Parity for the current year? Whether Company Has Published Sustainability Report For The Financial Year,Waste Recovered Through Recycled,23.3311,Waste Intensity Per Rupee Of Turnover Adjusting For Purchasing Power Parity,33.8807,Total Scope1 And Scope2 Emissions Intensity Per Rupee Of Turnover Adjusted For Purchasing Power Parity,31.6383,Water Intensity Per Rupee Of Turnover Adjusting For Purchasing Power Parity,29.3538,High Confidence,Waste Recovered Through Recycled,6.0401,0.8583,0.044,Failed Verification
Q26,Turnover of products and/or services as a percentage of turnover from all products/service that carry information about the safe and responsible usage?,Turnover of products and/or services as a percentage of turnover from all products/service that carry information about the safe and responsible usage? Products And Services Domain,Remarks For Assurance Of Turnover Of Products And Or Services As APercentage Of Turnover From All Products Or Service That Carry Information About As APercentage To Total Turnover,45.7362,Remarks For Assurance Of Turnover Of Products And Or Services As APercentage Of Turnover From All Products Or Service That Carry Information About As APercentage To Total Turnover,45.7362,Assurance Sub Type For Turnover Of Products And Or Services As APercentage Of Turnover From All Products Or Service That Carry Information About As APercentage To Total Turnover,45.3533,Whether Turnover Of Products And Or Services As APercentage Of Turnover From All Products Or Service That Carry Information About As APercentage To Total Turnover Is Assured By Assurer,43.6791,Ambiguous,Remarks For Assurance Of Turnover Of Products And Or Services As APercentage Of Turnover From All Products Or Service That Carry Information About As APercentage To Total Turnover,60.4095,0.5781,0.0,Weak Match - Review
Q27,What is the clinker factor ratio?,What is the clinker factor ratio? Description Of How Entity Establishes Hedge Ratio And What Sources Of Hedge Ineffectiveness Are,Whether Specific Commitments Goals And Targets Set By The Entity With Defined Timelines Is Assured By Assurer,11.8059,Whether Specific Commitments Goals And Targets Set By The Entity With Defined Timelines Is Assured By Assurer,11.8059,Whether Weblink Where Information On Products And Services Of The Entity Can Be Accessed Is Assured By Assurer,11.803,Remarks For Assurance Of Whether The Entity Display Product Information On The Product Over And Above What Is Mandated As Per Local Laws,11.7774,Low Confidence,Whether Specific Commitments Goals And Targets Set By The Entity With Defined Timelines Is Assured By Assurer,6.6937,0.7091,0.01,Failed Verification
Q28,What is fly ash % utilisation in current year?,What is fly ash % utilisation in current year? Amount Provided In Current Year,It Is Planned To Be Done In The Next Financial Year - Principle7 Member,12.2885,It Is Planned To Be Done In The Next Financial Year - Principle2 Member,12.2885,It Is Planned To Be Done In The Next Financial Year - Principle7 Member,12.2885,It Is Planned To Be Done In The Next Financial Year - Principle8 Member,12.2885,Low Confidence,It Is Planned To Be Done In The Next Financial Year - Principle7 Member,11.3694,0.641,0.002,Weak Match - Review
Q29,Is the company investing in new generation aircraft fleet? Has the number increased as compared to previous year?,Is the company investing in new generation aircraft fleet? Has the number increased as compared to previous year? Number Of Employees In The Company At The End Of The Financial Year,Whether Details Of Employees As At The End Of Financial Year Is Assured By Assurer,27.4835,Whether Details Of Employees As At The End Of Financial Year Is Assured By Assurer,27.4835,Remarks For Assurance Of Details Of Employees As At The End Of Financial Year,25.4281,Assurance Sub Type For Details Of Employees As At The End Of Financial Year,25.0668,High Confidence,Whether Details Of Employees As At The End Of Financial Year Is Assured By Assurer,33.0057,0.6324,0.0,Weak Match - Review
Q30,"What percentage of the total virgin raw material does the company produced and/or purchased covered by FSC, PEFC and/or SFI certification?","What percentage of the total virgin raw material does the company produced and/or purchased covered by FSC, PEFC and/or SFI certification? Disclosure In Auditors Report Relating To Fraud By The Company Or On The Company By Its Officers Or Its Employees Reported During Period",What Percentage Of Total Procurement By Value Does It Constitute,25.3718,What Percentage Of Total Procurement By Value Does It Constitute,25.3718,Does The Entity Display Product Information On The Product Over And Above What Is Mandated As Per Local Laws,19.7056,Remarks For Assurance Of APreferential Procurement Policy Where Preference To Purchase From Suppliers Comprising Marginalized Or Vulnerable Groups And Its Percentage Of Total Procurement By Value Does It Constitute,18.5564,High Confidence,What Percentage Of Total Procurement By Value Does It Constitute,23.1797,0.8103,0.0,Failed Verification
Q31,Total Lost time incident rate (LTIR)_Workers?,Total Lost time incident rate (LTIR)_Workers? Discount Rate Used To Reflect Time Value Of Money Regulatory Deferral Account Balances,Lost Time Injury Frequency Rate Per One Million Person Hours Worked - Workers Member,25.8837,Lost Time Injury Frequency Rate Per One Million Person Hours Worked - Workers Member,25.8837,Lost Time Injury Frequency Rate Per One Million Person Hours Worked - Workers Member - Previous Year,24.2836,Lost Time Injury Frequency Rate Per One Million Person Hours Worked - Employees Member,23.5254,High Confidence,Lost Time Injury Frequency Rate Per One Million Person Hours Worked - Workers Member,35.5775,0.7009,0.0,Failed Verification
Q32,Total Lost time incident rate (LTIR)_Employees?,Total Lost time incident rate (LTIR)_Employees? Commission Employees,Lost Time Injury Frequency Rate Per One Million Person Hours Worked - Employees Member,25.855,Lost Time Injury Frequency Rate Per One Million Person Hours Worked - Employees Member,25.855,Lost Time Injury Frequency Rate Per One Million Person Hours Worked - Employees Member - Previous Year,24.2566,Turnover Rate - Male Member - Permanent Employees Member,9.4569,High Confidence,Lost Time Injury Frequency Rate Per One Million Person Hours Worked - Employees Member,25.022,0.6628,0.0,Weak Match - Review
Q33,Total recordable work related injuries for employees as a % of the total employees in the company,Total recordable work related injuries for employees as a % of the total employees in the company Number Of Employees In The Company At The End Of The Financial Year,Total Recordable Work Related Injuries - Employees Member,35.582,Total Recordable Work Related Injuries - Employees Member,35.582,Total Recordable Work Related Injuries - Employees Member - Previous Year,35.3173,Remarks For Assurance Of Details Of Employees As At The End Of Financial Year,26.7634,Ambiguous,Total Recordable Work Related Injuries - Employees Member,46.1237,0.6911,0.0,Weak Match - Review
Q34,Total recordable work related injuries for workers as a % of the total workers in the company,Total recordable work related injuries for workers as a % of the total workers in the company Number Of Employees In The Company At The End Of The Financial Year,Total Recordable Work Related Injuries - Employees Member - Previous Year,35.3173,Total Recordable Work Related Injuries - Employees Member,35.582,Total Recordable Work Related Injuries - Employees Member - Previous Year,35.3173,Remarks For Assurance Of Details Of Employees As At The End Of Financial Year,26.7634,Ambiguous,Total Recordable Work Related Injuries - Employees Member - Previous Year,39.485,0.6452,0.0,Weak Match - Review
Q35,Fatalities of employees,Fatalities of employees Commission Employees,Number Of Fatalities - Employees Member,14.5458,Number Of Fatalities - Employees Member,14.5458,Number Of Fatalities - Employees Member - Previous Year,13.3512,Does The Entity Extend Any Life Insurance Or Any Compensatory Package In The Event Of Death Of Employees,10.4991,Low Confidence,Number Of Fatalities - Employees Member,15.9378,0.5,0.0,Weak Match - Review
Q36,Fatalities of workers,Fatalities of workers Address Of Registered Office Of Company,Address Of Registered Office Of Company,27.3199,Address Of Registered Office Of Company,27.3199,Remarks For Assurance Of Address Of Registered Office Of Company,23.7841,Assurance Sub Type For Address Of Registered Office Of Company,23.4478,High Confidence,Address Of Registered Office Of Company,29.2771,0.3846,0.0,Mathematically Verified
Q37,Count of high consquence work related injury or ill health of employees (excluding fatalities),Count of high consquence work related injury or ill health of employees (excluding fatalities) Commission Employees,High Consequence Work Related Injury Or Ill Health Excluding Fatalities - Employees Member,54.0174,High Consequence Work Related Injury Or Ill Health Excluding Fatalities - Employees Member,54.0174,High Consequence Work Related Injury Or Ill Health Excluding Fatalities - Employees Member - Previous Year,50.5715,Remarks For Assurance Of Details Of Number Of Employees Or Workers Having Suffered High Consequence Work Related Injury Or Ill Health Or Fatalities Who Or Whose Family Members Are Rehabilitated And Placed In Suitable Employment,33.0203,High Confidence,High Consequence Work Related Injury Or Ill Health Excluding Fatalities - Employees Member,55.5495,0.5258,0.0,Weak Match - Review
Q38,Count of high consquence work related injury or ill health of (excluding fatalities),Count of high consquence work related injury or ill health of (excluding fatalities) Rates And Taxes Excluding Taxes On Income,High Consequence Work Related Injury Or Ill Health Excluding Fatalities - Workers Member,51.6084,High Consequence Work Related Injury Or Ill Health Excluding Fatalities - Workers Member,51.6084,High Consequence Work Related Injury Or Ill Health Excluding Fatalities - Employees Member,51.6084,High Consequence Work Related Injury Or Ill Health Excluding Fatalities - Workers Member - Previous Year,48.3162,Ambiguous,High Consequence Work Related Injury Or Ill Health Excluding Fatalities - Workers Member,58.4458,0.5505,0.0,Weak Match - Review
Q39,Percentage of plants and offices that were assessed (by entity or statutory authorities or third parties) with respect to health and safety practices?,Percentage of plants and offices that were assessed (by entity or statutory authorities or third parties) with respect to health and safety practices? Percentage Of Paid Up Capital Held By Foreign Holding Company And Or With Its Subsidiaries,Percentage Of Health And Safety Practices Of Your Plants And Offices That Were Assessed P3,42.2978,Percentage Of Health And Safety Practices Of Your Plants And Offices That Were Assessed P3,42.2978,Percentage Of Working Conditions Of Your Plants And Offices That Were Assessed P3,34.512,Percentage Of Discrimination At Work Place Of Your Plants And Offices That Were Assessed P5,32.1822,High Confidence,Percentage Of Health And Safety Practices Of Your Plants And Offices That Were Assessed P3,48.3566,0.7386,0.0,Failed Verification
Q40,Provide percentage of total employees covered under health and safety measures training,Provide percentage of total employees covered under health and safety measures training Training Recruitment Expenses,Percentage Of Trained Employees Or Workers - Male Member - On Health And Safety Measures Member - Employees Member,20.552,Percentage Of Trained Employees Or Workers - Gender Member - On Health And Safety Measures Member - Employees Member,20.552,Percentage Of Trained Employees Or Workers - Male Member - On Health And Safety Measures Member - Employees Member,20.552,Percentage Of Trained Employees Or Workers - Female Member - On Health And Safety Measures Member - Employees Member,20.552,Ambiguous,Percentage Of Trained Employees Or Workers - Male Member - On Health And Safety Measures Member - Employees Member,19.289,0.5354,0.0,Weak Match - Review
Q41,Percentage of total permanent employees covered by health insurance,Percentage of total permanent employees covered by health insurance Percentage Of Shares Held By Insurance Companies,Percentage Of Well Being Of Employees Or Workers - Male Member - Health Insurance Member - Permanent Employees Member,18.2135,Percentage Of Well Being Of Employees Or Workers - Gender Member - Health Insurance Member - Permanent Employees Member,18.2135,Percentage Of Well Being Of Employees Or Workers - Male Member - Health Insurance Member - Permanent Employees Member,18.2135,Percentage Of Well Being Of Employees Or Workers - Female Member - Health Insurance Member - Permanent Employees Member,18.2135,Ambiguous,Percentage Of Well Being Of Employees Or Workers - Male Member - Health Insurance Member - Permanent Employees Member,22.7158,0.4948,0.0,Mathematically Verified
Q42,Percentage of total other than permanent employees covered by health insurance,Percentage of total other than permanent employees covered by health insurance Percentage Of Shares Held By Insurance Companies,Percentage Of Well Being Of Employees Or Workers - Other Gender Member - Health Insurance Member - Other Than Permanent Employees Member,22.7048,Percentage Of Well Being Of Employees Or Workers - Other Gender Member - Health Insurance Member - Other Than Permanent Employees Member,22.7048,Percentage Of Well Being Of Employees Or Workers - Female Member - Health Insurance Member - Other Than Permanent Employees Member,22.3342,Percentage Of Well Being Of Employees Or Workers - Male Member - Health Insurance Member - Other Than Permanent Employees Member,22.3342,Ambiguous,Percentage Of Well Being Of Employees Or Workers - Other Gender Member - Health Insurance Member - Other Than Permanent Employees Member,26.6603,0.5321,0.0,Weak Match - Review
Q43,Percentage of total permanent workers covered by health insurance,Percentage of total permanent workers covered by health insurance Percentage Of Shares Held By Insurance Companies,Percentage Of Shares Held By Listed Entity - Holding Subsidiary Associate Companies And Joint Ventures Domain1,12.3058,Percentage Of Shares Held By Listed Entity - Holding Subsidiary Associate Companies And Joint Ventures Domain25,12.3058,Percentage Of Shares Held By Listed Entity - Holding Subsidiary Associate Companies And Joint Ventures Domain238,12.3058,Percentage Of Shares Held By Listed Entity - Holding Subsidiary Associate Companies And Joint Ventures Domain236,12.3058,Low Confidence,Percentage Of Shares Held By Listed Entity - Holding Subsidiary Associate Companies And Joint Ventures Domain1,15.6803,0.5238,0.0,Weak Match - Review
Q44,Percentage of total other than permanent workers covered by health insurance,Percentage of total other than permanent workers covered by health insurance Percentage Of Shares Held By Insurance Companies,Percentage Of Shares Held By Listed Entity - Holding Subsidiary Associate Companies And Joint Ventures Domain2,12.3058,Percentage Of Shares Held By Listed Entity - Holding Subsidiary Associate Companies And Joint Ventures Domain122,12.3058,Percentage Of Shares Held By Listed Entity - Holding Subsidiary Associate Companies And Joint Ventures Domain178,12.3058,Percentage Of Shares Held By Listed Entity - Holding Subsidiary Associate Companies And Joint Ventures Domain21,12.3058,Low Confidence,Percentage Of Shares Held By Listed Entity - Holding Subsidiary Associate Companies And Joint Ventures Domain2,15.6803,0.5238,0.0,Weak Match - Review
Q45,Percentage of total permanent employees covered by accident insurance,Percentage of total permanent employees covered by accident insurance Percentage Of Shares Held By Insurance Companies,Percentage Of Well Being Of Employees Or Workers - Male Member - Accident Insurance Member - Permanent Employees Member,19.1348,Percentage Of Well Being Of Employees Or Workers - Gender Member - Accident Insurance Member - Permanent Employees Member,19.1348,Percentage Of Well Being Of Employees Or Workers - Male Member - Accident Insurance Member - Permanent Employees Member,19.1348,Percentage Of Well Being Of Employees Or Workers - Female Member - Accident Insurance Member - Permanent Employees Member,19.1348,Ambiguous,Percentage Of Well Being Of Employees Or Workers - Male Member - Accident Insurance Member - Permanent Employees Member,23.5942,0.5,0.0,Weak Match - Review
Q46,What is the percentage of female employees in the workforce,What is the percentage of female employees in the workforce Number Of Employees In The Company At The End Of The Financial Year,Number Of Complaints Pending Resolution At The End Of Year - Discrimination At Work Place Member - Previous Year,22.712,Whether Details Of Employees As At The End Of Financial Year Is Assured By Assurer,23.9238,Number Of Complaints Pending Resolution At The End Of Year - Discrimination At Work Place Member,23.059,Average Number Of Female Employees Or Workers At The Beginning Of The Year And As At End Of The Year,22.7221,Ambiguous,Number Of Complaints Pending Resolution At The End Of Year - Discrimination At Work Place Member - Previous Year,21.4809,0.566,0.0,Weak Match - Review
Q47,What is the turnover rate for permanent female employees in the Current Year,What is the turnover rate for permanent female employees in the Current Year Number Of Employees In The Company At The End Of The Financial Year,Turnover Rate - Female Member - Permanent Employees Member,22.4572,Whether Details Of Employees As At The End Of Financial Year Is Assured By Assurer,23.9238,Retention Rates Permanent Employees That Took Parental Leave - Female Member,23.4421,Remarks For Assurance Of Details Of Employees As At The End Of Financial Year,23.0901,Ambiguous,Turnover Rate - Female Member - Permanent Employees Member,25.4737,0.6991,0.0,Weak Match - Review
Q48,What is the turnover rate for permanent female worker in the Current Year,What is the turnover rate for permanent female worker in the Current Year Number Of Employees In The Company At The End Of The Financial Year,Retention Rates Permanent Employees That Took Parental Leave - Female Member,23.4421,Average Number Of Female Employees Or Workers At The Beginning Of The Year And As At End Of The Year,24.6384,Whether Details Of Employees As At The End Of Financial Year Is Assured By Assurer,23.9238,Retention Rates Permanent Employees That Took Parental Leave - Female Member,23.4421,Ambiguous,Retention Rates Permanent Employees That Took Parental Leave - Female Member,9.9666,0.6783,0.002,Weak Match - Review
Q49,Pay parity between male and female employees,Pay parity between male and female employees Commission Employees,Number Of Employees Or Workers Related To Minimum Wages - Total Minimum Wages Member - Female Member - Permanent Employees Member,10.9939,Number Of Employees Or Workers Related To Minimum Wages - Total Minimum Wages Member - Female Member - Permanent Employees Member,10.9939,Number Of Employees Or Workers Related To Minimum Wages - More Than Minimum Wage Member - Female Member - Permanent Employees Member,10.7455,Percentage Of Employees Or Workers Related To Minimum Wages - Equal To Minimum Wage Member - Female Member - Permanent Employees Member,10.7455,Low Confidence,Number Of Employees Or Workers Related To Minimum Wages - Total Minimum Wages Member - Female Member - Permanent Employees Member,9.2314,0.6667,0.0,Weak Match - Review
Q50,Number of complaints on PSH as a % of female employees/workers for current year,Number of complaints on PSH as a % of female employees/workers for current year Number Of Permanent Employees On Rolls Of Company,Total Number Of Employees Or Workers For Membership - Female Member - Permanent Workers Member,17.4295,Total Number Of Employees Or Workers For Membership - Female Member - Permanent Workers Member,17.4295,Total Number Of Employees Or Workers For Membership - Female Member - Permanent Employees Member,17.4176,Average Number Of Female Employees Or Workers At The Beginning Of The Year And As At End Of The Year,16.6422,Low Confidence,Total Number Of Employees Or Workers For Membership - Female Member - Permanent Workers Member,21.6822,0.5701,0.0,Weak Match - Review
Q51,What is the gross wages paid to females as percentage of wages paid,What is the gross wages paid to females as percentage of wages paid Salaries And Wages,Percentage Of Gross Wages Paid To Female To Total Wages Paid,31.9788,Percentage Of Gross Wages Paid To Female To Total Wages Paid,31.9788,Gross Wages Paid To Female,30.2982,Percentage Of Gross Wages Paid To Female To Total Wages Paid - Previous Year,30.1756,High Confidence,Percentage Of Gross Wages Paid To Female To Total Wages Paid,44.0591,0.6081,0.0,Weak Match - Review
Q52,How many complaints were filed on discrimination at workplace in current year?,How many complaints were filed on discrimination at workplace in current year? Whether Subsidiary Has Filed Balance Sheet,Number Of Complaints Filed During The Year - Discrimination At Work Place Member,32.7955,Number Of Complaints Filed During The Year - Discrimination At Work Place Member,32.7955,Number Of Complaints Pending Resolution At The End Of Year - Discrimination At Work Place Member,27.2734,Whether Complaints Filed Under The Sexual Harassment Of Women At Workplace Is Assured By Assurer,24.0944,High Confidence,Number Of Complaints Filed During The Year - Discrimination At Work Place Member,28.2326,0.6346,0.0,Weak Match - Review
Q53,How many complaints were filed by employees and workers or employees as a % of number of employees in the current year,How many complaints were filed by employees and workers or employees as a % of number of employees in the current year Commission Employees,Number Of Complaints Filed From Stake Holder Group During The Year - Complaint Received From Employees And Workers Member,19.7927,Number Of Complaints Filed From Stake Holder Group During The Year - Complaint Received From Employees And Workers Member,19.7927,Number Of Complaints Filed During The Year - Working Conditions Complaints Member,18.4837,Number Of Complaints Filed During The Year - Health Safety Complaints Member,18.4837,High Confidence,Number Of Complaints Filed From Stake Holder Group During The Year - Complaint Received From Employees And Workers Member,23.9689,0.5926,0.0,Weak Match - Review
Q54,What is the number of pending/unresolved employees and workers grievances as % of total complaints filed in the current year,What is the number of pending/unresolved employees and workers grievances as % of total complaints filed in the current year Number Of Employees In The Company At The End Of The Financial Year,Number Of Complaints Pending From Stake Holder Group Resolution At The End Of Year - Complaint Received From Employees And Workers Member,26.2847,Whether Details Of Employees As At The End Of Financial Year Is Assured By Assurer,27.4835,Number Of Complaints Pending Resolution At The End Of Year - Otherhumanrightsrelatedissues Member,26.6092,Number Of Complaints Pending Resolution At The End Of Year - Wages Member,26.6092,Ambiguous,Number Of Complaints Pending From Stake Holder Group Resolution At The End Of Year - Complaint Received From Employees And Workers Member,33.7248,0.6069,0.0,Weak Match - Review
Q55,How many complaints were filed on wages in the current year,How many complaints were filed on wages in the current year Salaries And Wages,Number Of Complaints Filed During The Year - Wages Member,18.3034,Number Of Complaints Filed During The Year - Wages Member,18.3034,Number Of Complaints Filed During The Year - Working Conditions Complaints Member,14.5737,Number Of Complaints Filed During The Year - Health Safety Complaints Member,14.5737,High Confidence,Number Of Complaints Filed During The Year - Wages Member,22.8535,0.6579,0.0,Weak Match - Review
Q56,Pending resolution of complaints as a % of total complaints filed by employees and workers pertaining to working conditions,Pending resolution of complaints as a % of total complaints filed by employees and workers pertaining to working conditions Terms And Conditions Of Shares Pending Allotment,Number Of Complaints Pending Resolution At The End Of Year - Working Conditions Complaints Member,27.7168,Number Of Complaints Pending Resolution At The End Of Year - Working Conditions Complaints Member,27.7168,Number Of Complaints Pending Resolution At The End Of Year - Working Conditions Complaints Member - Previous Year,26.1741,Number Of Complaints Filed During The Year - Working Conditions Complaints Member,24.5025,High Confidence,Number Of Complaints Pending Resolution At The End Of Year - Working Conditions Complaints Member,40.9249,0.624,0.0,Weak Match - Review
Q57,What is the turnover rate for permanent workers for the Current Year,What is the turnover rate for permanent workers for the Current Year Whether Company Has Published Sustainability Report For The Financial Year,Retention Rates Permanent Workers That Took Parental Leave - Male Member,19.1079,Retention Rates Permanent Workers That Took Parental Leave - Gender Member,19.1079,Retention Rates Permanent Workers That Took Parental Leave - Male Member,19.1079,Retention Rates Permanent Workers That Took Parental Leave - Female Member,19.1079,Ambiguous,Retention Rates Permanent Workers That Took Parental Leave - Male Member,5.8057,0.7265,0.068,Failed Verification
Q58,What is the turnover rate for permanent employees for the Current Year,What is the turnover rate for permanent employees for the Current Year Number Of Employees In The Company At The End Of The Financial Year,Retention Rates Permanent Employees That Took Parental Leave - Gender Member,19.076,Whether Details Of Employees As At The End Of Financial Year Is Assured By Assurer,23.9238,Remarks For Assurance Of Details Of Employees As At The End Of Financial Year,23.0901,Assurance Sub Type For Details Of Employees As At The End Of Financial Year,22.7288,Ambiguous,Retention Rates Permanent Employees That Took Parental Leave - Gender Member,8.3326,0.6636,0.006,Weak Match - Review
Q59,What is the percentage of cost incurred as a % of total revenue of the company with regards to spending on measures towards wellbeing of employees and workers?,What is the percentage of cost incurred as a % of total revenue of the company with regards to spending on measures towards wellbeing of employees and workers? Number Of Employees In The Company At The End Of The Financial Year,Percentage Of Cost Incurred On Well Being Measures With Respect To Total Revenue Of The Company,55.3509,Percentage Of Cost Incurred On Well Being Measures With Respect To Total Revenue Of The Company,55.3509,Percentage Of Cost Incurred On Well Being Measures With Respect To Total Revenue Of The Company - Previous Year,54.0662,Amount Of Cost Incurred On Well Being Measures,38.5188,High Confidence,Percentage Of Cost Incurred On Well Being Measures With Respect To Total Revenue Of The Company,48.3164,0.716,0.0,Failed Verification
Q60,Percentage of workers or employees in association(s) or unions recognised by the listed entity,Percentage of workers or employees in association(s) or unions recognised by the listed entity Disclosure In Auditors Report Relating To Fraud By The Company Or On The Company By Its Officers Or Its Employees Reported During Period,Remarks For Assurance Of Membership Of Employees And Worker In Associations Or Unions Recognised By The Listed Entity,30.1769,Remarks For Assurance Of Membership Of Employees And Worker In Associations Or Unions Recognised By The Listed Entity,30.1769,Assurance Sub Type For Membership Of Employees And Worker In Associations Or Unions Recognised By The Listed Entity,29.5335,Whether Membership Of Employees And Worker In Associations Or Unions Recognised By The Listed Entity Is Assured By Assurer,29.4867,Ambiguous,Remarks For Assurance Of Membership Of Employees And Worker In Associations Or Unions Recognised By The Listed Entity,36.4673,0.6933,0.0,Weak Match - Review
Q61,What is the number of complaints filed by the customers as a % of revenue in Current Year?,What is the number of complaints filed by the customers as a % of revenue in Current Year? Number Of Employees In The Company At The End Of The Financial Year,Number Of Complaints Pending From Stake Holder Group Resolution At The End Of Year - Complaint Received From Customers Member,24.2705,Whether Details Of Employees As At The End Of Financial Year Is Assured By Assurer,29.2587,Remarks For Assurance Of Details Of Employees As At The End Of Financial Year,25.4281,Assurance Sub Type For Details Of Employees As At The End Of Financial Year,25.0668,High Confidence,Number Of Complaints Pending From Stake Holder Group Resolution At The End Of Year - Complaint Received From Customers Member,29.9094,0.5794,0.0,Weak Match - Review
Q62,Total instances of product recalls,Total instances of product recalls Total Number Of Product Or Service Category,Remarks For Assurance Of Details Of Instances Of Product Recalls On Account Of Safety Issues,18.6717,Remarks For Assurance Of Details Of Instances Of Product Recalls On Account Of Safety Issues,18.6717,Assurance Sub Type For Details Of Instances Of Product Recalls On Account Of Safety Issues,18.4375,Whether Details Of Instances Of Product Recalls On Account Of Safety Issues Is Assured By Assurer,17.917,Ambiguous,Remarks For Assurance Of Details Of Instances Of Product Recalls On Account Of Safety Issues,19.9963,0.6,0.0,Weak Match - Review
Q63,% of value chain partners (by value of business done with such partners) that were assessed for Health and Safety practices?,% of value chain partners (by value of business done with such partners) that were assessed for Health and Safety practices? Names Of All Partners In Partnership Firm,Percentage Of Value Chain Partners By Value Of Business Done With Such Partners That Were Assessed For Environmental Impacts,47.4899,Percentage Of Value Chain Partners By Value Of Business Done With Such Partners That Were Assessed For Environmental Impacts,47.4899,Remarks For Assurance Of Percentage Of Value Chain Partners By Value Of Business Done With Such Partners That Were Assessed For Environmental Impacts,44.0094,Assurance Sub Type For Percentage Of Value Chain Partners By Value Of Business Done With Such Partners That Were Assessed For Environmental Impacts,43.6263,High Confidence,Percentage Of Value Chain Partners By Value Of Business Done With Such Partners That Were Assessed For Environmental Impacts,61.1351,0.622,0.0,Weak Match - Review
Q64,What is the purchases from trading houses % of total purchases,What is the purchases from trading houses % of total purchases Purchases Of Stock In Trade,Percentage Of Purchases From Top Ten Trading Houses In Total Purchases From Trading Houses - Previous Year,32.9337,Percentage Of Purchases From Top Ten Trading Houses In Total Purchases From Trading Houses,34.5361,Percentage Of Purchases From Top Ten Trading Houses In Total Purchases From Trading Houses - Previous Year,32.9337,Amount Of Total Purchases From Trading Houses,31.3228,High Confidence,Percentage Of Purchases From Top Ten Trading Houses In Total Purchases From Trading Houses - Previous Year,47.881,0.5488,0.0,Weak Match - Review
Q65,What is purchases from top 10 trading houses as % of total purchases from trading houses,What is purchases from top 10 trading houses as % of total purchases from trading houses Purchases Of Stock In Trade,Percentage Of Purchases From Top Ten Trading Houses In Total Purchases From Trading Houses,47.536,Percentage Of Purchases From Top Ten Trading Houses In Total Purchases From Trading Houses,47.536,Percentage Of Purchases From Top Ten Trading Houses In Total Purchases From Trading Houses - Previous Year,45.154,Amount Of Purchases From Top Ten Trading Houses,42.6567,High Confidence,Percentage Of Purchases From Top Ten Trading Houses In Total Purchases From Trading Houses,77.2645,0.5765,0.0,Weak Match - Review
Q66,Number of complaints filed by community stakeholders,Number of complaints filed by community stakeholders Whether Subsidiary Has Filed Balance Sheet,Number Of Complaints Filed From Stake Holder Group During The Year - Complaint Received From Communities Member,19.0975,Number Of Complaints Filed From Stake Holder Group During The Year - Complaint Received From Communities Member,19.0975,Number Of Complaints Filed From Stake Holder Group During The Year - Complaint Received From Communities Member - Previous Year,18.0893,Whether Details Of Complaints With Regard To Conflict Of Interest Is Assured By Assurer,16.3016,High Confidence,Number Of Complaints Filed From Stake Holder Group During The Year - Complaint Received From Communities Member,14.9952,0.5758,0.0,Weak Match - Review
Q67,Count of pending/unresolved communities grievances,Count of pending/unresolved communities grievances Share Application Money Pending Allotment,Remarks For Assurance Of Describe The Mechanisms To Receive And Redress Grievances Of The Community,12.8452,Remarks For Assurance Of Describe The Mechanisms To Receive And Redress Grievances Of The Community,12.8452,Grievance Redressal Mechanism In Place - Complaint Received From Communities Member,12.6685,Describe The Mechanisms To Receive And Redress Grievances Of The Community Explanatory Text Block,12.5832,Low Confidence,Remarks For Assurance Of Describe The Mechanisms To Receive And Redress Grievances Of The Community,5.6917,0.6517,0.012,Weak Match - Review
Q68,Percentage of CSR obligation spent (CSR spent/CSR obligation),Percentage of CSR obligation spent (CSR spent/CSR obligation) Amount CSR Spent For Financial Year,Amount Spent For CSRProjects Undertaken - CSRProjects Undertaken1,12.0836,Amount Spent For CSRProjects Undertaken - CSRProjects Undertaken52,12.0836,Amount Spent For CSRProjects Undertaken - CSRProjects Undertaken121,12.0836,Amount Spent For CSRProjects Undertaken - CSRProjects Undertaken62,12.0836,Low Confidence,Amount Spent For CSRProjects Undertaken - CSRProjects Undertaken1,20.81,0.75,0.0,Failed Verification
Q69,What is the input material directly sourced from MSMEs/small producers (in % terms - As % of total purchases by value),What is the input material directly sourced from MSMEs/small producers (in % terms - As % of total purchases by value) Micro Small Medium Enterprises Domain,Percentage Of Directly Sourced From MSMEs Or Small Producers,54.1274,Percentage Of Directly Sourced From MSMEs Or Small Producers,54.1274,Percentage Of Directly Sourced From MSMEs Or Small Producers - Previous Year,50.4392,Remarks For Assurance Of Percentage Of Input Material Inputs To Total Inputs By Value Sourced From Suppliers,32.7675,High Confidence,Percentage Of Directly Sourced From MSMEs Or Small Producers,56.9021,0.6923,0.0,Weak Match - Review
Q70,Percentage of capital expenditure investments in specific technologies to improve the environmental and social impacts of products and processes to total capex,Percentage of capital expenditure investments in specific technologies to improve the environmental and social impacts of products and processes to total capex Percentage Of Capital Reduction To Capital Prior To Reduction,Assurance Sub Type For Percentage Of RAnd DAnd Capital Expenditure Investments In Specific Technologies,36.859,Remarks For Assurance Of Percentage Of RAnd DAnd Capital Expenditure Investments In Specific Technologies,37.508,Assurance Sub Type For Percentage Of RAnd DAnd Capital Expenditure Investments In Specific Technologies,36.859,Whether Percentage Of RAnd DAnd Capital Expenditure Investments In Specific Technologies Is Assured By Assurer,35.7939,Ambiguous,Assurance Sub Type For Percentage Of RAnd DAnd Capital Expenditure Investments In Specific Technologies,53.877,0.6312,0.0,Weak Match - Review
Q71,What is the input material sourced directly from within India as % of total purchases,What is the input material sourced directly from within India as % of total purchases Summary Of Quantitative Data About What Entity Manages As Capital,Percentage Of Sourced Directly From Within The District And Neighbouring Districts,29.9092,Percentage Of Sourced Directly From Within The District And Neighbouring Districts,29.9092,Percentage Of Sourced Directly From Within The District And Neighbouring Districts - Previous Year,27.9384,Remarks For Assurance Of Percentage Of Input Material Inputs To Total Inputs By Value Sourced From Suppliers,27.3241,High Confidence,Percentage Of Sourced Directly From Within The District And Neighbouring Districts,28.3326,0.7097,0.0,Failed Verification
Q72,What is the % of job creation in smaller towns - wages paid to persons employed in smaller towns (permanent or non-permanent / on contract) as % of total wage cost,What is the % of job creation in smaller towns - wages paid to persons employed in smaller towns (permanent or non-permanent / on contract) as % of total wage cost Contract Cost,Whether Job Creation In Smaller Towns Disclose Wages Paid To Persons Employed Including Employees Or Workers Employed On APermanent Or Non Permanent Or On Contract Basis Is Assured By Assurer,54.0281,Whether Job Creation In Smaller Towns Disclose Wages Paid To Persons Employed Including Employees Or Workers Employed On APermanent Or Non Permanent Or On Contract Basis Is Assured By Assurer,54.0281,Remarks For Assurance Of Job Creation In Smaller Towns Disclose Wages Paid To Persons Employed Including Employees Or Workers Employed On APermanent Or Non Permanent Or On Contract Basis,53.9521,Assurance Sub Type For Job Creation In Smaller Towns Disclose Wages Paid To Persons Employed Including Employees Or Workers Employed On APermanent Or Non Permanent Or On Contract Basis,52.9384,Ambiguous,Whether Job Creation In Smaller Towns Disclose Wages Paid To Persons Employed Including Employees Or Workers Employed On APermanent Or Non Permanent Or On Contract Basis Is Assured By Assurer,68.1505,0.6691,0.0,Weak Match - Review
Q73,What are the number of days of account payable?,What are the number of days of account payable? Description Of How Entity Establishes Hedge Ratio And What Sources Of Hedge Ineffectiveness Are,Number Of Days Of Accounts Payable,30.9792,Number Of Days Of Accounts Payable,30.9792,Number Of Days Of Accounts Payable - Previous Year,28.6052,Remarks For Assurance Of Number Of Days Of Accounts Payables,26.9083,High Confidence,Number Of Days Of Accounts Payable,24.2114,0.8083,0.0,Failed Verification
Q74,What is the sales to dealers/distributors as % of total sales,What is the sales to dealers/distributors as % of total sales After Sales Service Expenses,Percentage Of Sales To Dealers Or Distributors In Total Sales,31.1434,Percentage Of Sales To Top Ten Dealers Or Distributors In Total Sales To Dealers Or Distributors,32.2601,Percentage Of Sales To Dealers Or Distributors In Total Sales,31.1434,Amount Of Total Sales To Dealers Or Distributors,30.9277,High Confidence,Percentage Of Sales To Dealers Or Distributors In Total Sales,47.1098,0.6265,0.0,Weak Match - Review
Q75,What is the sales to top 10 dealers/distributors as % of total sales to dealers/distributors,What is the sales to top 10 dealers/distributors as % of total sales to dealers/distributors After Sales Service Expenses,Percentage Of Sales To Top Ten Dealers Or Distributors In Total Sales To Dealers Or Distributors,44.4805,Percentage Of Sales To Top Ten Dealers Or Distributors In Total Sales To Dealers Or Distributors,44.4805,Percentage Of Sales To Top Ten Dealers Or Distributors In Total Sales To Dealers Or Distributors - Previous Year,42.383,Amount Of Sales To Top Ten Dealers Or Distributors,41.8465,High Confidence,Percentage Of Sales To Top Ten Dealers Or Distributors In Total Sales To Dealers Or Distributors,71.5142,0.6559,0.0,Weak Match - Review
Q76,% of data breaches involving PII data of customers,% of data breaches involving PII data of customers Summary Of Quantitative Data About What Entity Manages As Capital,Percentage Of Data Breaches Involving Personally Identifiable Information Of Customers,38.0343,Percentage Of Data Breaches Involving Personally Identifiable Information Of Customers,38.0343,Remarks For Assurance Of Data Breaches Information Like Number Of Instances Of Data Breaches Along With Impact And Percentage Of Data Breaches Involving Personally Identifiable Information Of Customers,34.3206,Assurance Sub Type For Data Breaches Information Like Number Of Instances Of Data Breaches Along With Impact And Percentage Of Data Breaches Involving Personally Identifiable Information Of Customers,34.1236,High Confidence,Percentage Of Data Breaches Involving Personally Identifiable Information Of Customers,43.3986,0.6311,0.0,Weak Match - Review
Q77,Share of buildings that are certified according to international building standards/GRESB/IGBC,Share of buildings that are certified according to international building standards/GRESB/IGBC Repairs To Building,Remarks For Assurance Of Name Of The National And International Codes Or Certifications Or Labels Or Standards Adopted By Your Entity And Mapped To Each Principle,12.4029,Remarks For Assurance Of Name Of The National And International Codes Or Certifications Or Labels Or Standards Adopted By Your Entity And Mapped To Each Principle,12.4029,Construction And Demolition Waste,11.9241,Assurance Sub Type For Name Of The National And International Codes Or Certifications Or Labels Or Standards Adopted By Your Entity And Mapped To Each Principle,11.7949,Low Confidence,Remarks For Assurance Of Name Of The National And International Codes Or Certifications Or Labels Or Standards Adopted By Your Entity And Mapped To Each Principle,12.0086,0.7402,0.0,Failed Verification
Q78,Percentage of independent directors on the board,Percentage of independent directors on the board Directors Signing Board Report Domain,Details Of Specified Committee Of The Board Or Director Responsible For Decision Making On Sustainability Related Issues Explanatory Text Block,18.8592,Details Of Specified Committee Of The Board Or Director Responsible For Decision Making On Sustainability Related Issues Explanatory Text Block,18.8592,Percentage Of Female Board Of Directors,18.661,Does The Entity Have ASpecified Committee Of The Board Or Director Responsible For Decision Making On Sustainability Related Issues,18.6439,Ambiguous,Details Of Specified Committee Of The Board Or Director Responsible For Decision Making On Sustainability Related Issues Explanatory Text Block,11.6083,0.7213,0.0,Failed Verification
Q79,Number of independent women directors on the board,Number of independent women directors on the board Directors Signing Board Report Domain,Number Of Female Board Of Directors,23.9875,Number Of Female Board Of Directors,23.9875,Percentage Of Female Board Of Directors,21.2957,Total Number Of Board Of Directors,18.8736,High Confidence,Number Of Female Board Of Directors,31.2785,0.6923,0.0,Weak Match - Review
Q80,Number of women directors on the board,Number of women directors on the board Directors Signing Board Report Domain,Percentage Of Female Board Of Directors,21.2957,Number Of Female Board Of Directors,23.9875,Percentage Of Female Board Of Directors,21.2957,Total Number Of Board Of Directors,18.8736,High Confidence,Percentage Of Female Board Of Directors,28.4765,0.6389,0.0,Weak Match - Review
Q81,Average attendance for board meeting in the current FY,Average attendance for board meeting in the current FY Date Of Board Meeting When Final Accounts Were Approved,Remarks For Assurance Of Number Of Days Of Accounts Payables,18.1002,Number Of Days Of Accounts Payable,18.8696,Remarks For Assurance Of Number Of Days Of Accounts Payables,18.1002,Assurance Sub Type For Number Of Days Of Accounts Payables,17.7638,Ambiguous,Remarks For Assurance Of Number Of Days Of Accounts Payables,10.0283,0.7312,0.0,Failed Verification
Q82,Number of directorships of all board members,Number of directorships of all board members Number Of Meetings Of Board,Total Number Of Board Of Directors,18.8736,Number Of Female Board Of Directors,18.8736,Total Number Of Board Of Directors,18.8736,Number Of Board Of Directors For Remuneration Or Salary Or Wages - Male Member,16.5126,Ambiguous,Total Number Of Board Of Directors,19.8602,0.6269,0.0,Weak Match - Review
Q83,Number of directors against whom disciplinary action was taken by any law enforcement agency for the charges of bribery/corruption,Number of directors against whom disciplinary action was taken by any law enforcement agency for the charges of bribery/corruption Steps Taken By The Company For Utilising Alternate Sources Of Energy Explanatory,Remarks For Assurance Of Number Of Directors Or KMPs Or Employees Or Workers Against Whom Disciplinary Action Was Taken By Any Law Enforcement Agency For The Charges Of Bribery Or Corruption,51.8548,Remarks For Assurance Of Number Of Directors Or KMPs Or Employees Or Workers Against Whom Disciplinary Action Was Taken By Any Law Enforcement Agency For The Charges Of Bribery Or Corruption,51.8548,Assurance Sub Type For Number Of Directors Or KMPs Or Employees Or Workers Against Whom Disciplinary Action Was Taken By Any Law Enforcement Agency For The Charges Of Bribery Or Corruption,51.4734,Whether Number Of Directors Or KMPs Or Employees Or Workers Against Whom Disciplinary Action Was Taken By Any Law Enforcement Agency For The Charges Of Bribery Or Corruption Is Assured By Assurer,50.6479,Ambiguous,Remarks For Assurance Of Number Of Directors Or KMPs Or Employees Or Workers Against Whom Disciplinary Action Was Taken By Any Law Enforcement Agency For The Charges Of Bribery Or Corruption,56.6018,0.6226,0.0,Weak Match - Review
Q84,Number of complaints received in relation to issues of conflict of interest of the directors/KMPs,Number of complaints received in relation to issues of conflict of interest of the directors/KMPs Number Of Employees In The Company At The End Of The Financial Year,Number Of Complaints Received In Relation To Issues Of Conflict Of Interest Of The KMPs,49.8668,Number Of Complaints Received In Relation To Issues Of Conflict Of Interest Of The KMPs,49.8668,Number Of Complaints Received In Relation To Issues Of Conflict Of Interest Of The KMPs - Previous Year,48.9402,Number Of Complaints Received In Relation To Issues Of Conflict Of Interest Of The Directors,43.8516,Ambiguous,Number Of Complaints Received In Relation To Issues Of Conflict Of Interest Of The KMPs,52.1817,0.5938,0.0,Weak Match - Review
Q85,Percentage of independent directors in nomination and remuneration committee,Percentage of independent directors in nomination and remuneration committee Disclosure Of Policy Formulated By Nomination And Remuneration Committee Relating To Remuneration For Directors Key Managerial Personnels And Other Employees Explanatory,Number Of Key Managerial Personnel For Remuneration Or Salary Or Wages - Other Gender Member,32.5984,Number Of Key Managerial Personnel For Remuneration Or Salary Or Wages - Other Gender Member,32.5984,Median Of Remuneration Or Salary Or Wages Of Key Managerial Personnel - Other Gender Member,31.9154,Number Of Key Managerial Personnel For Remuneration Or Salary Or Wages - Male Member,31.3248,Ambiguous,Number Of Key Managerial Personnel For Remuneration Or Salary Or Wages - Other Gender Member,32.0721,0.6975,0.0,Weak Match - Review
Q86,Percentage of independent directors in audit committee,Percentage of independent directors in audit committee Disclosure Of Composition Of Audit Committee And Non Acceptance Of Any Recommendation Of Audit Committee Along With Reasons Explanatory,Performance Of The Entity Against The Specific Commitments Goals And Targets Along With Reasons In Case The Same Are Not Met Explanatory Text Block - Principle1 Member,18.2916,Performance Of The Entity Against The Specific Commitments Goals And Targets Along With Reasons In Case The Same Are Not Met Explanatory Text Block - Principle1 Member,18.2916,Performance Of The Entity Against The Specific Commitments Goals And Targets Along With Reasons In Case The Same Are Not Met Explanatory Text Block - Principle2 Member,18.2916,Performance Of The Entity Against The Specific Commitments Goals And Targets Along With Reasons In Case The Same Are Not Met Explanatory Text Block - Principle3 Member,18.2916,Ambiguous,Performance Of The Entity Against The Specific Commitments Goals And Targets Along With Reasons In Case The Same Are Not Met Explanatory Text Block - Principle1 Member,15.3687,0.6187,0.0,Weak Match - Review
Q87,Number of independent directors in risk management committee,Number of independent directors in risk management committee Reappointment Of Independent Directors As Per Section 14910 Explanatory,Whether CSRIs Applicable As Per Section135 Of Companies Act2013,22.7172,Whether CSRIs Applicable As Per Section135 Of Companies Act2013,22.7172,Remarks For Assurance Of Whether CSRIs Applicable As Per Section135 Of Companies Act2013,20.6416,Whether CSRIs Applicable As Per Section135 Of Companies Act2013 Is Assured By Assurer,19.9926,High Confidence,Whether CSRIs Applicable As Per Section135 Of Companies Act2013,8.4222,0.6964,0.02,Weak Match - Review
Q88,Number of independent directors in CSR committee,Number of independent directors in CSR committee Disclosure Of Composition Of CSR Committee Text Block,Notes General Disclosure Explanatory Text Block,17.8502,Notes General Disclosure Explanatory Text Block,17.8502,Details Of Specified Committee Of The Board Or Director Responsible For Decision Making On Sustainability Related Issues Explanatory Text Block,17.2767,Notes Management And Process Disclosures Explanatory Text Block,16.442,Ambiguous,Notes General Disclosure Explanatory Text Block,19.777,0.6517,0.0,Weak Match - Review
Q89,Percentage of subject matter experts appointed in the Audit Committee,Percentage of subject matter experts appointed in the Audit Committee Disclosure Of Composition Of Audit Committee And Non Acceptance Of Any Recommendation Of Audit Committee Along With Reasons Explanatory,Performance Of The Entity Against The Specific Commitments Goals And Targets Along With Reasons In Case The Same Are Not Met Explanatory Text Block - Principle2 Member,19.6602,Performance Of The Entity Against The Specific Commitments Goals And Targets Along With Reasons In Case The Same Are Not Met Explanatory Text Block - Principle4 Member,19.6602,Performance Of The Entity Against The Specific Commitments Goals And Targets Along With Reasons In Case The Same Are Not Met Explanatory Text Block - Principle1 Member,19.6602,Performance Of The Entity Against The Specific Commitments Goals And Targets Along With Reasons In Case The Same Are Not Met Explanatory Text Block - Principle9 Member,19.6602,Ambiguous,Performance Of The Entity Against The Specific Commitments Goals And Targets Along With Reasons In Case The Same Are Not Met Explanatory Text Block - Principle2 Member,17.1292,0.6475,0.0,Weak Match - Review
Q90,Ratio of remuneration of MD/CEO to median remuneration of employees,Ratio of remuneration of MD/CEO to median remuneration of employees Ratio Of Remuneration Of Director Or Managerial Personnel To Median Of Remuneration Of Employees For Financial Year,Median Of Remuneration Or Salary Or Wages Of Key Managerial Personnel - Male Member,32.8963,Median Of Remuneration Or Salary Or Wages Of Key Managerial Personnel - Female Member,32.8963,Median Of Remuneration Or Salary Or Wages Of Key Managerial Personnel - Male Member,32.8963,Median Of Remuneration Or Salary Or Wages Of Key Managerial Personnel - Other Gender Member,31.8755,Ambiguous,Median Of Remuneration Or Salary Or Wages Of Key Managerial Personnel - Male Member,52.7133,0.5678,0.0,Weak Match - Review
Q91,Percentage of non audit fees as compared to total audit fees,Percentage of non audit fees as compared to total audit fees Custodial Fees,Safe And Responsible Usage As APercentage To Total Turnover,13.417,Safe And Responsible Usage As APercentage To Total Turnover,13.417,Recycling And Or Safe Disposal As APercentage To Total Turnover,13.0064,Environmental And Social Parameters Relevant To The Product As APercentage To Total Turnover,12.7663,Low Confidence,Safe And Responsible Usage As APercentage To Total Turnover,10.4666,0.6176,0.0,Weak Match - Review
Q92,Number of whistle blower complaints filed in the current year,Number of whistle blower complaints filed in the current year Number Of Employees In The Company At The End Of The Financial Year,Number Of Complaints Pending Resolution At The End Of Year - Wages Member,21.2937,Remarks For Assurance Of Details Of Employees As At The End Of Financial Year,21.7549,Number Of Complaints Pending Resolution At The End Of Year - Working Conditions Complaints Member,21.4927,Number Of Complaints Pending Resolution At The End Of Year - Health Safety Complaints Member,21.4927,Ambiguous,Number Of Complaints Pending Resolution At The End Of Year - Wages Member,28.9727,0.6,0.0,Weak Match - Review
Q93,Number of pending consumer compliant on unfair trade practices,Number of pending consumer compliant on unfair trade practices Share Application Money Pending Allotment,Consumer Complaints Pending Resolution At End Of Year - Unfair Trade Practices Member,31.9825,Consumer Complaints Pending Resolution At End Of Year - Unfair Trade Practices Member,31.9825,Consumer Complaints Pending Resolution At End Of Year - Unfair Trade Practices Member - Previous Year,29.9423,Remark For Consumer Complaints - Unfair Trade Practices Member,28.9813,High Confidence,Consumer Complaints Pending Resolution At End Of Year - Unfair Trade Practices Member,34.9739,0.5761,0.0,Weak Match - Review
Q94,Number of employees against whom disciplinary action was taken by any law enforcement agency for the charges of bribery/corruption,Number of employees against whom disciplinary action was taken by any law enforcement agency for the charges of bribery/corruption Steps Taken By The Company For Utilising Alternate Sources Of Energy Explanatory,Assurance Sub Type For Number Of Directors Or KMPs Or Employees Or Workers Against Whom Disciplinary Action Was Taken By Any Law Enforcement Agency For The Charges Of Bribery Or Corruption,49.3485,Remarks For Assurance Of Number Of Directors Or KMPs Or Employees Or Workers Against Whom Disciplinary Action Was Taken By Any Law Enforcement Agency For The Charges Of Bribery Or Corruption,49.7299,Assurance Sub Type For Number Of Directors Or KMPs Or Employees Or Workers Against Whom Disciplinary Action Was Taken By Any Law Enforcement Agency For The Charges Of Bribery Or Corruption,49.3485,Whether Number Of Directors Or KMPs Or Employees Or Workers Against Whom Disciplinary Action Was Taken By Any Law Enforcement Agency For The Charges Of Bribery Or Corruption Is Assured By Assurer,48.5653,Ambiguous,Assurance Sub Type For Number Of Directors Or KMPs Or Employees Or Workers Against Whom Disciplinary Action Was Taken By Any Law Enforcement Agency For The Charges Of Bribery Or Corruption,54.1883,0.6312,0.0,Weak Match - Review
Q95,Number of workers against whom disciplinary action was taken by any law enforcement agency for the charges of bribery/corruption,Number of workers against whom disciplinary action was taken by any law enforcement agency for the charges of bribery/corruption Steps Taken By The Company For Utilising Alternate Sources Of Energy Explanatory,Number Of Workers Against Whom Disciplinary Action Was Taken,41.0761,Number Of Workers Against Whom Disciplinary Action Was Taken,41.0761,Number Of Directors Against Whom Disciplinary Action Was Taken,38.3598,Number Of Workers Against Whom Disciplinary Action Was Taken - Previous Year,38.1785,High Confidence,Number Of Workers Against Whom Disciplinary Action Was Taken,43.8311,0.7405,0.0,Failed Verification
Q96,What is the share of RPTs (as respective %age) in purchases,What is the share of RPTs (as respective %age) in purchases Summary Of Quantitative Data About What Entity Manages As Capital,Remarks For Assurance Of Whether The Entity Display Product Information On The Product Over And Above What Is Mandated As Per Local Laws,17.9332,Does The Entity Display Product Information On The Product Over And Above What Is Mandated As Per Local Laws,18.5522,Remarks For Assurance Of Whether The Entity Display Product Information On The Product Over And Above What Is Mandated As Per Local Laws,17.9332,Details Of Product Information On The Product Over And Above What Is Mandated As Per Local Laws Explanatory Text Block,17.6847,Ambiguous,Remarks For Assurance Of Whether The Entity Display Product Information On The Product Over And Above What Is Mandated As Per Local Laws,21.4895,0.6752,0.0,Weak Match - Review
Q97,What is the share of RPTs (as respective %age) in sales,What is the share of RPTs (as respective %age) in sales Summary Of Quantitative Data About What Entity Manages As Capital,Whether Turnover Of Products And Or Services As APercentage Of Turnover From All Products Or Service That Carry Information About As APercentage To Total Turnover Is Assured By Assurer,16.8274,Does The Entity Display Product Information On The Product Over And Above What Is Mandated As Per Local Laws,18.5522,Remarks For Assurance Of Whether The Entity Display Product Information On The Product Over And Above What Is Mandated As Per Local Laws,17.9332,Details Of Product Information On The Product Over And Above What Is Mandated As Per Local Laws Explanatory Text Block,17.6847,Low Confidence,Whether Turnover Of Products And Or Services As APercentage Of Turnover From All Products Or Service That Carry Information About As APercentage To Total Turnover Is Assured By Assurer,15.4318,0.7377,0.0,Failed Verification
Q98,What is the share of RPTs (as respective %age) in loans and advances,What is the share of RPTs (as respective %age) in loans and advances Loans And Advances,Percentage Of Loans And Advances Given To Related Parties In Total Loans And Advances,23.6224,Percentage Of Loans And Advances Given To Related Parties In Total Loans And Advances,23.6224,Percentage Of Loans And Advances Given To Related Parties In Total Loans And Advances - Previous Year,22.5415,Amount Of Total Loans And Advances,21.2514,High Confidence,Percentage Of Loans And Advances Given To Related Parties In Total Loans And Advances,42.8517,0.5309,0.0,Weak Match - Review
Q99,What is the share of RPTs (as respective %age) in investments,What is the share of RPTs (as respective %age) in investments Summary Of Quantitative Data About What Entity Manages As Capital,Whether Percentage Of RAnd DAnd Capital Expenditure Investments In Specific Technologies Is Assured By Assurer,18.9738,Whether Percentage Of RAnd DAnd Capital Expenditure Investments In Specific Technologies Is Assured By Assurer,18.9738,Does The Entity Display Product Information On The Product Over And Above What Is Mandated As Per Local Laws,18.5522,Remarks For Assurance Of Whether The Entity Display Product Information On The Product Over And Above What Is Mandated As Per Local Laws,17.9332,Ambiguous,Whether Percentage Of RAnd DAnd Capital Expenditure Investments In Specific Technologies Is Assured By Assurer,18.6606,0.6429,0.0,Weak Match - Review
Q100,Are there any initiatives towards reduction in GHG emissions,Are there any initiatives towards reduction in GHG emissions Whether There Are Any Major Customers,Total Scope2 Emissions,18.5143,Total Scope2 Emissions,18.5143,Total Scope1 And Scope2 Emissions Intensity The Relevant Metric May Be Selected By The Entity,18.3254,Total Scope1 And Scope2 Emissions Intensity The Relevant Metric May Be Selected By The Entity - Previous Year,17.4074,Ambiguous,Total Scope2 Emissions,6.9282,0.8333,0.008,Failed Verification
Q101,What are the VOC/POP/HAP emissions for the current year (Unit: Metric Tonne),What are the VOC/POP/HAP emissions for the current year (Unit: Metric Tonne) Whether There Are Changes In Acounting Estimates During The Year,Total Scope1 And Scope2 Emissions Intensity The Relevant Metric May Be Selected By The Entity,15.3328,Number Of Complaints Filed During The Year - Discrimination At Work Place Member,19.2747,Total Scope3 Emission Intensity The Relevant Metric May Be Selected By The Entity,16.7629,Percentage Of Discrimination At Work Place Of Your Plants And Offices That Were Assessed P5,15.8785,Low Confidence,Total Scope1 And Scope2 Emissions Intensity The Relevant Metric May Be Selected By The Entity,14.855,0.7154,0.0,Failed Verification
Q102,"What are the initiatives taken to reduce the NOx, SOx, PM, VOC, HAP and POP air emissions","What are the initiatives taken to reduce the NOx, SOx, PM, VOC, HAP and POP air emissions Steps Taken By The Company For Utilising Alternate Sources Of Energy Explanatory",NOx - Previous Year,22.9793,NOx,25.3542,SOx,24.8055,Total Electricity Consumption From Renewable Sources,23.7763,Ambiguous,NOx - Previous Year,12.3524,0.8929,0.018,Failed Verification
Q103,Does the company have facilities/operations in water stress regions,Does the company have facilities/operations in water stress regions Cost Water Charges,Assurance Sub Type For Water Withdrawal Or Consumption And Discharge In Areas Of Water Stress In Kilolitres,22.7385,Remarks For Assurance Of Water Withdrawal Or Consumption And Discharge In Areas Of Water Stress In Kilolitres,23.385,Assurance Sub Type For Water Withdrawal Or Consumption And Discharge In Areas Of Water Stress In Kilolitres,22.7385,Whether Water Withdrawal Or Consumption And Discharge In Areas Of Water Stress In Kilolitres Is Assured By Assurer,22.1375,Ambiguous,Assurance Sub Type For Water Withdrawal Or Consumption And Discharge In Areas Of Water Stress In Kilolitres,11.6127,0.6598,0.0,Weak Match - Review
Q104,Has the entity implemented mechanism for Zero Liquid Discharge,Has the entity implemented mechanism for Zero Liquid Discharge Whether Company Has Published Sustainability Report For The Financial Year,Has The Entity Implemented AMechanism For Zero Liquid Discharge,42.7792,Has The Entity Implemented AMechanism For Zero Liquid Discharge,42.7792,Whether The Entity Implemented AMechanism For Zero Liquid Discharge Is Assured By Assurer,36.1523,Remarks For Assurance Of The Entity Implemented AMechanism For Zero Liquid Discharge,35.045,High Confidence,Has The Entity Implemented AMechanism For Zero Liquid Discharge,46.7008,0.5714,0.0,Weak Match - Review
Q105,Does the company monitor Chemical Oxygen Demand during water discharge,Does the company monitor Chemical Oxygen Demand during water discharge Cost Water Charges,Number Of Complaints Filed From Stake Holder Group During The Year - Complaint Received From Value Chain Partners Member,16.1823,Whether Details Of Total Energy Consumption And Energy Intensity Applicable To The Company,16.3282,Remarks For Assurance Of Water Withdrawal Or Consumption And Discharge In Areas Of Water Stress In Kilolitres,16.2496,Number Of Complaints Filed From Stake Holder Group During The Year - Complaint Received From Value Chain Partners Member,16.1823,Low Confidence,Number Of Complaints Filed From Stake Holder Group During The Year - Complaint Received From Value Chain Partners Member,4.8091,0.6952,0.002,Weak Match - Review
Q106,Third party verification of water data,Third party verification of water data Cost Water Charges,Water Withdrawal By Third Party Water,21.6985,Water Withdrawal By Third Party Water,21.6985,Water Withdrawal By Third Party Water - Previous Year,20.1031,Water Discharge By Sent To Third Parties,18.653,High Confidence,Water Withdrawal By Third Party Water,22.3282,0.623,0.0,Weak Match - Review
Q107,What are the goals/targets/commitments towards Energy consumption,What are the goals/targets/commitments towards Energy consumption Steps Taken By The Company For Utilising Alternate Sources Of Energy Explanatory,Total Electricity Consumption From Renewable Sources,30.0271,Total Electricity Consumption From Renewable Sources,30.0271,Total Fuel Consumption From Renewable Sources,30.0271,Total Fuel Consumption From Non Renewable Sources,28.794,Ambiguous,Total Electricity Consumption From Renewable Sources,12.8204,0.719,0.0,Failed Verification
Q108,"Does the entity have any sites/facilities identified as designated consumers under the Performance, Achieve and Tade Scheme of the Government of India? (Y/N) If yes, disclose whether targets set under the PAT scheme have been achieved in case targets have not been achieved, provide the remedial action taken, if any","Does the entity have any sites/facilities identified as designated consumers under the Performance, Achieve and Tade Scheme of the Government of India? (Y/N) If yes, disclose whether targets set under the PAT scheme have been achieved in case targets have not been achieved, provide the remedial action taken, if any Whether Any Borrowing Costs Has Been Capitalised During The Year",Disclose Whether Targets Set Under The Pat Scheme Have Been Achieved In Case Targets Have Not Been Achieved Then Provide The Remedial Action Taken Explanatory Text Block,74.9652,Disclose Whether Targets Set Under The Pat Scheme Have Been Achieved In Case Targets Have Not Been Achieved Then Provide The Remedial Action Taken Explanatory Text Block,74.9652,Does The Entity Have Any Sites Or Facilities Identified As Designated Consumers Under The Performance Achieve And Trade Scheme Of The Government Of India,66.1741,Assurer Has Assured Whether The Entity Have Any Sites Or Facilities Identified As Designated Consumers Under The Performance Achieve And Trade Scheme Of The Government Of India,64.3096,High Confidence,Disclose Whether Targets Set Under The Pat Scheme Have Been Achieved In Case Targets Have Not Been Achieved Then Provide The Remedial Action Taken Explanatory Text Block,124.2272,0.7683,0.0,Failed Verification
Q109,Is there a disclosure regarding the energy management system? ISO 50001 Certification,Is there a disclosure regarding the energy management system? ISO 50001 Certification Details Regarding Energy Conservation,Disclosure Web Link Of Entity At Which Business Continuity And Disaster Management Plan Is Placed,20.4687,Disclosure Web Link Of Entity At Which Business Continuity And Disaster Management Plan Is Placed,20.4687,Details Of Occupational Health And Safety Management System Explanatory Text Block,18.5963,Whether Health And Safety Management System Is Assured By Assurer,18.1693,High Confidence,Disclosure Web Link Of Entity At Which Business Continuity And Disaster Management Plan Is Placed,15.7386,0.6262,0.0,Weak Match - Review
Q110,Waste management practices and strategies to reduce usage of hazardous and toxic chemicals from the products and processes,Waste management practices and strategies to reduce usage of hazardous and toxic chemicals from the products and processes Products And Services Domain,Details Of Waste Management Practices Adopted In Your Establishments And The Strategy Adopted By Company To Reduce Usage Of Hazardous And Toxic Chemicals Explanatory Text Block,46.8397,Details Of Waste Management Practices Adopted In Your Establishments And The Strategy Adopted By Company To Reduce Usage Of Hazardous And Toxic Chemicals Explanatory Text Block,46.8397,Remarks For Assurance Of Details Of Waste Management Practices Adopted In Your Establishments And The Strategy Adopted By Company To Reduce Usage Of Hazardous And Toxic Chemicals,46.1805,Assurance Sub Type For Details Of Waste Management Practices Adopted In Your Establishments And The Strategy Adopted By Company To Reduce Usage Of Hazardous And Toxic Chemicals,45.7963,Ambiguous,Details Of Waste Management Practices Adopted In Your Establishments And The Strategy Adopted By Company To Reduce Usage Of Hazardous And Toxic Chemicals Explanatory Text Block,42.521,0.6408,0.0,Weak Match - Review
Q111,"What are the processes to safely reclaim the products for reusing, recycling and disposing at the end of life for, (a) Plastics (including packaging) (b)e-waste (c) hazardous waste and (d) other waste?","What are the processes to safely reclaim the products for reusing, recycling and disposing at the end of life for, (a) Plastics (including packaging) (b)e-waste (c) hazardous waste and (d) other waste? Number Of Employees In The Company At The End Of The Financial Year",Remarks For Assurance Of Describe The Processes In Place To Safely Reclaim Your Products For Reusing Recycling And Disposing At The End Of Life For Plastics Including Packaging EWaste Hazardous Waste And Other Waste,63.4914,Remarks For Assurance Of Describe The Processes In Place To Safely Reclaim Your Products For Reusing Recycling And Disposing At The End Of Life For Plastics Including Packaging EWaste Hazardous Waste And Other Waste,63.4914,Assurance Sub Type For Describe The Processes In Place To Safely Reclaim Your Products For Reusing Recycling And Disposing At The End Of Life For Plastics Including Packaging EWaste Hazardous Waste And Other Waste,62.9308,Whether Describe The Processes In Place To Safely Reclaim Your Products For Reusing Recycling And Disposing At The End Of Life For Plastics Including Packaging EWaste Hazardous Waste And Other Waste Is Assured By Assurer,61.468,Ambiguous,Remarks For Assurance Of Describe The Processes In Place To Safely Reclaim Your Products For Reusing Recycling And Disposing At The End Of Life For Plastics Including Packaging EWaste Hazardous Waste And Other Waste,80.373,0.6737,0.0,Weak Match - Review
Q112,"Whether Extended Producer Responsibility (EPR) is applicable to entity’s activities (Y/N). If yes, whether the waste collection plan is in line with the Extended Producer Responsibility plan submitteed to Pollution Control Boards","Whether Extended Producer Responsibility (EPR) is applicable to entity’s activities (Y/N). If yes, whether the waste collection plan is in line with the Extended Producer Responsibility plan submitteed to Pollution Control Boards Whether Provisions Of Corporate Social Responsibility Are Applicable On Company",Whether The Waste Collection Plan Is In Line With The Extended Producer Responsibility Plan Submitted To Pollution Control Boards,66.4949,Whether The Waste Collection Plan Is In Line With The Extended Producer Responsibility Plan Submitted To Pollution Control Boards,66.4949,Assurer Has Assured Whether The Waste Collection Plan Is In Line With The Extended Producer Responsibility Plan Submitted To Pollution Control Boards And Steps Taken To Address The Waste Collection Plan If Not Submitted,57.6329,Remarks For Assurance Of Whether The Waste Collection Plan Is In Line With The Extended Producer Responsibility Plan Submitted To Pollution Control Boards And Steps Taken To Address The Waste Collection Plan If Not Submitted,57.5556,High Confidence,Whether The Waste Collection Plan Is In Line With The Extended Producer Responsibility Plan Submitted To Pollution Control Boards,102.5409,0.6422,0.0,Weak Match - Review
Q113,Third party verification of waste data,Third party verification of waste data Disclosure Relating To Physical Verification And Material Discrepancies Of Fixed Assets,Amount Of Recycled - Hazardous Waste Member - Previous Year,20.4457,Waste Recovered Through Recycled,23.3311,Amount Of Recycled - Hazardous Waste Member,22.1968,Waste Recovered Through Recycled - Previous Year,21.3328,High Confidence,Amount Of Recycled - Hazardous Waste Member - Previous Year,5.6966,0.7642,0.014,Failed Verification
Q114,Is there presence of offices/manufacturing facilities in ecologically sensitive areas,Is there presence of offices/manufacturing facilities in ecologically sensitive areas Description How There Is Significant Influence In Associate,Percentage Of Discrimination At Work Place Of Your Plants And Offices That Were Assessed P5,24.658,Percentage Of Discrimination At Work Place Of Your Plants And Offices That Were Assessed P5,24.658,Whether Details Of Operations Or Offices In Or Around Ecologically Sensitive Areas Where Environmental Approvals Or Clearances Are Required Is Assured By Assurer,22.0629,Remarks For Assurance Of Details Of Operations Or Offices In Or Around Ecologically Sensitive Areas Where Environmental Approvals Or Clearances Are Required,20.6427,High Confidence,Percentage Of Discrimination At Work Place Of Your Plants And Offices That Were Assessed P5,3.9542,0.735,0.086,Failed Verification
Q115,Provide details of significant direct and indirect impact of the entity on biodiversity in ecological sensitive areas along with prevention and remediation activities,Provide details of significant direct and indirect impact of the entity on biodiversity in ecological sensitive areas along with prevention and remediation activities Impact Of Change In Classification Of Significant Foreign Operation On Shareholders Fund,Details Of Significant Direct And Indirect Impact Of The Entity On Biodiversity In Such Areas Along With Prevention And Remediation Activities Explanatory Text Block,58.8265,Details Of Significant Direct And Indirect Impact Of The Entity On Biodiversity In Such Areas Along With Prevention And Remediation Activities Explanatory Text Block,58.8265,Remarks For Assurance Of Details Of Significant Direct And Indirect Impact Of The Entity On Biodiversity In Such Areas Along With Prevention And Remediation Activities,57.8359,Assurance Sub Type For Details Of Significant Direct And Indirect Impact Of The Entity On Biodiversity In Such Areas Along With Prevention And Remediation Activities,57.4518,Ambiguous,Details Of Significant Direct And Indirect Impact Of The Entity On Biodiversity In Such Areas Along With Prevention And Remediation Activities Explanatory Text Block,68.7029,0.6364,0.0,Weak Match - Review
Q116,Does the company have an Environment or a Biodiversity policy,Does the company have an Environment or a Biodiversity policy Whether Initial Application Of An Ind As Has An Effect On The Current Period Or Any Prior Period,Assurer Has Assured Whether The Entity Have An Equal Opportunity Policy As Per The Rights Of Persons With Disabilities Act2016,23.5419,Assurer Has Assured Whether The Entity Have An Equal Opportunity Policy As Per The Rights Of Persons With Disabilities Act2016,23.5419,Does The Entity Have An Equal Opportunity Policy As Per The Rights Of Persons With Disabilities Act2016,22.3129,Remarks For Assurance Of Whether The Entity Have An Equal Opportunity Policy As Per The Rights Of Persons With Disabilities Act2016,20.4357,High Confidence,Assurer Has Assured Whether The Entity Have An Equal Opportunity Policy As Per The Rights Of Persons With Disabilities Act2016,29.6586,0.688,0.0,Weak Match - Review
Q117,Does the company’s policy on Biodiversity extend to its value chain partners (Y/N),Does the company’s policy on Biodiversity extend to its value chain partners (Y/N) Disclosure In Auditors Report Relating To Fraud By The Company Or On The Company By Its Officers Or Its Employees Reported During Period,Do The Enlisted Policies Extend To Your Value Chain Partners - Principle7 Member,28.9489,Do The Enlisted Policies Extend To Your Value Chain Partners - Principle7 Member,28.9489,Remarks For Assurance Of Whether The Enlisted Policies Extend To Your Value Chain Partners,25.873,Do The Enlisted Policies Extend To Your Value Chain Partners - Principle6 Member,25.1441,High Confidence,Do The Enlisted Policies Extend To Your Value Chain Partners - Principle7 Member,27.566,0.7941,0.0,Failed Verification
Q118,Does the company take initiatives with regards to its Biodiversity conservation/land rehabilitation and biodiversity restoration,Does the company take initiatives with regards to its Biodiversity conservation/land rehabilitation and biodiversity restoration Description Of Accounting Policy For Decommissioning Restoration And Rehabilitation Provisions Explanatory,Remarks For Assurance Of Details Of Complaints With Regard To Conflict Of Interest,16.1683,Percentage Of Cost Incurred On Well Being Measures With Respect To Total Revenue Of The Company,16.3792,Remarks For Assurance Of Details Of Complaints With Regard To Conflict Of Interest,16.1683,Assurance Sub Type For Details Of Complaints With Regard To Conflict Of Interest,15.812,Low Confidence,Remarks For Assurance Of Details Of Complaints With Regard To Conflict Of Interest,7.2148,0.7857,0.012,Failed Verification
Q119,Are there any goals/targets/commitments set towards carbon neutrality/ Net Zero,Are there any goals/targets/commitments set towards carbon neutrality/ Net Zero Whether There Are Any Major Customers,Specific Commitments Goals And Targets Set By The Entity With Defined Timelines Explanatory Text Block - Principle6 Member,24.2931,Specific Commitments Goals And Targets Set By The Entity With Defined Timelines Explanatory Text Block - Principle6 Member,24.2931,Whether Specific Commitments Goals And Targets Set By The Entity With Defined Timelines Is Assured By Assurer,24.1627,Remarks For Assurance Of Specific Commitments Goals And Targets Set By The Entity With Defined Timelines,22.2776,Ambiguous,Specific Commitments Goals And Targets Set By The Entity With Defined Timelines Explanatory Text Block - Principle6 Member,20.7481,0.6696,0.0,Weak Match - Review
Q120,Does the organisation report on CDP Disclosure as per Climate Change Module,Does the organisation report on CDP Disclosure as per Climate Change Module Profit Loss For The Period As Per Ind As,Type Of Assurance For Section AGeneral Disclosures,16.0295,Type Of Assurance For Section AGeneral Disclosures,16.0295,Type Of Assurance For Governance Leadership And Oversight,14.2231,Net Worth,13.9894,Low Confidence,Type Of Assurance For Section AGeneral Disclosures,1.9769,0.71,0.066,Failed Verification
Q121,"Does the company perform climate related scenario analysis (based on TCFD framework); Based on the climate risk assessment, has the company set up a plan to adapt to the identified physical climate risks","Does the company perform climate related scenario analysis (based on TCFD framework); Based on the climate risk assessment, has the company set up a plan to adapt to the identified physical climate risks Number Of Employees In The Company At The End Of The Financial Year",Assurer Has Assured Whether The Entity Have AFramework Or Policy On Cyber Security And Risks Related To Data Privacy,23.6786,Desclosure Of The Processes Used To Identify Work Related Hazards And Assess Risks On ARoutine And Non Routine Basis By The Entity Explanatory Text Block,25.6315,Remarks For Assurance Of Details Of Employees As At The End Of Financial Year,25.4281,Assurance Sub Type For Details Of Employees As At The End Of Financial Year,25.0668,Ambiguous,Assurer Has Assured Whether The Entity Have AFramework Or Policy On Cyber Security And Risks Related To Data Privacy,27.7963,0.7722,0.0,Failed Verification
Q122,Presence of ISO 14001:2015 certifications,Presence of ISO 14001:2015 certifications ISO Country Code Of Place Of Maintenance Of Computer Servers Storing Accounting Data,Country Of Other Stock Exchange - Stock Exchange3,11.2042,Remarks For Assurance Of Data Breaches Information Like Number Of Instances Of Data Breaches Along With Impact And Percentage Of Data Breaches Involving Personally Identifiable Information Of Customers,15.7774,Assurance Sub Type For Data Breaches Information Like Number Of Instances Of Data Breaches Along With Impact And Percentage Of Data Breaches Involving Personally Identifiable Information Of Customers,15.5803,Whether Data Breaches Information Like Number Of Instances Of Data Breaches Along With Impact And Percentage Of Data Breaches Involving Personally Identifiable Information Of Customers Is Assured By Assurer,15.3514,Low Confidence,Country Of Other Stock Exchange - Stock Exchange3,11.1627,0.7946,0.0,Failed Verification
Q123,Does the entity implement carbon pricing mechanism/model?,Does the entity implement carbon pricing mechanism/model? Description Of Other Inputs To Options Pricing Model Share Options Granted,Remarks For Assurance Of Percentage Of Input Material Inputs To Total Inputs By Value Sourced From Suppliers,15.4117,Remarks For Assurance Of Number Of Days Of Accounts Payables,16.977,Remarks For Assurance Of Percentage Of Input Material Inputs To Total Inputs By Value Sourced From Suppliers,15.4117,Number Of Days Of Accounts Payable,14.3232,Low Confidence,Remarks For Assurance Of Percentage Of Input Material Inputs To Total Inputs By Value Sourced From Suppliers,11.134,0.6577,0.0,Weak Match - Review
Q124,Does the company have a policy on environmental management and is it available publicly,Does the company have a policy on environmental management and is it available publicly Name Of Stock Exchange Where The Company Is Listed,Name Of Stock Exchange Where The Company Is Listed - Stock Exchange1,36.2608,Name Of Stock Exchange Where The Company Is Listed - Stock Exchange3,36.2608,Name Of Stock Exchange Where The Company Is Listed - Stock Exchange4,36.2608,Name Of Stock Exchange Where The Company Is Listed - Stock Exchange1,36.2608,Ambiguous,Name Of Stock Exchange Where The Company Is Listed - Stock Exchange1,41.3564,0.5603,0.0,Weak Match - Review
Q125,"Is the entity compliant with the appliacble environmental law/regulations/guidelines for India; such as the Water (Prevention and Control of Pollution) Act, AIr (Prevention and Control of Pollution) Act, Environmental protection act and rules thereunder (Y/N). If not, provide details of all such non compliances","Is the entity compliant with the appliacble environmental law/regulations/guidelines for India; such as the Water (Prevention and Control of Pollution) Act, AIr (Prevention and Control of Pollution) Act, Environmental protection act and rules thereunder (Y/N). If not, provide details of all such non compliances Operating And Maintenance Cost Of Emission And Other Pollution Reduction Equipments",Provide Details Of The Non Compliance - Law Or Regulation Or Guidelines7,41.0119,Provide Details Of The Non Compliance - Law Or Regulation Or Guidelines7,41.0119,Provide Details Of The Non Compliance - Law Or Regulation Or Guidelines3,37.0774,Provide Details Of The Non Compliance - Law Or Regulation Or Guidelines2,37.0774,High Confidence,Provide Details Of The Non Compliance - Law Or Regulation Or Guidelines7,24.5838,0.8326,0.0,Failed Verification
Q126,Does the company have a strategy for climate change adaptation and mitigation,Does the company have a strategy for climate change adaptation and mitigation Whether Company Has Published Sustainability Report For The Financial Year,Assurer Has Assured Whether The Entity Have Any Sites Or Facilities Identified As Designated Consumers Under The Performance Achieve And Trade Scheme Of The Government Of India,19.4764,Assurer Has Assured Whether The Entity Have ASpecified Committee Of The Board Or Director Responsible For Decision Making On Sustainability Related Issues,20.767,Assurer Has Assured Whether The Entity Have Any Sites Or Facilities Identified As Designated Consumers Under The Performance Achieve And Trade Scheme Of The Government Of India,19.4764,Does The Entity Have ASpecified Committee Of The Board Or Director Responsible For Decision Making On Sustainability Related Issues,19.3829,High Confidence,Assurer Has Assured Whether The Entity Have Any Sites Or Facilities Identified As Designated Consumers Under The Performance Achieve And Trade Scheme Of The Government Of India,12.0065,0.7368,0.0,Failed Verification
Q127,Discussion of the integration of environmental considerations into strategic planning for data centre needs,Discussion of the integration of environmental considerations into strategic planning for data centre needs Number Of Employees In The Company At The End Of The Financial Year,Consumer Complaints Pending Resolution At End Of Year - Data Privacy Member,20.6313,Remarks For Assurance Of Details Of Employees As At The End Of Financial Year,23.0901,Assurance Sub Type For Details Of Employees As At The End Of Financial Year,22.7288,Number Of Complaints Pending Resolution At The End Of Year - Working Conditions Complaints Member,21.2938,Ambiguous,Consumer Complaints Pending Resolution At End Of Year - Data Privacy Member,19.6639,0.7273,0.0,Failed Verification
Q128,"Are there any social or environmental concerns and/or risks arising from production or disposal of products, as identified in the Life Cycle Perspective/Assessments","Are there any social or environmental concerns and/or risks arising from production or disposal of products, as identified in the Life Cycle Perspective/Assessments CSR Project Or Activity Identified",Remarks For Assurance Of Details Of Significant Social Or Environmental Concerns From Production Or Disposal Of Product Or Service With Action Taken To Mitigate The Same,28.0797,Remarks For Assurance Of Details Of Significant Social Or Environmental Concerns From Production Or Disposal Of Product Or Service With Action Taken To Mitigate The Same,28.0797,Assurance Sub Type For Details Of Significant Social Or Environmental Concerns From Production Or Disposal Of Product Or Service With Action Taken To Mitigate The Same,27.6954,Whether Details Of Significant Social Or Environmental Concerns From Production Or Disposal Of Product Or Service With Action Taken To Mitigate The Same Is Assured By Assurer,27.0863,Ambiguous,Remarks For Assurance Of Details Of Significant Social Or Environmental Concerns From Production Or Disposal Of Product Or Service With Action Taken To Mitigate The Same,25.5592,0.7055,0.0,Failed Verification
Q129,"Has the company taken initiatives to use reusable, recyclable or compostable packagin","Has the company taken initiatives to use reusable, recyclable or compostable packagin Steps Taken By The Company For Utilising Alternate Sources Of Energy Explanatory",Total Electricity Consumption From Non Renewable Sources,22.8,Total Fuel Consumption From Renewable Sources,23.7763,Total Electricity Consumption From Renewable Sources,23.7763,Total Fuel Consumption From Non Renewable Sources,22.8,Ambiguous,Total Electricity Consumption From Non Renewable Sources,6.4018,0.7557,0.034,Failed Verification
Q130,What are the intiatives taken to reduce plastic packaging,What are the intiatives taken to reduce plastic packaging Steps Taken By The Company For Utilising Alternate Sources Of Energy Explanatory,Total Fuel Consumption From Renewable Sources,23.7763,Total Fuel Consumption From Renewable Sources,23.7763,Total Electricity Consumption From Renewable Sources,23.7763,Total Fuel Consumption From Non Renewable Sources,22.8,Ambiguous,Total Fuel Consumption From Renewable Sources,6.6932,0.7632,0.028,Failed Verification
Q131,Turnover of products and/or services as a percentage of turover from all products/service that carry information about the recycling and/or safe disposal,Turnover of products and/or services as a percentage of turover from all products/service that carry information about the recycling and/or safe disposal Products And Services Domain,Assurance Sub Type For Turnover Of Products And Or Services As APercentage Of Turnover From All Products Or Service That Carry Information About As APercentage To Total Turnover,44.4692,Remarks For Assurance Of Turnover Of Products And Or Services As APercentage Of Turnover From All Products Or Service That Carry Information About As APercentage To Total Turnover,44.8522,Assurance Sub Type For Turnover Of Products And Or Services As APercentage Of Turnover From All Products Or Service That Carry Information About As APercentage To Total Turnover,44.4692,Whether Turnover Of Products And Or Services As APercentage Of Turnover From All Products Or Service That Carry Information About As APercentage To Total Turnover Is Assured By Assurer,43.6791,Ambiguous,Assurance Sub Type For Turnover Of Products And Or Services As APercentage Of Turnover From All Products Or Service That Carry Information About As APercentage To Total Turnover,56.7116,0.5703,0.0,Weak Match - Review
Q132,Does your company have a publicly available no deforestation policy or commitment that applies to your company’s operational practices,Does your company have a publicly available no deforestation policy or commitment that applies to your company’s operational practices Statement That Remuneration Is As Per Remuneration Policy Of Company,Whether Information Available In Public Domain - Public Policy1,16.8742,Does The Entity Have An Equal Opportunity Policy As Per The Rights Of Persons With Disabilities Act2016,19.397,Percentage Of Health And Safety Practices Of Your Plants And Offices That Were Assessed P3,17.2935,Whether Information Available In Public Domain - Public Policy3,16.8742,Low Confidence,Whether Information Available In Public Domain - Public Policy1,5.9565,0.7887,0.034,Failed Verification
Q133,Does the company owns/lease/manages forest land for its operations,Does the company owns/lease/manages forest land for its operations Disclosure In Auditors Report Relating To Fraud By The Company Or On The Company By Its Officers Or Its Employees Reported During Period,Remarks For Assurance Of Name And Contact Details Of The Contact Person In Case Of Any Queries On The BRSRReport,14.2152,Remarks For Assurance Of Name And Contact Details Of The Contact Person In Case Of Any Queries On The BRSRReport,14.2152,Whether Name And Contact Details Of The Contact Person In Case Of Any Queries On The BRSRReport Is Assured By Assurer,13.8975,Assurance Sub Type For Name And Contact Details Of The Contact Person In Case Of Any Queries On The BRSRReport,13.8341,Low Confidence,Remarks For Assurance Of Name And Contact Details Of The Contact Person In Case Of Any Queries On The BRSRReport,10.2508,0.7383,0.002,Failed Verification
Q134,Are there any intiatives taken with respect to sustainable agriclutire by the company,Are there any intiatives taken with respect to sustainable agriclutire by the company Whether These Are In Accordance With The Books Of Accounts Maintained By The Company Explanatory,Whether Details Of Complaints With Regard To Conflict Of Interest Is Assured By Assurer,18.6008,Whether Details Of Complaints With Regard To Conflict Of Interest Is Assured By Assurer,18.6008,Whether Any Steps Are Being Taken By The Entity If The Premises Or Offices Of The Entity Not Accessible To Differently Abled Employees And Workers Explanatory Text Block,17.404,Whether The Entity Have Procedures In Place For Sustainable Sourcing And Percentage Of Inputs Were Sourced Sustainably Is Assured By Assurer,17.1989,High Confidence,Whether Details Of Complaints With Regard To Conflict Of Interest Is Assured By Assurer,14.9199,0.6957,0.0,Weak Match - Review
Q135,Is the manufacturing smart farm equipments/machinery,Is the manufacturing smart farm equipments/machinery Repairs To Machinery,It Is Planned To Be Done In The Next Financial Year - Principle2 Member,11.5466,It Is Planned To Be Done In The Next Financial Year - Principle4 Member,11.5466,It Is Planned To Be Done In The Next Financial Year - Principle5 Member,11.5466,It Is Planned To Be Done In The Next Financial Year - Principle7 Member,11.5466,Low Confidence,It Is Planned To Be Done In The Next Financial Year - Principle2 Member,6.7459,0.6623,0.008,Weak Match - Review
Q136,"Is the company exposed to animal products and are these certified or accredited by one or more independent third party? If yes, does the company demand or monitor such certification or accreditation from its suppliers?","Is the company exposed to animal products and are these certified or accredited by one or more independent third party? If yes, does the company demand or monitor such certification or accreditation from its suppliers? Disclosure In Auditors Report Relating To Fraud By The Company Or On The Company By Its Officers Or Its Employees Reported During Period",Whether Weblink Where Information On Products And Services Of The Entity Can Be Accessed Is Assured By Assurer,22.4335,Whether Weblink Where Information On Products And Services Of The Entity Can Be Accessed Is Assured By Assurer,22.4335,Whether APreferential Procurement Policy Where Preference To Purchase From Suppliers Comprising Marginalized Or Vulnerable Groups And Its Percentage Of Total Procurement By Value Does It Constitute Is Assured By Assurer,19.7211,Whether Details Of Measures For The Well Being Of Employees And Workers And Spending On It Is Assured By Assurer,19.2759,High Confidence,Whether Weblink Where Information On Products And Services Of The Entity Can Be Accessed Is Assured By Assurer,19.6257,0.8203,0.0,Failed Verification
Q137,What are the initiatives taken with respect to Chemical Sagety management,What are the initiatives taken with respect to Chemical Sagety management Whether These Are In Accordance With The Books Of Accounts Maintained By The Company Explanatory,Whether Details Of Waste Management Practices Adopted In Your Establishments And The Strategy Adopted By Company To Reduce Usage Of Hazardous And Toxic Chemicals Is Assured By Assurer,18.8891,Details Of Waste Management Practices Adopted In Your Establishments And The Strategy Adopted By Company To Reduce Usage Of Hazardous And Toxic Chemicals Explanatory Text Block,19.4758,Whether Details Of Waste Management Practices Adopted In Your Establishments And The Strategy Adopted By Company To Reduce Usage Of Hazardous And Toxic Chemicals Is Assured By Assurer,18.8891,Whether Details Of Complaints With Regard To Conflict Of Interest Is Assured By Assurer,18.6008,Ambiguous,Whether Details Of Waste Management Practices Adopted In Your Establishments And The Strategy Adopted By Company To Reduce Usage Of Hazardous And Toxic Chemicals Is Assured By Assurer,14.6364,0.6479,0.0,Weak Match - Review
Q138,Does the company have waste heat recovery systems for enchancing energy efficiency (Cement),Does the company have waste heat recovery systems for enchancing energy efficiency (Cement) Steps Taken By The Company For Utilising Alternate Sources Of Energy Explanatory,Waste Recovered Through Other Recovery Operations,25.6475,Waste Recovered Through Other Recovery Operations,25.6475,Total Electricity Consumption From Renewable Sources,23.7763,Total Fuel Consumption From Renewable Sources,23.7763,High Confidence,Waste Recovered Through Other Recovery Operations,16.1555,0.8088,0.0,Failed Verification
Q139,"Is the forestland certified as per international sustainable forest management standards such as FSC, PEFC, SFI","Is the forestland certified as per international sustainable forest management standards such as FSC, PEFC, SFI Profit Loss For The Period As Per Ind As",Whether Name Of The National And International Codes Or Certifications Or Labels Or Standards Adopted By Your Entity And Mapped To Each Principle Is Assured By Assurer,13.1485,Net Worth,13.9894,Whether Name Of The National And International Codes Or Certifications Or Labels Or Standards Adopted By Your Entity And Mapped To Each Principle Is Assured By Assurer,13.1485,Remarks For Assurance Of Name Of The National And International Codes Or Certifications Or Labels Or Standards Adopted By Your Entity And Mapped To Each Principle,12.6577,Low Confidence,Whether Name Of The National And International Codes Or Certifications Or Labels Or Standards Adopted By Your Entity And Mapped To Each Principle Is Assured By Assurer,12.5962,0.685,0.002,Weak Match - Review
Q140,What measures are taken to reduce marine pollution and manage ballast water,What measures are taken to reduce marine pollution and manage ballast water Cost Water Charges,Amount Of Cost Incurred On Well Being Measures,16.0169,Remarks For Assurance Of Water Withdrawal Or Consumption And Discharge In Areas Of Water Stress In Kilolitres,16.9293,Assurance Sub Type For Water Withdrawal Or Consumption And Discharge In Areas Of Water Stress In Kilolitres,16.2828,Amount Of Cost Incurred On Well Being Measures,16.0169,Low Confidence,Amount Of Cost Incurred On Well Being Measures,13.7569,0.7125,0.0,Failed Verification
Q141,Does the company comply with new regilation of Energy Efficiency Existing Ship (require al ships above 400GT),Does the company comply with new regilation of Energy Efficiency Existing Ship (require al ships above 400GT) Steps Taken By The Company For Utilising Alternate Sources Of Energy Explanatory,Total Fuel Consumption From Renewable Sources - Previous Year,21.9006,Total Fuel Consumption From Renewable Sources,23.7763,Total Electricity Consumption From Renewable Sources,23.7763,Total Fuel Consumption From Non Renewable Sources,22.8,Ambiguous,Total Fuel Consumption From Renewable Sources - Previous Year,6.1346,0.7919,0.034,Failed Verification
Q142,Are there any initiatives to promot sustainable shipping practices or reduce the carbon footprint of port operations,Are there any initiatives to promot sustainable shipping practices or reduce the carbon footprint of port operations Whether There Are Any Major Customers,Whether Details Of Number Of Locations Where Plants And Or Operations Or Offices Of The Entity Are Situated Is Assured By Assurer,17.9742,Did Your Entity Carry Out Any Survey With Regard To Consumer Satisfaction Relating To The Major Products Or Services Of The Entity Significant Locations Of Operation Of The Entity Or The Entity As AWhole,18.2246,Whether Details Of Number Of Locations Where Plants And Or Operations Or Offices Of The Entity Are Situated Is Assured By Assurer,17.9742,Does The Entity Have Procedures In Place For Sustainable Sourcing,17.0791,Ambiguous,Whether Details Of Number Of Locations Where Plants And Or Operations Or Offices Of The Entity Are Situated Is Assured By Assurer,14.1683,0.7119,0.0,Failed Verification
Q143,Does the copmany manufacture electric or alternate fuel bsaed vessel/ships or related components for the same?,Does the copmany manufacture electric or alternate fuel bsaed vessel/ships or related components for the same? Steps Taken By The Company For Utilising Alternate Sources Of Energy Explanatory,Total Fuel Consumption From Non Renewable Sources,22.8,Total Electricity Consumption From Renewable Sources,23.7763,Total Fuel Consumption From Renewable Sources,23.7763,Total Fuel Consumption From Non Renewable Sources,22.8,Ambiguous,Total Fuel Consumption From Non Renewable Sources,15.8597,0.8176,0.0,Failed Verification
Q144,Is company using sustainable alternative fuels liek SAF in its fleet,Is company using sustainable alternative fuels liek SAF in its fleet Whether Company Is Listed Company,It Is Planned To Be Done In The Next Financial Year - Principle9 Member,14.6324,It Is Planned To Be Done In The Next Financial Year - Principle3 Member,14.6324,It Is Planned To Be Done In The Next Financial Year - Principle5 Member,14.6324,It Is Planned To Be Done In The Next Financial Year - Principle9 Member,14.6324,Low Confidence,It Is Planned To Be Done In The Next Financial Year - Principle9 Member,8.4822,0.6813,0.002,Weak Match - Review
Q145,Is there any commitment or plan to shift to alternate fuels such as SAF,Is there any commitment or plan to shift to alternate fuels such as SAF Whether There Is Any Departure From Ind AS,Is There AMechanism Available To Receive And Redress Grievances For Permanent Employees,16.3526,Whether The Waste Collection Plan Is In Line With The Extended Producer Responsibility Plan Submitted To Pollution Control Boards,16.8374,Is There AMechanism Available To Receive And Redress Grievances For Permanent Employees,16.3526,Is There AMechanism Available To Receive And Redress Grievances For Permanent Workers,16.3526,Low Confidence,Is There AMechanism Available To Receive And Redress Grievances For Permanent Employees,25.4518,0.6837,0.0,Weak Match - Review
Q146,Has the company partnered with airframe and tehnology manufacturesre to increase fuel efficiency and reduce environmental impact,Has the company partnered with airframe and tehnology manufacturesre to increase fuel efficiency and reduce environmental impact Power And Fuel,Assurance Sub Type For Percentage Of Value Chain Partners By Value Of Business Done With Such Partners That Were Assessed For Environmental Impacts,12.5704,Percentage Of Value Chain Partners By Value Of Business Done With Such Partners That Were Assessed For Environmental Impacts,13.8097,Remarks For Assurance Of Percentage Of Value Chain Partners By Value Of Business Done With Such Partners That Were Assessed For Environmental Impacts,12.5704,Assurance Sub Type For Percentage Of Value Chain Partners By Value Of Business Done With Such Partners That Were Assessed For Environmental Impacts,12.5704,Low Confidence,Assurance Sub Type For Percentage Of Value Chain Partners By Value Of Business Done With Such Partners That Were Assessed For Environmental Impacts,4.7117,0.7059,0.042,Failed Verification
Q147,"Does the company measure or track the age of aircrafts? If yes, the what is the average of company’s air fleet","Does the company measure or track the age of aircrafts? If yes, the what is the average of company’s air fleet Number Of Employees In The Company At The End Of The Financial Year",Average Number Of Female Employees Or Workers At The Beginning Of The Year And As At End Of The Year,26.8456,Average Number Of Female Employees Or Workers At The Beginning Of The Year And As At End Of The Year,26.8456,Average Number Of Female Employees Or Workers At The Beginning Of The Year And As At End Of The Year - Previous Year,26.1693,Whether Details Of Employees As At The End Of Financial Year Is Assured By Assurer,23.9238,Ambiguous,Average Number Of Female Employees Or Workers At The Beginning Of The Year And As At End Of The Year,37.9955,0.6667,0.0,Weak Match - Review
Q148,Does the company monitor and measure noise levels? Are they compliant with noise regulations,Does the company monitor and measure noise levels? Are they compliant with noise regulations Whether These Are In Accordance With The Books Of Accounts Maintained By The Company Explanatory,Remarks For Assurance Of Whether The Entity Compliant With The Applicable Environmental Law,16.8415,Remarks For Assurance Of Whether The Entity Compliant With The Applicable Environmental Law,16.8415,Whether Any Steps Are Being Taken By The Entity If The Premises Or Offices Of The Entity Not Accessible To Differently Abled Employees And Workers Explanatory Text Block,15.9054,Assurer Has Assured Whether The Entity Compliant With The Applicable Environmental Law,15.7649,Low Confidence,Remarks For Assurance Of Whether The Entity Compliant With The Applicable Environmental Law,22.4031,0.7021,0.0,Failed Verification
Q149,Does the company’s policy and measures align with International Civil Aviation Organisation’s Balance Approach,Does the company’s policy and measures align with International Civil Aviation Organisation’s Balance Approach Balance With Banks,Remarks For Assurance Of Whether The Waste Collection Plan Is In Line With The Extended Producer Responsibility Plan Submitted To Pollution Control Boards And Steps Taken To Address The Waste Collection Plan If Not Submitted,20.7922,Remarks For Assurance Of Whether The Waste Collection Plan Is In Line With The Extended Producer Responsibility Plan Submitted To Pollution Control Boards And Steps Taken To Address The Waste Collection Plan If Not Submitted,20.7922,Assurer Has Assured Whether The Waste Collection Plan Is In Line With The Extended Producer Responsibility Plan Submitted To Pollution Control Boards And Steps Taken To Address The Waste Collection Plan If Not Submitted,20.2033,Assurance Sub Type For Whether The Waste Collection Plan Is In Line With The Extended Producer Responsibility Plan Submitted To Pollution Control Boards And Steps Taken To Address The Waste Collection Plan If Not Submitted,19.8754,Ambiguous,Remarks For Assurance Of Whether The Waste Collection Plan Is In Line With The Extended Producer Responsibility Plan Submitted To Pollution Control Boards And Steps Taken To Address The Waste Collection Plan If Not Submitted,5.6851,0.7961,0.034,Failed Verification
Q150,Does the company have oil spill/gas leak action plan,Does the company have oil spill/gas leak action plan Description Of Accounting Policy For Oil And Gas Assets Explanatory,Description Of Main Activity - Details Of Business Activities Accounting For Ninety Percent Of The Turnover Domain1,19.7388,Description Of Main Activity - Details Of Business Activities Accounting For Ninety Percent Of The Turnover Domain10,19.7388,Description Of Main Activity - Details Of Business Activities Accounting For Ninety Percent Of The Turnover Domain3,19.7388,Description Of Business Activity - Details Of Business Activities Accounting For Ninety Percent Of The Turnover Domain5,19.7388,Ambiguous,Description Of Main Activity - Details Of Business Activities Accounting For Ninety Percent Of The Turnover Domain1,11.0355,0.5755,0.0,Weak Match - Review
Q151,Did the company experience any spills for the current and previous years,Did the company experience any spills for the current and previous years Current Tax Pertaining To Previous Years,Total Revenue Of The Company - Previous Year,18.0422,Total Revenue Of The Company - Previous Year,18.0422,Revenue From Operations - Previous Year,15.9528,Percentage Of Cost Incurred On Well Being Measures With Respect To Total Revenue Of The Company - Previous Year,14.1979,High Confidence,Total Revenue Of The Company - Previous Year,12.1532,0.6848,0.0,Weak Match - Review
Q152,Does the entity have a system to finance sustainable projects,Does the entity have a system to finance sustainable projects Transfers Under Finance Agreements To Entity Related Party Transactions,Percentage Of Sales To Related Parties In Total Sales For Share Of Related Party Transactions,23.0298,Percentage Of Sales To Related Parties In Total Sales For Share Of Related Party Transactions,23.0298,Does The Entity Have Any Sites Or Facilities Identified As Designated Consumers Under The Performance Achieve And Trade Scheme Of The Government Of India,22.6758,Does The Entity Have Procedures In Place For Sustainable Sourcing,22.4739,Ambiguous,Percentage Of Sales To Related Parties In Total Sales For Share Of Related Party Transactions,20.1961,0.5794,0.0,Weak Match - Review
Q153,Are ESG factors incorporated in the lending and investment decisions,Are ESG factors incorporated in the lending and investment decisions Whether These Are In Accordance With The Books Of Accounts Maintained By The Company Explanatory,Percentage Of Investments In Related Parties In Total Investments,15.0191,Details Of Instances As To How The Inputs Received From Stakeholders On These Topics Were Incorporated Into Policies And Activities Of The Entity Explanatory Text Block,18.3659,Percentage Of Investments In Related Parties In Total Investments,15.0191,Whether Number Of Days Of Accounts Payables Is Assured By Assurer,14.8206,Low Confidence,Percentage Of Investments In Related Parties In Total Investments,6.2268,0.7955,0.006,Failed Verification
Q154,Does the company follow sustainable mining practices,Does the company follow sustainable mining practices Number Of Employees In The Company At The End Of The Financial Year,Consumer Complaints Pending Resolution At End Of Year - Restrictive Trade Practices Member,20.1394,Remarks For Assurance Of Details Of Employees As At The End Of Financial Year,21.7549,Assurance Sub Type For Details Of Employees As At The End Of Financial Year,21.3935,Whether Details Of Employees As At The End Of Financial Year Is Assured By Assurer,20.7512,Ambiguous,Consumer Complaints Pending Resolution At End Of Year - Restrictive Trade Practices Member,18.5944,0.6321,0.0,Weak Match - Review
Q155,Does the company have tailing management system after mining,Does the company have tailing management system after mining Number Of Employees In The Company At The End Of The Financial Year,Number Of Complaints Pending Resolution At The End Of Year - Wages Member - Previous Year,17.2919,Remarks For Assurance Of Details Of Employees As At The End Of Financial Year,21.7549,Assurance Sub Type For Details Of Employees As At The End Of Financial Year,21.3935,Whether Details Of Employees As At The End Of Financial Year Is Assured By Assurer,20.7512,Low Confidence,Number Of Complaints Pending Resolution At The End Of Year - Wages Member - Previous Year,19.7936,0.5926,0.0,Weak Match - Review
Q156,"Does the company have a publicly available policy in place for mining from conflict affected and high risk areas. If yes, provide details","Does the company have a publicly available policy in place for mining from conflict affected and high risk areas. If yes, provide details Details If Exemption Is Granted For Statement Under Section 129",Whether The Entity Have Processes In Place To Avoid Or Manage Conflict Of Interests Involving Members Of The Board Is Assured By Assurer,18.8234,Does The Entity Have Processes In Place To Avoid Or Manage Conflict Of Interests Involving Members Of The Board,20.6714,Does The Entity Have Procedures In Place For Sustainable Sourcing,19.0123,Whether The Entity Have Processes In Place To Avoid Or Manage Conflict Of Interests Involving Members Of The Board Is Assured By Assurer,18.8234,High Confidence,Whether The Entity Have Processes In Place To Avoid Or Manage Conflict Of Interests Involving Members Of The Board Is Assured By Assurer,16.9104,0.7922,0.0,Failed Verification
Q157,Does the company undertake intiatives or programs to raise awareness about sustainability challenges and opportunities in the natural rubber industry for suppliers,Does the company undertake intiatives or programs to raise awareness about sustainability challenges and opportunities in the natural rubber industry for suppliers Whether Company Has Published Sustainability Report For The Financial Year,Whether Awareness Programmes Conducted For Value Chain Partners On Any Of The Principles During The Financial Year Is Assured By Assurer,19.9487,Whether Awareness Programmes Conducted For Value Chain Partners On Any Of The Principles During The Financial Year Is Assured By Assurer,19.9487,Remarks For Assurance Of Awareness Programmes Conducted For Value Chain Partners On Any Of The Principles During The Financial Year,19.3349,Assurance Sub Type For Awareness Programmes Conducted For Value Chain Partners On Any Of The Principles During The Financial Year,18.6989,Ambiguous,Whether Awareness Programmes Conducted For Value Chain Partners On Any Of The Principles During The Financial Year Is Assured By Assurer,18.8116,0.7091,0.0,Failed Verification
Q158,What measures are in palce to ensure public sagety and security at facilities?,What measures are in palce to ensure public sagety and security at facilities? Description Of How Entity Establishes Hedge Ratio And What Sources Of Hedge Ineffectiveness Are,Remarks For Assurance Of Measures Taken By The Entity To Ensure ASafe And Healthy Work Place,16.1652,Average Number Of Female Employees Or Workers At The Beginning Of The Year And As At End Of The Year,17.0411,Average Number Of Female Employees Or Workers At The Beginning Of The Year And As At End Of The Year - Previous Year,16.29,Remarks For Assurance Of Measures Taken By The Entity To Ensure ASafe And Healthy Work Place,16.1652,Low Confidence,Remarks For Assurance Of Measures Taken By The Entity To Ensure ASafe And Healthy Work Place,16.9519,0.7444,0.0,Failed Verification
Q159,How are potential security threats and emergencies addressed,How are potential security threats and emergencies addressed Indication Of How Frequently Hedging Relationships Are Discontinued And Restarted,Date Of Start Of Prior To Previous Year,14.6197,Date Of Start Of Prior To Previous Year,14.6197,Date Of Start Of Previous Year,13.1168,Date Of Start Of Financial Year,13.1168,Low Confidence,Date Of Start Of Prior To Previous Year,0.4477,0.8291,0.066,Failed Verification
Q160,Is the company using low carbon vehicle and equipments in its ports to carry out operations,Is the company using low carbon vehicle and equipments in its ports to carry out operations Disclosure In Auditors Report Relating To Fraud By The Company Or On The Company By Its Officers Or Its Employees Reported During Period,It Is Planned To Be Done In The Next Financial Year - Principle6 Member,21.3344,It Is Planned To Be Done In The Next Financial Year - Principle6 Member,21.3344,Whether Weblink Where Information On Products And Services Of The Entity Can Be Accessed Is Assured By Assurer,19.4523,Did Your Entity Carry Out Any Survey With Regard To Consumer Satisfaction Relating To The Major Products Or Services Of The Entity Significant Locations Of Operation Of The Entity Or The Entity As AWhole,19.368,High Confidence,It Is Planned To Be Done In The Next Financial Year - Principle6 Member,15.234,0.8125,0.0,Failed Verification
Q161,Are the ESG related factors being monitored in investee companies/lending processes,Are the ESG related factors being monitored in investee companies/lending processes Whether These Are In Accordance With The Books Of Accounts Maintained By The Company Explanatory,Statement By Director Responsible For The Business Responsibility Report Highlighting ESGRelated Challenges Targets And Achievements Explanatory Text Block,14.797,Whether Number Of Days Of Accounts Payables Is Assured By Assurer,14.8206,Statement By Director Responsible For The Business Responsibility Report Highlighting ESGRelated Challenges Targets And Achievements Explanatory Text Block,14.797,Whether Statement By Director Responsible For The Business Responsibility Report Highlighting ESGRelated Challenges Targets And Achievements Is Assured By Assurer,14.2382,Low Confidence,Statement By Director Responsible For The Business Responsibility Report Highlighting ESGRelated Challenges Targets And Achievements Explanatory Text Block,8.0127,0.6923,0.004,Weak Match - Review
Q162,Does the company lend towards Electric Vehicles,Does the company lend towards Electric Vehicles Appropriation Towards Bonus Shares,Whether Details Of Total Energy Consumption And Energy Intensity Applicable To The Company,11.519,Whether Details Of Total Energy Consumption And Energy Intensity Applicable To The Company,11.519,Remarks For Assurance Of Details Of Total Energy Consumption In Joules Or Multiples And Energy Intensity,8.8278,Energy Intensity Per Rupee Of Turnover,8.6894,Low Confidence,Whether Details Of Total Energy Consumption And Energy Intensity Applicable To The Company,3.7782,0.6471,0.028,Weak Match - Review
Q163,Does the company have ESG related products/services?,Does the company have ESG related products/services? Products And Services Domain,Does The Entity Have Any Project Related To Reducing Green House Gas Emission,12.6388,Does The Entity Have Any Project Related To Reducing Green House Gas Emission,12.6388,Does The Entity Have An Equal Opportunity Policy As Per The Rights Of Persons With Disabilities Act2016,12.5397,Name Of Product Or Service - Product Or Service Domain19,12.5055,Low Confidence,Does The Entity Have Any Project Related To Reducing Green House Gas Emission,12.601,0.5897,0.0,Weak Match - Review
Q164,Does the company integrate ESG aspects in its insurance underwriting process for non life non health insurance reinsurance,Does the company integrate ESG aspects in its insurance underwriting process for non life non health insurance reinsurance Non Controlling Interest,Details Of The Entity Have Not Applicable Processes In Place To Avoid Or Manage Conflict Of Interests Involving Members Of The Board Explanatory Text Block,16.0503,Does The Entity Have Processes In Place To Avoid Or Manage Conflict Of Interests Involving Members Of The Board,17.3469,Details Of The Entity Have Not Applicable Processes In Place To Avoid Or Manage Conflict Of Interests Involving Members Of The Board Explanatory Text Block,16.0503,Remarks For Assurance Of The Entity Have Processes In Place To Avoid Or Manage Conflict Of Interests Involving Members Of The Board,15.0499,Low Confidence,Details Of The Entity Have Not Applicable Processes In Place To Avoid Or Manage Conflict Of Interests Involving Members Of The Board Explanatory Text Block,2.774,0.7087,0.118,Failed Verification
Q165,Does your company offer eSG based products within its non life non health insurance business segment,Does your company offer eSG based products within its non life non health insurance business segment Non Controlling Interest,Details Of Your Entitys Policy Or Policies Has Not Applicable Each Principle And Its Core Elements Of The NGRBCs Explanatory Text Block - Principle2 Member,18.346,Details Of Your Entitys Policy Or Policies Has Not Applicable Each Principle And Its Core Elements Of The NGRBCs Explanatory Text Block - Principle1 Member,18.346,Details Of Your Entitys Policy Or Policies Has Not Applicable Each Principle And Its Core Elements Of The NGRBCs Explanatory Text Block - Principle3 Member,18.346,Details Of Your Entitys Policy Or Policies Has Not Applicable Each Principle And Its Core Elements Of The NGRBCs Explanatory Text Block - Principle9 Member,18.346,Ambiguous,Details Of Your Entitys Policy Or Policies Has Not Applicable Each Principle And Its Core Elements Of The NGRBCs Explanatory Text Block - Principle2 Member,6.5869,0.7557,0.01,Failed Verification
Q166,Does the company participate in the GRESB for real estate benchmark assessment,Does the company participate in the GRESB for real estate benchmark assessment Number Of Employees In The Company At The End Of The Financial Year,Number Of Complaints Pending Resolution At The End Of Year - Otherhumanrightsrelatedissues Member,17.4938,Remarks For Assurance Of Details Of Employees As At The End Of Financial Year,23.0901,Assurance Sub Type For Details Of Employees As At The End Of Financial Year,22.7288,Whether Details Of Employees As At The End Of Financial Year Is Assured By Assurer,20.7512,Ambiguous,Number Of Complaints Pending Resolution At The End Of Year - Otherhumanrightsrelatedissues Member,21.571,0.6417,0.0,Weak Match - Review
Q167,Is the company currently operating/deploying low carbon fleet (EVs or other vehicles) in its logistics business or do they have a plan to shift current feet to low carbon alternative fleet,Is the company currently operating/deploying low carbon fleet (EVs or other vehicles) in its logistics business or do they have a plan to shift current feet to low carbon alternative fleet Disclosure In Auditors Report Relating To Fraud By The Company Or On The Company By Its Officers Or Its Employees Reported During Period,Do You Have AFocal Point Responsible For Addressing Human Rights Impacts Or Issues Caused Or Contributed To By The Business,22.2615,Do You Have AFocal Point Responsible For Addressing Human Rights Impacts Or Issues Caused Or Contributed To By The Business,22.2615,It Is Planned To Be Done In The Next Financial Year - Principle6 Member,21.3344,Remarks For Assurance Of Whether Do You Have AFocal Point Responsible For Addressing Human Rights Impacts Or Issues Caused Or Contributed To By The Business,20.8203,Ambiguous,Do You Have AFocal Point Responsible For Addressing Human Rights Impacts Or Issues Caused Or Contributed To By The Business,27.083,0.7991,0.0,Failed Verification
Q168,Does the company have End of Life Vehicles management,Does the company have End of Life Vehicles management Number Of Employees In The Company At The End Of The Financial Year,Number Of Complaints Pending Resolution At The End Of Year - Child Labour Member,16.9396,Remarks For Assurance Of Details Of Employees As At The End Of Financial Year,21.7549,Assurance Sub Type For Details Of Employees As At The End Of Financial Year,21.3935,Whether Details Of Employees As At The End Of Financial Year Is Assured By Assurer,20.7512,Low Confidence,Number Of Complaints Pending Resolution At The End Of Year - Child Labour Member,24.592,0.5888,0.0,Weak Match - Review
Q169,What steps are taken by the company to mitigate any potential health impacts of tyre and rubber product manufacturing on local communities,What steps are taken by the company to mitigate any potential health impacts of tyre and rubber product manufacturing on local communities Steps Taken By The Company For Utilising Alternate Sources Of Energy Explanatory,Details Of Product Information On The Product Over And Above What Is Mandated As Per Local Laws Explanatory Text Block,24.1551,Details Of Product Information On The Product Over And Above What Is Mandated As Per Local Laws Explanatory Text Block,24.1551,Total Electricity Consumption From Renewable Sources,23.7763,Total Fuel Consumption From Renewable Sources,23.7763,Ambiguous,Details Of Product Information On The Product Over And Above What Is Mandated As Per Local Laws Explanatory Text Block,24.2892,0.7532,0.0,Failed Verification
Q170,"Does the company have a strategy or initiative in place to enourage small forest owners and timber suppliers to adopt best practices or sustainable management in order to obtain certification from recognized systems such as PEF, FSC or equivalent","Does the company have a strategy or initiative in place to enourage small forest owners and timber suppliers to adopt best practices or sustainable management in order to obtain certification from recognized systems such as PEF, FSC or equivalent Disclosure In Auditors Report Relating To Fraud By The Company Or On The Company By Its Officers Or Its Employees Reported During Period",Remarks For Assurance Of Details Of Waste Management Practices Adopted In Your Establishments And The Strategy Adopted By Company To Reduce Usage Of Hazardous And Toxic Chemicals,22.1324,Does The Entity Have Procedures In Place For Sustainable Sourcing,26.1118,Details Of Waste Management Practices Adopted In Your Establishments And The Strategy Adopted By Company To Reduce Usage Of Hazardous And Toxic Chemicals Explanatory Text Block,22.2369,Remarks For Assurance Of Details Of Waste Management Practices Adopted In Your Establishments And The Strategy Adopted By Company To Reduce Usage Of Hazardous And Toxic Chemicals,22.1324,High Confidence,Remarks For Assurance Of Details Of Waste Management Practices Adopted In Your Establishments And The Strategy Adopted By Company To Reduce Usage Of Hazardous And Toxic Chemicals,33.8038,0.8182,0.0,Failed Verification
Q171,"Does the company have commitment in place integrating circular fashin into all its operations? If yes, provide details","Does the company have commitment in place integrating circular fashin into all its operations? If yes, provide details Disclosure In Auditors Report Relating To Fraud By The Company Or On The Company By Its Officers Or Its Employees Reported During Period",Whether Name And Contact Details Of The Contact Person In Case Of Any Queries On The BRSRReport Is Assured By Assurer,18.6334,Whether Name And Contact Details Of The Contact Person In Case Of Any Queries On The BRSRReport Is Assured By Assurer,18.6334,Remarks For Assurance Of Name And Contact Details Of The Contact Person In Case Of Any Queries On The BRSRReport,17.983,Does The Entity Have Processes In Place To Avoid Or Manage Conflict Of Interests Involving Members Of The Board,17.7763,Ambiguous,Whether Name And Contact Details Of The Contact Person In Case Of Any Queries On The BRSRReport Is Assured By Assurer,15.4979,0.7542,0.0,Failed Verification
Q172,Does the company manufacture/sell sustainable apparel or garments,Does the company manufacture/sell sustainable apparel or garments Disclosure In Auditors Report Relating To Fraud By The Company Or On The Company By Its Officers Or Its Employees Reported During Period,Name Of The Trade And Industry Chambers Or Associations - Industry Chambers Or Associations1 Member,16.5687,Name Of The Trade And Industry Chambers Or Associations - Industry Chambers Or Associations7 Member,16.5687,Name Of The Trade And Industry Chambers Or Associations - Industry Chambers Or Associations2 Member,16.5687,Name Of The Trade And Industry Chambers Or Associations - Industry Chambers Or Associations5 Member,16.5687,Low Confidence,Name Of The Trade And Industry Chambers Or Associations - Industry Chambers Or Associations1 Member,8.1715,0.7987,0.004,Failed Verification
Q173,Is the company using sustainable material in its typre (also state the ttype of material used) or has committed to use sustainable material in typres,Is the company using sustainable material in its typre (also state the ttype of material used) or has committed to use sustainable material in typres Material Cost Contract,Whether The Entity Has Undertaken Any Specific Initiatives Or Used Innovative Technology Or Solutions To Improve Resource Efficiency Is Assured By Assurer,18.4216,Whether The Entity Has Undertaken Any Specific Initiatives Or Used Innovative Technology Or Solutions To Improve Resource Efficiency Is Assured By Assurer,18.4216,Whether Details Of Percentage Of Recycled Or Reused Input Material To Total Material By Value Used In Production Or Providing Services Is Assured By Assurer,18.055,It Is Planned To Be Done In The Next Financial Year - Principle7 Member,17.6405,Ambiguous,Whether The Entity Has Undertaken Any Specific Initiatives Or Used Innovative Technology Or Solutions To Improve Resource Efficiency Is Assured By Assurer,14.0541,0.754,0.0,Failed Verification
Q174,Is the company manufacturing sustainable/eco-friendly paint/coatings,Is the company manufacturing sustainable/eco-friendly paint/coatings Name Of Stock Exchange Where The Company Is Listed,Name Of Stock Exchange Where The Company Is Listed - Stock Exchange2,36.2608,Name Of Stock Exchange Where The Company Is Listed - Stock Exchange4,36.2608,Name Of Stock Exchange Where The Company Is Listed - Stock Exchange2,36.2608,Name Of Stock Exchange Where The Company Is Listed - Stock Exchange1,36.2608,Ambiguous,Name Of Stock Exchange Where The Company Is Listed - Stock Exchange2,41.3564,0.5045,0.0,Weak Match - Review
Q175,Is the company manufacturing any energy efficient products or is spending on R&D for manufacturing such products in near future?,Is the company manufacturing any energy efficient products or is spending on R&D for manufacturing such products in near future? Products And Services Domain,Percentage Of RAnd D - Previous Year,18.8999,Percentage Of RAnd D,20.591,Percentage Of RAnd D - Previous Year,18.8999,Whether Percentage Of RAnd DAnd Capital Expenditure Investments In Specific Technologies Is Assured By Assurer,18.2543,High Confidence,Percentage Of RAnd D - Previous Year,10.2207,0.8205,0.008,Failed Verification
Q176,Is the company fulfilling International Maritime Organisation - MARPOL Air Pollution prevention guidelines,Is the company fulfilling International Maritime Organisation - MARPOL Air Pollution prevention guidelines Name Of Stock Exchange Where The Company Is Listed,Name Of Stock Exchange Where The Company Is Listed - Stock Exchange3,36.2608,Name Of Stock Exchange Where The Company Is Listed - Stock Exchange2,36.2608,Name Of Stock Exchange Where The Company Is Listed - Stock Exchange3,36.2608,Name Of Stock Exchange Where The Company Is Listed - Stock Exchange4,36.2608,Ambiguous,Name Of Stock Exchange Where The Company Is Listed - Stock Exchange3,41.3564,0.6031,0.0,Weak Match - Review
Q177,Whether an occupational health and safety management system is implemented by the entity,Whether an occupational health and safety management system is implemented by the entity Whether Initial Application Of An Ind As Has An Effect On The Current Period Or Any Prior Period,Whether An Occupational Health And Safety Management System Has Been Implemented By The Entity,52.8439,Whether An Occupational Health And Safety Management System Has Been Implemented By The Entity,52.8439,An Occupational Health And Safety Management System Has Been Not Applicable To The Entity Explanatory Text Block,37.3363,Whether Health And Safety Management System Is Assured By Assurer,35.0773,High Confidence,Whether An Occupational Health And Safety Management System Has Been Implemented By The Entity,64.753,0.6176,0.0,Weak Match - Review
Q178,What are the processes used to identify work-related hazards and assess risks on a routine and non routine bassi by the entity,What are the processes used to identify work-related hazards and assess risks on a routine and non routine bassi by the entity Whether These Are In Accordance With The Books Of Accounts Maintained By The Company Explanatory,Desclosure Of The Processes Used To Identify Work Related Hazards And Assess Risks On ARoutine And Non Routine Basis By The Entity Explanatory Text Block,61.8829,Desclosure Of The Processes Used To Identify Work Related Hazards And Assess Risks On ARoutine And Non Routine Basis By The Entity Explanatory Text Block,61.8829,Processes For Workers To Report The Work Related Hazards And To Remove Themselves From Such Risks Is Not Applicable Explanatory Text Block,30.2405,Whether You Have Processes For Workers To Report The Work Related Hazards And To Remove Themselves From Such Risks,28.6446,High Confidence,Desclosure Of The Processes Used To Identify Work Related Hazards And Assess Risks On ARoutine And Non Routine Basis By The Entity Explanatory Text Block,69.8311,0.6584,0.0,Weak Match - Review
Q179,Does the company have processes for workers to report the work related hazards and to remove themselves from such risks (Y/N),Does the company have processes for workers to report the work related hazards and to remove themselves from such risks (Y/N) Whether Company Has Published Sustainability Report For The Financial Year,Whether You Have Processes For Workers To Report The Work Related Hazards And To Remove Themselves From Such Risks,61.3816,Whether You Have Processes For Workers To Report The Work Related Hazards And To Remove Themselves From Such Risks,61.3816,Processes For Workers To Report The Work Related Hazards And To Remove Themselves From Such Risks Is Not Applicable Explanatory Text Block,50.7403,Desclosure Of The Processes Used To Identify Work Related Hazards And Assess Risks On ARoutine And Non Routine Basis By The Entity Explanatory Text Block,23.1173,High Confidence,Whether You Have Processes For Workers To Report The Work Related Hazards And To Remove Themselves From Such Risks,74.6287,0.6513,0.0,Weak Match - Review
Q180,Was there training given to workers on health and sagety measures in Current Year,Was there training given to workers on health and sagety measures in Current Year Training Recruitment Expenses,Is There AMechanism Available To Receive And Redress Grievances For Permanent Workers,12.3044,Percentage Of Discrimination At Work Place Of Your Plants And Offices That Were Assessed P5,14.4657,Number Of Complaints Pending Resolution At The End Of Year - Discrimination At Work Place Member,12.7365,Is There AMechanism Available To Receive And Redress Grievances For Permanent Workers,12.3044,Low Confidence,Is There AMechanism Available To Receive And Redress Grievances For Permanent Workers,12.999,0.6842,0.0,Weak Match - Review
Q181,Does the company mention that they have a safety committee/policy in place with respect to accidents or misfortune events,Does the company mention that they have a safety committee/policy in place with respect to accidents or misfortune events Disclosure Responsibility Statement Of CSR Committee That Implementation And Monitoring Of CSR Policy Is In Compliance With CSR Policy Of Company,Does The Entity Extend Any Life Insurance Or Any Compensatory Package In The Event Of Death Of Employees,18.8543,Does The Entity Have An Equal Opportunity Policy As Per The Rights Of Persons With Disabilities Act2016,21.0851,Does The Entity Extend Any Life Insurance Or Any Compensatory Package In The Event Of Death Of Employees,18.8543,Does The Entity Extend Any Life Insurance Or Any Compensatory Package In The Event Of Death Of Workers,18.8543,High Confidence,Does The Entity Extend Any Life Insurance Or Any Compensatory Package In The Event Of Death Of Employees,9.4764,0.8045,0.01,Failed Verification
Q182,Does the entity have ISO 45001:2018 certification,Does the entity have ISO 45001:2018 certification Number Of Certified Emission Rights Under Certification,Does The Entity Have An Equal Opportunity Policy As Per The Rights Of Persons With Disabilities Act2016,23.7768,Does The Entity Have An Equal Opportunity Policy As Per The Rights Of Persons With Disabilities Act2016,23.7768,Remarks For Assurance Of Whether The Entity Have An Equal Opportunity Policy As Per The Rights Of Persons With Disabilities Act2016,19.5391,Assurer Has Assured Whether The Entity Have An Equal Opportunity Policy As Per The Rights Of Persons With Disabilities Act2016,19.397,High Confidence,Does The Entity Have An Equal Opportunity Policy As Per The Rights Of Persons With Disabilities Act2016,14.708,0.6531,0.0,Weak Match - Review
Q183,Are the entity’s manufacturing facilties WRAP certified,Are the entity’s manufacturing facilties WRAP certified Whether These Are In Accordance With The Books Of Accounts Maintained By The Company Explanatory,Whether Number Of Days Of Accounts Payables Is Assured By Assurer,14.8206,Whether Number Of Days Of Accounts Payables Is Assured By Assurer,14.8206,Whether Extended Producer Responsibility Is Applicable To The Entity SActivities,14.434,Whether Performance Of The Entity Against The Specific Commitments Goals And Targets Along With Reasons In Case The Same Are Not Met Is Assured By Assurer,13.3886,Low Confidence,Whether Number Of Days Of Accounts Payables Is Assured By Assurer,13.0752,0.7576,0.0,Failed Verification
Q184,Does the company have a target to achieve gender diversity in the workforce,Does the company have a target to achieve gender diversity in the workforce Number Of Employees In The Company At The End Of The Financial Year,Remarks For Assurance Of Details Of Employees As At The End Of Financial Year,25.4281,Remarks For Assurance Of Details Of Employees As At The End Of Financial Year,25.4281,Assurance Sub Type For Details Of Employees As At The End Of Financial Year,25.0668,Whether Details Of Employees As At The End Of Financial Year Is Assured By Assurer,24.3109,Ambiguous,Remarks For Assurance Of Details Of Employees As At The End Of Financial Year,25.0533,0.5763,0.0,Weak Match - Review
Q185,Does the company have a diversity equality and inclusion policy,Does the company have a diversity equality and inclusion policy Initially Applied Ind A Ss Domain,Remarks For Assurance Of Details Of CSRProjects Undertaken In Designated Aspirational Districts As Identified By Government Bodies,11.6075,Does The Entity Have An Equal Opportunity Policy As Per The Rights Of Persons With Disabilities Act2016,18.3911,Does The Entity Have AFramework Or Policy On Cyber Security And Risks Related To Data Privacy,14.8178,Does The Entity Have ABusiness Continuity And Disaster Management Plan,14.7195,Low Confidence,Remarks For Assurance Of Details Of CSRProjects Undertaken In Designated Aspirational Districts As Identified By Government Bodies,0.0,0.7345,1.0,Failed Verification
Q186,Does the company have policy for precention to prevent sexual harassment at workplace,Does the company have policy for precention to prevent sexual harassment at workplace Number Of Employees In The Company At The End Of The Financial Year,Total Complaints Reported Under Sexual Harassment Of Women At Workplace - Previous Year,29.8697,Number Of Complaints Pending Resolution At The End Of Year - Sexual Harassment Member,29.9373,Total Complaints Reported Under Sexual Harassment Of Women At Workplace - Previous Year,29.8697,Total Complaints Reported Under Sexual Harassment Of Women At Workplace,29.707,Ambiguous,Total Complaints Reported Under Sexual Harassment Of Women At Workplace - Previous Year,32.6127,0.6504,0.0,Weak Match - Review
Q187,Are all complaints filed by the employees during current fiscal year closed,Are all complaints filed by the employees during current fiscal year closed Whether There Are Changes In Acounting Estimates During The Year,Number Of Complaints Filed During The Year - Discrimination At Work Place Member - Previous Year,26.1395,Number Of Complaints Filed During The Year - Discrimination At Work Place Member,26.989,Number Of Complaints Filed During The Year - Discrimination At Work Place Member - Previous Year,26.1395,Number Of Complaints Filed During The Year - Working Conditions Complaints Member,19.3537,Ambiguous,Number Of Complaints Filed During The Year - Discrimination At Work Place Member - Previous Year,25.6054,0.6491,0.0,Weak Match - Review
Q188,Does the company have a human rights policy established,Does the company have a human rights policy established Initially Applied Ind A Ss Domain,Remarks For Assurance Of Employees And Workers Who Have Been Provided Training On Human Rights Issues And Policies Of The Entity,16.8033,Does The Entity Have An Equal Opportunity Policy As Per The Rights Of Persons With Disabilities Act2016,22.6182,Remarks For Assurance Of Whether The Entity Have An Equal Opportunity Policy As Per The Rights Of Persons With Disabilities Act2016,18.4982,Assurer Has Assured Whether The Entity Have An Equal Opportunity Policy As Per The Rights Of Persons With Disabilities Act2016,18.3289,Low Confidence,Remarks For Assurance Of Employees And Workers Who Have Been Provided Training On Human Rights Issues And Policies Of The Entity,12.2256,0.7207,0.0,Failed Verification
Q189,"Does the company have provide medical assistance (Ambulance service, fixed medical checkups, to the employees)","Does the company have provide medical assistance (Ambulance service, fixed medical checkups, to the employees)",Details If The Employees Or Worker Of The Entity Have Access To Non Occupational Medical And Healthcare Services Is Not Applicable Explanatory Text Block,17.3912,Do The Employees Or Worker Of The Entity Have Access To Non Occupational Medical And Healthcare Services,20.8707,Details If The Employees Or Worker Of The Entity Have Access To Non Occupational Medical And Healthcare Services Is Not Applicable Explanatory Text Block,17.3912,Does The Entity Provide Transition Assistance Programs To Facilitate Continued Employability And The Management Of Career Endings Resulting From Retirement Or Termination Of Employment,16.8975,Low Confidence,Details If The Employees Or Worker Of The Entity Have Access To Non Occupational Medical And Healthcare Services Is Not Applicable Explanatory Text Block,20.5214,0.7188,0.0,Failed Verification
Q190,"Does the company take measures for the well being of individuals other than permanent employees (which may include interns, contracts, etc.)","Does the company take measures for the well being of individuals other than permanent employees (which may include interns, contracts, etc.) Number Of Employees In The Company At The End Of The Financial Year",Number Of Well Being Of Employees Or Workers - Gender Member - Benefits Member - Other Than Permanent Employees Member,21.3227,Remarks For Assurance Of Details Of Employees As At The End Of Financial Year,23.0901,Assurance Sub Type For Details Of Employees As At The End Of Financial Year,22.7288,Number Of Well Being Of Employees Or Workers - Gender Member - Benefits Member - Other Than Permanent Employees Member,21.3227,Ambiguous,Number Of Well Being Of Employees Or Workers - Gender Member - Benefits Member - Other Than Permanent Employees Member,23.112,0.7134,0.0,Failed Verification
Q191,Does the organisation have opportunities for Paternal leavesWhat all initiatives does the organisation undertake for increase in the retention rate of employees,Does the organisation have opportunities for Paternal leavesWhat all initiatives does the organisation undertake for increase in the retention rate of employees Number Of Employees In The Company At The End Of The Financial Year,Retention Rates Permanent Employees That Took Parental Leave - Male Member,22.9031,Does The Entity Have An Equal Opportunity Policy As Per The Rights Of Persons With Disabilities Act2016,24.216,Remarks For Assurance Of Details Of Employees As At The End Of Financial Year,23.0901,Retention Rates Permanent Employees That Took Parental Leave - Female Member,22.9031,High Confidence,Retention Rates Permanent Employees That Took Parental Leave - Male Member,12.5621,0.7763,0.004,Failed Verification
Q192,Does the company have employe development programs that have been developed to upgrade and improve employee skills,Does the company have employe development programs that have been developed to upgrade and improve employee skills Whether Equity Have Been Measured At Fair Value,Whether Details Of Measures Undertaken By The Entity To Ensure That Statutory Dues Have Been Deducted And Deposited By The Value Chain Partners Is Assured By Assurer,22.6821,Whether Details Of Measures Undertaken By The Entity To Ensure That Statutory Dues Have Been Deducted And Deposited By The Value Chain Partners Is Assured By Assurer,22.6821,Remarks For Assurance Of Details Of Measures Undertaken By The Entity To Ensure That Statutory Dues Have Been Deducted And Deposited By The Value Chain Partners,21.7998,Details Of Measures Undertaken By The Entity To Ensure That Statutory Dues Have Been Deducted And Deposited By The Value Chain Partners Explanatory Text Block,21.6861,Ambiguous,Whether Details Of Measures Undertaken By The Entity To Ensure That Statutory Dues Have Been Deducted And Deposited By The Value Chain Partners Is Assured By Assurer,27.2813,0.6772,0.0,Weak Match - Review
Q193,Did the company face any strike in the current year,Did the company face any strike in the current year Number Of Employees In The Company At The End Of The Financial Year,Number Of Complaints Pending Resolution At The End Of Year - Discrimination At Work Place Member,23.059,Number Of Complaints Pending Resolution At The End Of Year - Discrimination At Work Place Member,23.059,Remarks For Assurance Of Details Of Employees As At The End Of Financial Year,21.7549,Assurance Sub Type For Details Of Employees As At The End Of Financial Year,21.3935,High Confidence,Number Of Complaints Pending Resolution At The End Of Year - Discrimination At Work Place Member,23.4282,0.58,0.0,Weak Match - Review
Q194,Does the company conduct an employee satisfaction survey,Does the company conduct an employee satisfaction survey Whether Initial Application Of An Ind As Has An Effect On The Current Period Or Any Prior Period,The Entity Has Not Applicable Carry Out Any Survey With Regard To Consumer Satisfaction Relating To The Major Products Or Services Explanatory Text Block,19.8563,The Entity Has Not Applicable Carry Out Any Survey With Regard To Consumer Satisfaction Relating To The Major Products Or Services Explanatory Text Block,19.8563,Did Your Entity Carry Out Any Survey With Regard To Consumer Satisfaction Relating To The Major Products Or Services Of The Entity Significant Locations Of Operation Of The Entity Or The Entity As AWhole,19.421,Lost Time Injury Frequency Rate Per One Million Person Hours Worked - Employees Member,17.8838,Ambiguous,The Entity Has Not Applicable Carry Out Any Survey With Regard To Consumer Satisfaction Relating To The Major Products Or Services Explanatory Text Block,21.0999,0.6769,0.0,Weak Match - Review
Q195,Does the company have policy on offering stock options,Does the company have policy on offering stock options Name Of Stock Exchange Where The Company Is Listed,Name Of Stock Exchange Where The Company Is Listed - Stock Exchange4,36.2608,Name Of Stock Exchange Where The Company Is Listed - Stock Exchange1,36.2608,Name Of Stock Exchange Where The Company Is Listed - Stock Exchange4,36.2608,Name Of Stock Exchange Where The Company Is Listed - Stock Exchange3,36.2608,Ambiguous,Name Of Stock Exchange Where The Company Is Listed - Stock Exchange4,47.4101,0.4792,0.0,Mathematically Verified
Q196,Does the company have mechanisms to receive and respond to consumer complaints and feedback,Does the company have mechanisms to receive and respond to consumer complaints and feedback Geological And Geophysical Expenditure Pertaining To Exploration And Production Activities,Remarks For Assurance Of The Mechanisms In Place To Receive And Respond To Consumer Complaints And Feedback,36.6457,Remarks For Assurance Of The Mechanisms In Place To Receive And Respond To Consumer Complaints And Feedback,36.6457,Assurance Sub Type For The Mechanisms In Place To Receive And Respond To Consumer Complaints And Feedback,35.2484,Describe The Mechanisms In Place To Receive And Respond To Consumer Complaints And Feedback Explanatory Text Block,35.2484,High Confidence,Remarks For Assurance Of The Mechanisms In Place To Receive And Respond To Consumer Complaints And Feedback,46.2084,0.687,0.0,Weak Match - Review
Q197,"Did your entity carry out any survey with regard to consumer satisfaction relating to the major products/services of the entity, significant locations of operation of the entity or the entity as a whole","Did your entity carry out any survey with regard to consumer satisfaction relating to the major products/services of the entity, significant locations of operation of the entity or the entity as a whole Revenues From Transactions With Other Operating Segments Of The Same Entity",Did Your Entity Carry Out Any Survey With Regard To Consumer Satisfaction Relating To The Major Products Or Services Of The Entity Significant Locations Of Operation Of The Entity Or The Entity As AWhole,74.2542,Did Your Entity Carry Out Any Survey With Regard To Consumer Satisfaction Relating To The Major Products Or Services Of The Entity Significant Locations Of Operation Of The Entity Or The Entity As AWhole,74.2542,The Entity Has Not Applicable Carry Out Any Survey With Regard To Consumer Satisfaction Relating To The Major Products Or Services Explanatory Text Block,56.9428,Remarks For Assurance Of Turnover Of Products And Or Services As APercentage Of Turnover From All Products Or Service That Carry Information About As APercentage To Total Turnover,22.6683,High Confidence,Did Your Entity Carry Out Any Survey With Regard To Consumer Satisfaction Relating To The Major Products Or Services Of The Entity Significant Locations Of Operation Of The Entity Or The Entity As AWhole,92.3888,0.6319,0.0,Weak Match - Review
Q198,Steps taken to inform and educate consumers about safe and responsible usage of products and/or service,Steps taken to inform and educate consumers about safe and responsible usage of products and/or service Steps Taken Or Impact On Conservation Of Energy Explanatory,Steps Taken To Inform And Educate Consumers About Safe And Responsible Usage Of Products And Or Services Explanatory Text Block,57.5877,Steps Taken To Inform And Educate Consumers About Safe And Responsible Usage Of Products And Or Services Explanatory Text Block,57.5877,Remarks For Assurance Of Steps Taken To Inform And Educate Consumers About Safe And Responsible Usage Of Products And Or Services,55.0085,Assurance Sub Type For Steps Taken To Inform And Educate Consumers About Safe And Responsible Usage Of Products And Or Services,54.3767,High Confidence,Steps Taken To Inform And Educate Consumers About Safe And Responsible Usage Of Products And Or Services Explanatory Text Block,67.2684,0.5276,0.0,Weak Match - Review
Q199,ISO 9001:2015 certification,ISO 9001:2015 certification Number Of Certified Emission Rights Under Certification,Is The Premise Or Office Of The Entity Accessible To Differently Abled Visitors As Per The Requirements Of The Rights Of Persons With Disabilities Act2016,10.191,Does The Entity Have An Equal Opportunity Policy As Per The Rights Of Persons With Disabilities Act2016,11.2805,Remarks For Assurance Of Whether The Entity Have An Equal Opportunity Policy As Per The Rights Of Persons With Disabilities Act2016,10.7612,Assurer Has Assured Whether The Entity Have An Equal Opportunity Policy As Per The Rights Of Persons With Disabilities Act2016,10.3981,Low Confidence,Is The Premise Or Office Of The Entity Accessible To Differently Abled Visitors As Per The Requirements Of The Rights Of Persons With Disabilities Act2016,3.7348,0.7724,0.044,Failed Verification
Q200,Does the entity display product information on the product over and above what is mandated as per local laws,Does the entity display product information on the product over and above what is mandated as per local laws Profit Loss For The Period As Per Ind As,Does The Entity Display Product Information On The Product Over And Above What Is Mandated As Per Local Laws,64.7158,Does The Entity Display Product Information On The Product Over And Above What Is Mandated As Per Local Laws,64.7158,Remarks For Assurance Of Whether The Entity Display Product Information On The Product Over And Above What Is Mandated As Per Local Laws,58.2404,Assurer Has Assured Whether The Entity Display Product Information On The Product Over And Above What Is Mandated As Per Local Laws,57.405,High Confidence,Does The Entity Display Product Information On The Product Over And Above What Is Mandated As Per Local Laws,81.9352,0.5556,0.0,Weak Match - Review
Q201,"When the onboarding of new vendors takes place, does the company have their supplier code of conduct designed","When the onboarding of new vendors takes place, does the company have their supplier code of conduct designed Number Of Employees In The Company At The End Of The Financial Year",Number Of Persons Benefitted From CSRProjects - CSRProjects85,17.3076,Number Of Complaints Pending Resolution At The End Of Year - Discrimination At Work Place Member,22.3461,Number Of Complaints Pending Resolution At The End Of Year - Discrimination At Work Place Member - Previous Year,22.0406,Remarks For Assurance Of Details Of Employees As At The End Of Financial Year,21.7549,Low Confidence,Number Of Persons Benefitted From CSRProjects - CSRProjects85,4.0671,0.8116,0.032,Failed Verification
Q202,Disclose any significant adverse impact on the environment arising from the value chain of the entity. Are there any mitigations or adaptiation measures taken by the entity in this context,Disclose any significant adverse impact on the environment arising from the value chain of the entity. Are there any mitigations or adaptiation measures taken by the entity in this context Whether These Are In Accordance With The Books Of Accounts Maintained By The Company Explanatory,Disclose Any Significant Adverse Impact To The Environment Arising From The Value Chain Of The Entity What Mitigation Or Adaptation Measures Have Been Taken By The Entity In This Regard Explanatory Text Block,54.2175,Disclose Any Significant Adverse Impact To The Environment Arising From The Value Chain Of The Entity What Mitigation Or Adaptation Measures Have Been Taken By The Entity In This Regard Explanatory Text Block,54.2175,Whether Disclose Any Significant Adverse Impact To The Environment Arising From The Value Chain Of The Entity What Mitigation Or Adaptation Measures Have Been Taken By The Entity In This Regard Is Assured By Assurer,52.4532,Remarks For Assurance Of Disclose Any Significant Adverse Impact To The Environment Arising From The Value Chain Of The Entity What Mitigation Or Adaptation Measures Have Been Taken By The Entity In This Regard,51.6446,High Confidence,Disclose Any Significant Adverse Impact To The Environment Arising From The Value Chain Of The Entity What Mitigation Or Adaptation Measures Have Been Taken By The Entity In This Regard Explanatory Text Block,63.2116,0.6546,0.0,Weak Match - Review
Q203,Provide details of any corrective actions taken or underway to adderss significant risks/concerns arising from asessment of health and safety practices practices and working conditions of value chain partners,Provide details of any corrective actions taken or underway to adderss significant risks/concerns arising from asessment of health and safety practices practices and working conditions of value chain partners Disclosure Of Nature And Extent Of Risks Arising From Insurance Contracts Explanatory,Details Of Any Corrective Actions Taken Or Underway To Address Significant Risks Or Concerns Arising From The Assessments Of Value Chain Partner Explanatory Text Block,50.4136,Details Of Any Corrective Actions Taken Or Underway To Address Significant Risks Or Concerns Arising From The Assessments Of Value Chain Partner Explanatory Text Block,50.4136,Remarks For Assurance Of Details Of Any Corrective Actions Taken Or Underway To Address Significant Risks Or Concerns Arising From The Assessments Of Value Chain Partner,47.1593,Assurance Sub Type For Details Of Any Corrective Actions Taken Or Underway To Address Significant Risks Or Concerns Arising From The Assessments Of Value Chain Partner,46.7751,High Confidence,Details Of Any Corrective Actions Taken Or Underway To Address Significant Risks Or Concerns Arising From The Assessments Of Value Chain Partner Explanatory Text Block,59.4287,0.6768,0.0,Weak Match - Review
Q204,Does the entity have procedures in place for sustainable sourcing strategy around sustainable/efficient/responsible supply chain,Does the entity have procedures in place for sustainable sourcing strategy around sustainable/efficient/responsible supply chain Principal Place Of Business Of Entity Whose Consolidated Financial Statements Have Been Produced For Public Use,Does The Entity Have Procedures In Place For Sustainable Sourcing,44.5975,Does The Entity Have Procedures In Place For Sustainable Sourcing,44.5975,Remarks For Assurance Of The Entity Have Procedures In Place For Sustainable Sourcing And Percentage Of Inputs Were Sourced Sustainably,32.5196,Assurance Sub Type For The Entity Have Procedures In Place For Sustainable Sourcing And Percentage Of Inputs Were Sourced Sustainably,31.8836,High Confidence,Does The Entity Have Procedures In Place For Sustainable Sourcing,67.1943,0.731,0.0,Failed Verification
Q205,Is there a robust supplier assessment done by the company to avoid any conflicts with ESG requirements/sustainability/ESG assessment for suppliers,Is there a robust supplier assessment done by the company to avoid any conflicts with ESG requirements/sustainability/ESG assessment for suppliers Whether Company Has Published Sustainability Report For The Financial Year,It Is Planned To Be Done In The Next Financial Year - Principle4 Member,26.3032,It Is Planned To Be Done In The Next Financial Year - Principle3 Member,26.3032,It Is Planned To Be Done In The Next Financial Year - Principle8 Member,26.3032,It Is Planned To Be Done In The Next Financial Year - Principle9 Member,26.3032,Ambiguous,It Is Planned To Be Done In The Next Financial Year - Principle4 Member,21.2046,0.7532,0.0,Failed Verification
Q206,Does the company have a documented CSR policy in place,Does the company have a documented CSR policy in place Whether Company Has Written CSR Policy,Assurer Has Assured Whether Do You Have AFocal Point Responsible For Addressing Human Rights Impacts Or Issues Caused Or Contributed To By The Business,17.5462,Assurer Has Assured Whether The Entity Have An Equal Opportunity Policy As Per The Rights Of Persons With Disabilities Act2016,19.9269,Does The Entity Have An Equal Opportunity Policy As Per The Rights Of Persons With Disabilities Act2016,18.3911,Assurer Has Assured Whether Do You Have AFocal Point Responsible For Addressing Human Rights Impacts Or Issues Caused Or Contributed To By The Business,17.5462,High Confidence,Assurer Has Assured Whether Do You Have AFocal Point Responsible For Addressing Human Rights Impacts Or Issues Caused Or Contributed To By The Business,9.3141,0.712,0.002,Failed Verification
Q207,Whether there are mechanisms to receive and redress grievances of the community,Whether there are mechanisms to receive and redress grievances of the community Whether There Are Reclassifications To Comparative Amounts,Whether Describe The Mechanisms To Receive And Redress Grievances Of The Community Is Assured By Assurer,33.5121,Whether Describe The Mechanisms To Receive And Redress Grievances Of The Community Is Assured By Assurer,33.5121,Describe The Mechanisms To Receive And Redress Grievances Of The Community Explanatory Text Block,32.8485,Remarks For Assurance Of Describe The Mechanisms To Receive And Redress Grievances Of The Community,32.4967,Ambiguous,Whether Describe The Mechanisms To Receive And Redress Grievances Of The Community Is Assured By Assurer,39.5734,0.5556,0.0,Weak Match - Review
Q208,Does the entity disclose the details of beneficiaries of CSR projects,Does the entity disclose the details of beneficiaries of CSR projects Number Of Employees In The Company At The End Of The Financial Year,Number Of Complaints Pending Resolution At The End Of Year - Sexual Harassment Member,16.9396,Remarks For Assurance Of Details Of Employees As At The End Of Financial Year,24.4634,Assurance Sub Type For Details Of Employees As At The End Of Financial Year,24.1021,Whether Details Of Employees As At The End Of Financial Year Is Assured By Assurer,23.376,Low Confidence,Number Of Complaints Pending Resolution At The End Of Year - Sexual Harassment Member,21.6193,0.6316,0.0,Weak Match - Review
Q209,"Does the company conduct impact assessments for CSR projects? If yes, provide details","Does the company conduct impact assessments for CSR projects? If yes, provide details Disclosure Of Reasons If Company Fails To Spend Prescribed Amount On CSR",Remarks For Assurance Of Details Of The Disclosures Related To Water Withdrawal,16.6796,Remarks For Assurance Of Details Of The Disclosures Related To Water Withdrawal,16.6796,Remarks For Assurance Of Details Of The Disclosures Related To Water Discharged,16.6796,Whether Details Of Total Energy Consumption And Energy Intensity Applicable To The Company,16.378,Low Confidence,Remarks For Assurance Of Details Of The Disclosures Related To Water Withdrawal,8.4481,0.7244,0.0,Failed Verification
Q210,Does the company conduct of assessment of negative impacts of its operation on the communities,Does the company conduct of assessment of negative impacts of its operation on the communities Disclosure In Auditors Report Relating To Fraud By The Company Or On The Company By Its Officers Or Its Employees Reported During Period,Whether Details Of Actions Taken To Mitigate Any Negative Social Impacts Identified In The Social Impact Assessments Is Assured By Assurer,18.4204,Whether Details Of Actions Taken To Mitigate Any Negative Social Impacts Identified In The Social Impact Assessments Is Assured By Assurer,18.4204,Whether Describe The Mechanisms To Receive And Redress Grievances Of The Community Is Assured By Assurer,18.3618,Remarks For Assurance Of Details Of Actions Taken To Mitigate Any Negative Social Impacts Identified In The Social Impact Assessments,17.9839,Ambiguous,Whether Details Of Actions Taken To Mitigate Any Negative Social Impacts Identified In The Social Impact Assessments Is Assured By Assurer,21.3031,0.7261,0.0,Failed Verification
Q211,Provide details of actions taken to mitigate any negative social impacts identified in the Social Impact Assessments,Provide details of actions taken to mitigate any negative social impacts identified in the Social Impact Assessments Details On Policy Development And Implementation By Company On Corporate Social Responsibility Initiatives Taken During Year Explanatory,Remarks For Assurance Of Details Of Actions Taken To Mitigate Any Negative Social Impacts Identified In The Social Impact Assessments,42.7651,Remarks For Assurance Of Details Of Actions Taken To Mitigate Any Negative Social Impacts Identified In The Social Impact Assessments,42.7651,Whether Details Of Actions Taken To Mitigate Any Negative Social Impacts Identified In The Social Impact Assessments Is Assured By Assurer,42.5894,Assurance Sub Type For Details Of Actions Taken To Mitigate Any Negative Social Impacts Identified In The Social Impact Assessments,42.1291,Ambiguous,Remarks For Assurance Of Details Of Actions Taken To Mitigate Any Negative Social Impacts Identified In The Social Impact Assessments,61.016,0.6629,0.0,Weak Match - Review
Q212,Does the entity have a framework/policy on cybersecurity and risks related to data privacy,Does the entity have a framework/policy on cybersecurity and risks related to data privacy Description Of Risks To Which Plan Exposes Entity,Does The Entity Have AFramework Or Policy On Cyber Security And Risks Related To Data Privacy,45.1078,Does The Entity Have AFramework Or Policy On Cyber Security And Risks Related To Data Privacy,45.1078,Remarks For Assurance Of Whether The Entity Have AFramework Or Policy On Cyber Security And Risks Related To Data Privacy,39.1091,Assurer Has Assured Whether The Entity Have AFramework Or Policy On Cyber Security And Risks Related To Data Privacy,38.8711,High Confidence,Does The Entity Have AFramework Or Policy On Cyber Security And Risks Related To Data Privacy,48.1126,0.6121,0.0,Weak Match - Review
Q213,Does the company’s policy on cybersecurity and risks related to data privacy extend to its value chain partners,Does the company’s policy on cybersecurity and risks related to data privacy extend to its value chain partners Disclosure In Auditors Report Relating To Fraud By The Company Or On The Company By Its Officers Or Its Employees Reported During Period,Web Link Of The Policy On Cyber Security And Risks Related To Data Privacy,30.5925,Web Link Of The Policy On Cyber Security And Risks Related To Data Privacy,30.5925,Does The Entity Have AFramework Or Policy On Cyber Security And Risks Related To Data Privacy,29.914,Remarks For Assurance Of Whether The Enlisted Policies Extend To Your Value Chain Partners,25.873,Ambiguous,Web Link Of The Policy On Cyber Security And Risks Related To Data Privacy,41.9635,0.7802,0.0,Failed Verification
Q214,Provide number of instances of data breaches along with their impact on the company,Provide number of instances of data breaches along with their impact on the company Number Of Employees In The Company At The End Of The Financial Year,Number Of Instances Of Data Breaches Along With Impact,42.73,Number Of Instances Of Data Breaches Along With Impact,42.73,Remarks For Assurance Of Data Breaches Information Like Number Of Instances Of Data Breaches Along With Impact And Percentage Of Data Breaches Involving Personally Identifiable Information Of Customers,39.6803,Assurance Sub Type For Data Breaches Information Like Number Of Instances Of Data Breaches Along With Impact And Percentage Of Data Breaches Involving Personally Identifiable Information Of Customers,39.4833,High Confidence,Number Of Instances Of Data Breaches Along With Impact,43.6116,0.6917,0.0,Weak Match - Review
Q215,Does the company conduct cybersecurity assessment by a third party,Does the company conduct cybersecurity assessment by a third party Whether These Are In Accordance With The Books Of Accounts Maintained By The Company Explanatory,Water Discharge By Sent To Third Parties With Treatment,16.2706,Water Discharge By Sent To Third Parties With Treatment,16.2706,Water Discharge By Sent To Third Parties With Treatment - Previous Year,15.1228,Energy Intensity The Relevant Metric May Be Selected By The Entity,14.8613,Low Confidence,Water Discharge By Sent To Third Parties With Treatment,13.3845,0.7519,0.0,Failed Verification
Q216,"Does the entity comply with ISO 27001:2013, ISO 22301:2019 OR PCI DSS standards to safeguard the customer data","Does the entity comply with ISO 27001:2013, ISO 22301:2019 OR PCI DSS standards to safeguard the customer data ISO Country Code Of Place Of Maintenance Of Computer Servers Storing Accounting Data",Whether Data Breaches Information Like Number Of Instances Of Data Breaches Along With Impact And Percentage Of Data Breaches Involving Personally Identifiable Information Of Customers Is Assured By Assurer,22.9404,Whether Data Breaches Information Like Number Of Instances Of Data Breaches Along With Impact And Percentage Of Data Breaches Involving Personally Identifiable Information Of Customers Is Assured By Assurer,22.9404,Remarks For Assurance Of Data Breaches Information Like Number Of Instances Of Data Breaches Along With Impact And Percentage Of Data Breaches Involving Personally Identifiable Information Of Customers,22.2674,Percentage Of Data Breaches Involving Personally Identifiable Information Of Customers,22.1767,Ambiguous,Whether Data Breaches Information Like Number Of Instances Of Data Breaches Along With Impact And Percentage Of Data Breaches Involving Personally Identifiable Information Of Customers Is Assured By Assurer,18.1787,0.7697,0.0,Failed Verification
Q217,Does the organisation conduct training on data privacy and awareness programs for information security to its customers/employees,Does the organisation conduct training on data privacy and awareness programs for information security to its customers/employees Disclosure In Auditors Report Relating To Fraud By The Company Or On The Company By Its Officers Or Its Employees Reported During Period,Remarks For Assurance Of Percentage Coverage By Training And Awareness Programs On Any Of The Principles During The Financial Year For BODOr KMPOr Employee Or Worker,24.9953,Web Link Of The Policy On Cyber Security And Risks Related To Data Privacy,26.9121,Does The Entity Have AFramework Or Policy On Cyber Security And Risks Related To Data Privacy,26.555,Remarks For Assurance Of Data Breaches Information Like Number Of Instances Of Data Breaches Along With Impact And Percentage Of Data Breaches Involving Personally Identifiable Information Of Customers,25.6587,Ambiguous,Remarks For Assurance Of Percentage Coverage By Training And Awareness Programs On Any Of The Principles During The Financial Year For BODOr KMPOr Employee Or Worker,29.8146,0.7418,0.0,Failed Verification
Q218,Does the company have a communication plan for engaging with the communities affected with aircraft noise,Does the company have a communication plan for engaging with the communities affected with aircraft noise Whether These Are In Accordance With The Books Of Accounts Maintained By The Company Explanatory,Remarks For Assurance Of Whether The Entity Have ABusiness Continuity And Disaster Management Plan,21.0085,Does The Entity Have ABusiness Continuity And Disaster Management Plan,21.1766,Remarks For Assurance Of Whether The Entity Have ABusiness Continuity And Disaster Management Plan,21.0085,Assurance Sub Type For Whether The Entity Have ABusiness Continuity And Disaster Management Plan,19.5249,Ambiguous,Remarks For Assurance Of Whether The Entity Have ABusiness Continuity And Disaster Management Plan,20.5562,0.7192,0.0,Failed Verification
Q219,Does the company comply with Maritime Labour Convention adopted by International Labour Organisation in 2006,Does the company comply with Maritime Labour Convention adopted by International Labour Organisation in 2006 Site Labour Supervision Cost Contracts,Percentage Of Forced Labour Or Involuntary Labour Of Value Chain Partners P5,15.9938,Percentage Of Forced Labour Or Involuntary Labour Of Value Chain Partners P5,15.9938,Percentage Of Child Labour Of Value Chain Partners P5,14.7801,Percentage Of Working Conditions Of Value Chain Partners P3,14.0825,Low Confidence,Percentage Of Forced Labour Or Involuntary Labour Of Value Chain Partners P5,27.2116,0.7119,0.0,Failed Verification
Q220,Is the company’s training centre for its seafarers certified or has got validated by any institution,Is the company’s training centre for its seafarers certified or has got validated by any institution Disclosure In Auditors Report Relating To Fraud By The Company Or On The Company By Its Officers Or Its Employees Reported During Period,Whether Percentage Coverage By Training And Awareness Programs On Any Of The Principles During The Financial Year For BODOr KMPOr Employee Or Worker Is Assured By Assurer,20.515,Whether Percentage Coverage By Training And Awareness Programs On Any Of The Principles During The Financial Year For BODOr KMPOr Employee Or Worker Is Assured By Assurer,20.515,Whether Name And Contact Details Of The Contact Person In Case Of Any Queries On The BRSRReport Is Assured By Assurer,19.5735,Whether The Entity Has Undertaken Any Specific Initiatives Or Used Innovative Technology Or Solutions To Improve Resource Efficiency Is Assured By Assurer,19.1034,Ambiguous,Whether Percentage Coverage By Training And Awareness Programs On Any Of The Principles During The Financial Year For BODOr KMPOr Employee Or Worker Is Assured By Assurer,26.8778,0.7427,0.0,Failed Verification
Q221,Does the company have agreements which safeguard the wellbeing of farm workers through the Agricultural Labour Practices Code,Does the company have agreements which safeguard the wellbeing of farm workers through the Agricultural Labour Practices Code Number Of Employees In The Company At The End Of The Financial Year,Number Of Complaints Pending Resolution At The End Of Year - Forced Labour Or Involuntary Labour Member,23.9551,Number Of Complaints Pending Resolution At The End Of Year - Forced Labour Or Involuntary Labour Member,23.9551,Number Of Complaints Pending Resolution At The End Of Year - Forced Labour Or Involuntary Labour Member - Previous Year,23.6176,Number Of Complaints Pending Resolution At The End Of Year - Child Labour Member,23.3646,Ambiguous,Number Of Complaints Pending Resolution At The End Of Year - Forced Labour Or Involuntary Labour Member,28.6988,0.6667,0.0,Weak Match - Review
Q222,Does the company ensure its jewellery meet BIS hallmark standards for quality assurance,Does the company ensure its jewellery meet BIS hallmark standards for quality assurance Disclosure In Auditors Report Relating To Fraud By The Company Or On The Company By Its Officers Or Its Employees Reported During Period,Remarks For Assurance Of Details Of Measures For The Well Being Of Employees And Workers And Spending On It,20.4636,Describe The Measures Taken By The Entity To Ensure ASafe And Healthy Work Place Explanatory Text Block,20.8958,Remarks For Assurance Of Measures Taken By The Entity To Ensure ASafe And Healthy Work Place,20.7072,Remarks For Assurance Of Details Of Measures For The Well Being Of Employees And Workers And Spending On It,20.4636,Ambiguous,Remarks For Assurance Of Details Of Measures For The Well Being Of Employees And Workers And Spending On It,12.4523,0.7453,0.0,Failed Verification
Q223,Is the education institute providing placement assistance to its students,Is the education institute providing placement assistance to its students Disclosure In Auditors Report Relating To Fraud By The Company Or On The Company By Its Officers Or Its Employees Reported During Period,It Is Planned To Be Done In The Next Financial Year - Principle5 Member,17.6405,Whether Weblink Where Information On Products And Services Of The Entity Can Be Accessed Is Assured By Assurer,18.7918,It Is Planned To Be Done In The Next Financial Year - Principle7 Member,17.6405,It Is Planned To Be Done In The Next Financial Year - Principle3 Member,17.6405,High Confidence,It Is Planned To Be Done In The Next Financial Year - Principle5 Member,13.369,0.8079,0.002,Failed Verification
Q224,Does the company have a editorial policy,Does the company have a editorial policy Initially Applied Ind A Ss Domain,Assurance Sub Type For Whether The Entity Have An Equal Opportunity Policy As Per The Rights Of Persons With Disabilities Act2016,14.0734,Does The Entity Have An Equal Opportunity Policy As Per The Rights Of Persons With Disabilities Act2016,18.3911,Remarks For Assurance Of Whether The Entity Have An Equal Opportunity Policy As Per The Rights Of Persons With Disabilities Act2016,14.7008,Assurer Has Assured Whether The Entity Have An Equal Opportunity Policy As Per The Rights Of Persons With Disabilities Act2016,14.4325,Low Confidence,Assurance Sub Type For Whether The Entity Have An Equal Opportunity Policy As Per The Rights Of Persons With Disabilities Act2016,8.2444,0.7414,0.002,Failed Verification
Q225,Does the company implement strategies to control and reduce the amount of construction and demolition waste from buildings that are constructed or are part of portfolio,Does the company implement strategies to control and reduce the amount of construction and demolition waste from buildings that are constructed or are part of portfolio Whether These Are In Accordance With The Books Of Accounts Maintained By The Company Explanatory,Construction And Demolition Waste,30.9528,Construction And Demolition Waste,30.9528,Details Of Waste Management Practices Adopted In Your Establishments And The Strategy Adopted By Company To Reduce Usage Of Hazardous And Toxic Chemicals Explanatory Text Block,29.137,Construction And Demolition Waste - Previous Year,28.3018,High Confidence,Construction And Demolition Waste,32.8007,0.8556,0.0,Failed Verification
Q226,Does the company have programs established to measure food loss and waste,Does the company have programs established to measure food loss and waste Methods Used To Measure Risk,Steps Taken To Address The Waste Collection Plan Explanatory Text Block,22.3217,Waste Recovered Through Recycled,23.3311,Steps Taken To Address The Waste Collection Plan Explanatory Text Block,22.3217,Amount Of Recycled - Hazardous Waste Member,22.1968,High Confidence,Steps Taken To Address The Waste Collection Plan Explanatory Text Block,10.4379,0.6703,0.004,Weak Match - Review
Q227,Does the company have any targets to reduce food waste,Does the company have any targets to reduce food waste Number Of Employees In The Company At The End Of The Financial Year,Waste Recovered Through Recycled - Previous Year,24.0816,Waste Recovered Through Recycled - Previous Year,24.0816,Waste Recovered Through Recycled,23.3311,Amount Of Recycled - Hazardous Waste Member - Previous Year,22.9776,Ambiguous,Waste Recovered Through Recycled - Previous Year,8.3456,0.783,0.008,Failed Verification
Q228,What initiatives are undertaken to mitigate the health risks of smoking and tobacco use,What initiatives are undertaken to mitigate the health risks of smoking and tobacco use Description Of How Entity Establishes Hedge Ratio And What Sources Of Hedge Ineffectiveness Are,Remarks For Assurance Of Steps Taken To Inform And Educate Consumers About Safe And Responsible Usage Of Products And Or Services,15.6641,Remarks For Assurance Of Steps Taken To Inform And Educate Consumers About Safe And Responsible Usage Of Products And Or Services,15.6641,Steps Taken To Inform And Educate Consumers About Safe And Responsible Usage Of Products And Or Services Explanatory Text Block,15.4228,Assurance Sub Type For Steps Taken To Inform And Educate Consumers About Safe And Responsible Usage Of Products And Or Services,15.0322,Low Confidence,Remarks For Assurance Of Steps Taken To Inform And Educate Consumers About Safe And Responsible Usage Of Products And Or Services,5.9193,0.7376,0.014,Failed Verification
Q229,Are any of its hospitals accredited with NABH or JIC? How many of its hospitals accredited with NABH or JIC?,Are any of its hospitals accredited with NABH or JIC? How many of its hospitals accredited with NABH or JIC? Percentage Of Paid Up Capital Held By Foreign Holding Company And Or With Its Subsidiaries,Remarks For Assurance Of Percentage Of RAnd DAnd Capital Expenditure Investments In Specific Technologies,18.8848,Whether Percentage Of RAnd DAnd Capital Expenditure Investments In Specific Technologies Is Assured By Assurer,19.3847,Remarks For Assurance Of Percentage Of RAnd DAnd Capital Expenditure Investments In Specific Technologies,18.8848,Assurance Sub Type For Percentage Of RAnd DAnd Capital Expenditure Investments In Specific Technologies,18.2358,Ambiguous,Remarks For Assurance Of Percentage Of RAnd DAnd Capital Expenditure Investments In Specific Technologies,10.5677,0.7023,0.01,Failed Verification
Q230,Does the company have a program or is taking efforts to increase the availability and affordability of the medicines in low income/developing markets,Does the company have a program or is taking efforts to increase the availability and affordability of the medicines in low income/developing markets Number Of Employees In The Company At The End Of The Financial Year,It Is Planned To Be Done In The Next Financial Year - Principle3 Member,20.0201,Whether Details Of Employees As At The End Of Financial Year Is Assured By Assurer,27.4835,Remarks For Assurance Of Details Of Employees As At The End Of Financial Year,25.4281,Assurance Sub Type For Details Of Employees As At The End Of Financial Year,25.0668,High Confidence,It Is Planned To Be Done In The Next Financial Year - Principle3 Member,23.9584,0.758,0.0,Failed Verification
Q231,Does the company have publicly available programs to improve the accessibility to healthcare,Does the company have publicly available programs to improve the accessibility to healthcare Number Of Employees In The Company At The End Of The Financial Year,Number Of Complaints Pending Resolution At The End Of Year - Health Safety Complaints Member - Previous Year,20.6217,Remarks For Assurance Of Details Of Employees As At The End Of Financial Year,21.7549,Assurance Sub Type For Details Of Employees As At The End Of Financial Year,21.3935,Number Of Complaints Pending Resolution At The End Of Year - Health Safety Complaints Member,20.9756,Ambiguous,Number Of Complaints Pending Resolution At The End Of Year - Health Safety Complaints Member - Previous Year,19.815,0.6508,0.0,Weak Match - Review
Q232,Are the production units and R&D centres certified to International Aerospace Standard AS9100D and other required aviation standards,Are the production units and R&D centres certified to International Aerospace Standard AS9100D and other required aviation standards Expenditure On Production Transportation And Other Expenditure Pertaining To Exploration And Production Activities,Details Of Improvements In Environmental And Social Impacts Due To RAnd D,23.4511,Remarks For Assurance Of Percentage Of RAnd DAnd Capital Expenditure Investments In Specific Technologies,23.519,Details Of Improvements In Environmental And Social Impacts Due To RAnd D,23.4511,Assurance Sub Type For Percentage Of RAnd DAnd Capital Expenditure Investments In Specific Technologies,22.87,Ambiguous,Details Of Improvements In Environmental And Social Impacts Due To RAnd D,17.1145,0.8137,0.0,Failed Verification
Q233,"Has the company identified risk and threats it faces in ensuring the safet and security of its passengers, staff, and assets","Has the company identified risk and threats it faces in ensuring the safet and security of its passengers, staff, and assets Disclosure In Auditors Report Relating To Fraud By The Company Or On The Company By Its Officers Or Its Employees Reported During Period",Describe The Measures Taken By The Entity To Ensure ASafe And Healthy Work Place Explanatory Text Block,21.1887,Desclosure Of The Processes Used To Identify Work Related Hazards And Assess Risks On ARoutine And Non Routine Basis By The Entity Explanatory Text Block,22.7168,Describe The Measures Taken By The Entity To Ensure ASafe And Healthy Work Place Explanatory Text Block,21.1887,Describe The Internal Mechanisms In Place To Redress Grievances Related To Human Rights Issues Explanatory Text Block,19.4891,High Confidence,Describe The Measures Taken By The Entity To Ensure ASafe And Healthy Work Place Explanatory Text Block,15.1875,0.809,0.0,Failed Verification
Q234,Does the company collaborate with external agencies to reduce the amount of food loss and waste,Does the company collaborate with external agencies to reduce the amount of food loss and waste Whether These Are In Accordance With The Books Of Accounts Maintained By The Company Explanatory,Amount Of Recycled - Hazardous Waste Member,26.3776,Amount Of Recycled - Hazardous Waste Member,26.3776,Amount Of Recycled - Hazardous Waste Member - Previous Year,24.2967,Details Of Waste Management Practices Adopted In Your Establishments And The Strategy Adopted By Company To Reduce Usage Of Hazardous And Toxic Chemicals Explanatory Text Block,23.692,High Confidence,Amount Of Recycled - Hazardous Waste Member,10.556,0.8276,0.002,Failed Verification
Q235,Is the company promoting local tourism,Is the company promoting local tourism Name Of Stock Exchange Where The Company Is Listed,Description Of Other Stock Exchange Where The Company Is Listed - Stock Exchange3,32.8515,Name Of Stock Exchange Where The Company Is Listed - Stock Exchange3,36.2608,Name Of Stock Exchange Where The Company Is Listed - Stock Exchange2,36.2608,Name Of Stock Exchange Where The Company Is Listed - Stock Exchange1,36.2608,Ambiguous,Description Of Other Stock Exchange Where The Company Is Listed - Stock Exchange3,37.4772,0.4138,0.0,Mathematically Verified
Q236,"Does the company actively engage in the research collaborations with the universities, research institutions and other companies","Does the company actively engage in the research collaborations with the universities, research institutions and other companies Whether These Are In Accordance With The Books Of Accounts Maintained By The Company Explanatory",Energy Intensity The Relevant Metric May Be Selected By The Entity,14.8613,Whether Details Of Total Energy Consumption And Energy Intensity Applicable To The Company,15.1559,Details Of Waste Management Practices Adopted In Your Establishments And The Strategy Adopted By Company To Reduce Usage Of Hazardous And Toxic Chemicals Explanatory Text Block,14.9484,Energy Intensity The Relevant Metric May Be Selected By The Entity,14.8613,Low Confidence,Energy Intensity The Relevant Metric May Be Selected By The Entity,12.0382,0.7949,0.0,Failed Verification
Q237,"Provide details on development of clinical technology, clinical capabilites and programmes","Provide details on development of clinical technology, clinical capabilites and programmes Details Regarding Technology Absorption",Complaints On POSHUp Held,11.8897,Complaints On POSHUp Held,11.8897,Does The Entity Provide Transition Assistance Programs To Facilitate Continued Employability And The Management Of Career Endings Resulting From Retirement Or Termination Of Employment,11.7849,Remarks For Assurance Of Details Of Significant Direct And Indirect Impact Of The Entity On Biodiversity In Such Areas Along With Prevention And Remediation Activities,11.7541,Low Confidence,Complaints On POSHUp Held,4.7951,0.8558,0.014,Failed Verification
Q238,"Does the entity have system/mechanism in place to address issues (congestion, indoor coverage, call drops, modernisation and upgrade of data speeds, among others)","Does the entity have system/mechanism in place to address issues (congestion, indoor coverage, call drops, modernisation and upgrade of data speeds, among others) Complete Postal Address Of Place Of Maintenance Of Computer Servers Storing Accounting Data",Remarks For Assurance Of The Internal Mechanisms In Place To Redress Grievances Related To Human Rights Issues,18.1264,Does The Entity Have Procedures In Place For Sustainable Sourcing,19.1804,Does The Entity Have Processes In Place To Avoid Or Manage Conflict Of Interests Involving Members Of The Board,18.5362,Remarks For Assurance Of The Internal Mechanisms In Place To Redress Grievances Related To Human Rights Issues,18.1264,Ambiguous,Remarks For Assurance Of The Internal Mechanisms In Place To Redress Grievances Related To Human Rights Issues,17.5797,0.7845,0.0,Failed Verification
Q239,"Does the company have digital/smart substations or plans to have it in future? (If yes, provide the number of substation)","Does the company have digital/smart substations or plans to have it in future? (If yes, provide the number of substation) Number Of Employees In The Company At The End Of The Financial Year",Does The Entity Provide Transition Assistance Programs To Facilitate Continued Employability And The Management Of Career Endings Resulting From Retirement Or Termination Of Employment,22.2812,Does The Entity Provide Transition Assistance Programs To Facilitate Continued Employability And The Management Of Career Endings Resulting From Retirement Or Termination Of Employment,22.2812,Remarks For Assurance Of Details Of Employees As At The End Of Financial Year,21.7549,Assurance Sub Type For Details Of Employees As At The End Of Financial Year,21.3935,Ambiguous,Does The Entity Provide Transition Assistance Programs To Facilitate Continued Employability And The Management Of Career Endings Resulting From Retirement Or Termination Of Employment,17.2092,0.6897,0.0,Weak Match - Review
Q240,Does the company use smart metters in its distribution grid,Does the company use smart metters in its distribution grid Disclosure In Auditors Report Relating To Fraud By The Company Or On The Company By Its Officers Or Its Employees Reported During Period,Energy Intensity Per Rupee Of Turnover Adjusting For Purchasing Power Parity - Previous Year,13.8008,Energy Intensity Per Rupee Of Turnover Adjusting For Purchasing Power Parity,14.7744,Whether Name And Contact Details Of The Contact Person In Case Of Any Queries On The BRSRReport Is Assured By Assurer,13.8975,Energy Intensity Per Rupee Of Turnover Adjusting For Purchasing Power Parity - Previous Year,13.8008,Low Confidence,Energy Intensity Per Rupee Of Turnover Adjusting For Purchasing Power Parity - Previous Year,0.0,0.766,1.0,Failed Verification
Q241,Does the company have inhouse research and development facilities/centres and team,Does the company have inhouse research and development facilities/centres and team Research And Development Expense,Does The Entity Have Any Sites Or Facilities Identified As Designated Consumers Under The Performance Achieve And Trade Scheme Of The Government Of India,11.7265,Does The Entity Have An Equal Opportunity Policy As Per The Rights Of Persons With Disabilities Act2016,12.5397,Whether Details Of Total Energy Consumption And Energy Intensity Applicable To The Company,12.2884,Does The Entity Have Any Sites Or Facilities Identified As Designated Consumers Under The Performance Achieve And Trade Scheme Of The Government Of India,11.7265,Low Confidence,Does The Entity Have Any Sites Or Facilities Identified As Designated Consumers Under The Performance Achieve And Trade Scheme Of The Government Of India,13.925,0.7317,0.0,Failed Verification
Q242,Is the company offering e-learning courses/certifications to its students,Is the company offering e-learning courses/certifications to its students Disclosure In Auditors Report Relating To Fraud By The Company Or On The Company By Its Officers Or Its Employees Reported During Period,Whether EMail Of The Company Is Assured By Assurer,17.5705,Whether Weblink Where Information On Products And Services Of The Entity Can Be Accessed Is Assured By Assurer,18.7918,It Is Planned To Be Done In The Next Financial Year - Principle8 Member,17.6405,It Is Planned To Be Done In The Next Financial Year - Principle7 Member,17.6405,High Confidence,Whether EMail Of The Company Is Assured By Assurer,21.5718,0.8158,0.0,Failed Verification
Q243,ISO 22000 FSSC,ISO 22000 FSSC ISO Country Code Of Place Of Maintenance Of Computer Servers Storing Accounting Data,Assurance Sub Type For Data Breaches Information Like Number Of Instances Of Data Breaches Along With Impact And Percentage Of Data Breaches Involving Personally Identifiable Information Of Customers,15.5803,Remarks For Assurance Of Data Breaches Information Like Number Of Instances Of Data Breaches Along With Impact And Percentage Of Data Breaches Involving Personally Identifiable Information Of Customers,15.7774,Assurance Sub Type For Data Breaches Information Like Number Of Instances Of Data Breaches Along With Impact And Percentage Of Data Breaches Involving Personally Identifiable Information Of Customers,15.5803,Whether Data Breaches Information Like Number Of Instances Of Data Breaches Along With Impact And Percentage Of Data Breaches Involving Personally Identifiable Information Of Customers Is Assured By Assurer,15.3514,Low Confidence,Assurance Sub Type For Data Breaches Information Like Number Of Instances Of Data Breaches Along With Impact And Percentage Of Data Breaches Involving Personally Identifiable Information Of Customers,8.8252,0.7609,0.008,Failed Verification
Q244,Does the company confirm on its commitments to follow guidelines provided by FSSAI and NIN,Does the company confirm on its commitments to follow guidelines provided by FSSAI and NIN Disclosure In Auditors Report Relating To Fraud By The Company Or On The Company By Its Officers Or Its Employees Reported During Period,Provide Details Of The Non Compliance - Law Or Regulation Or Guidelines1,15.1624,Provide Details Of The Non Compliance - Law Or Regulation Or Guidelines14,15.1624,Provide Details Of The Non Compliance - Law Or Regulation Or Guidelines12,15.1624,Provide Details Of The Non Compliance - Law Or Regulation Or Guidelines10,15.1624,Low Confidence,Provide Details Of The Non Compliance - Law Or Regulation Or Guidelines1,7.3755,0.7914,0.028,Failed Verification
Q245,Does the company conduct food safety audits,Does the company conduct food safety audits Safety Security Expenses,Assurance Sub Type For Details Of Instances Of Product Recalls On Account Of Safety Issues,13.6621,Remarks For Assurance Of Details Of Instances Of Product Recalls On Account Of Safety Issues,13.8963,Assurance Sub Type For Details Of Instances Of Product Recalls On Account Of Safety Issues,13.6621,Whether Details Of Instances Of Product Recalls On Account Of Safety Issues Is Assured By Assurer,13.2847,Low Confidence,Assurance Sub Type For Details Of Instances Of Product Recalls On Account Of Safety Issues,9.0369,0.6353,0.0,Weak Match - Review
Q246,Does the company mention use of natural ingredients in their products and are they approved by government norms,Does the company mention use of natural ingredients in their products and are they approved by government norms Whether These Are In Accordance With The Books Of Accounts Maintained By The Company Explanatory,Whether Details Of Reclaimed Products And Their Packaging Materials For Each Product Category Is Assured By Assurer,16.2931,Whether Details Of Reclaimed Products And Their Packaging Materials For Each Product Category Is Assured By Assurer,16.2931,Whether Details Of Instances Of Product Recalls On Account Of Safety Issues Is Assured By Assurer,16.2246,Reclaimed Products And Their Packaging Materials As Percentage Of Total Products Sold In Respective Category - Reclaimed Products And Their Packaging Domain7,15.6711,Low Confidence,Whether Details Of Reclaimed Products And Their Packaging Materials For Each Product Category Is Assured By Assurer,16.2969,0.7152,0.0,Failed Verification
Q247,does the company have a policy on ingredient safety? is there any mention of use of paraben in the products,does the company have a policy on ingredient safety? is there any mention of use of paraben in the products Whether There Is Any Change In Functional Currency During The Year,The Entity Is Not At AStage Where It Is In APosition To Formulate And Implement The Policies On Specified Principles - Principle7 Member,19.7239,The Entity Is Not At AStage Where It Is In APosition To Formulate And Implement The Policies On Specified Principles - Principle5 Member,19.7239,The Entity Is Not At AStage Where It Is In APosition To Formulate And Implement The Policies On Specified Principles - Principle3 Member,19.7239,The Entity Is Not At AStage Where It Is In APosition To Formulate And Implement The Policies On Specified Principles - Principle4 Member,19.7239,Ambiguous,The Entity Is Not At AStage Where It Is In APosition To Formulate And Implement The Policies On Specified Principles - Principle7 Member,17.7296,0.7252,0.0,Failed Verification
Q248,ISO 13485,ISO 13485 ISO Country Code Of Place Of Maintenance Of Computer Servers Storing Accounting Data,Remarks For Assurance Of Data Breaches Information Like Number Of Instances Of Data Breaches Along With Impact And Percentage Of Data Breaches Involving Personally Identifiable Information Of Customers,15.7774,Remarks For Assurance Of Data Breaches Information Like Number Of Instances Of Data Breaches Along With Impact And Percentage Of Data Breaches Involving Personally Identifiable Information Of Customers,15.7774,Assurance Sub Type For Data Breaches Information Like Number Of Instances Of Data Breaches Along With Impact And Percentage Of Data Breaches Involving Personally Identifiable Information Of Customers,15.5803,Whether Data Breaches Information Like Number Of Instances Of Data Breaches Along With Impact And Percentage Of Data Breaches Involving Personally Identifiable Information Of Customers Is Assured By Assurer,15.3514,Low Confidence,Remarks For Assurance Of Data Breaches Information Like Number Of Instances Of Data Breaches Along With Impact And Percentage Of Data Breaches Involving Personally Identifiable Information Of Customers,8.9337,0.7836,0.01,Failed Verification
Q249,Does the company have a policy for ensuring quality and patient safety during clinical trials,Does the company have a policy for ensuring quality and patient safety during clinical trials Safety Security Expenses,Remarks For Assurance Of Whether The Entity Have AFramework Or Policy On Cyber Security And Risks Related To Data Privacy,18.1546,Does The Entity Have AFramework Or Policy On Cyber Security And Risks Related To Data Privacy,20.4946,Does The Entity Have An Equal Opportunity Policy As Per The Rights Of Persons With Disabilities Act2016,18.3911,Remarks For Assurance Of Whether The Entity Have AFramework Or Policy On Cyber Security And Risks Related To Data Privacy,18.1546,High Confidence,Remarks For Assurance Of Whether The Entity Have AFramework Or Policy On Cyber Security And Risks Related To Data Privacy,15.0855,0.6789,0.0,Weak Match - Review
Q250,Does the entity display relevant information on the product labels as per the requirements of national and international drug regulatory bodies,Does the entity display relevant information on the product labels as per the requirements of national and international drug regulatory bodies Number Of Employees In The Company At The End Of The Financial Year,Assurer Has Assured Whether The Entity Display Product Information On The Product Over And Above What Is Mandated As Per Local Laws,24.6623,Does The Entity Display Product Information On The Product Over And Above What Is Mandated As Per Local Laws,29.271,Remarks For Assurance Of Details Of Employees As At The End Of Financial Year,25.4281,Remarks For Assurance Of Whether The Entity Display Product Information On The Product Over And Above What Is Mandated As Per Local Laws,25.2718,High Confidence,Assurer Has Assured Whether The Entity Display Product Information On The Product Over And Above What Is Mandated As Per Local Laws,32.8601,0.7124,0.0,Failed Verification
Q251,How many labs are NABL accredited,How many labs are NABL accredited Indication Of How Frequently Hedging Relationships Are Discontinued And Restarted,Date Of Start Of Financial Year,13.1168,Date Of Start Of Previous Year,13.1168,Date Of Start Of Financial Year,13.1168,Date Of Start Of Prior To Previous Year,12.1519,Low Confidence,Date Of Start Of Financial Year,0.4744,0.8431,0.024,Failed Verification
Q252,How did the entity handle aliquots and provide details on reducing aliquots,How did the entity handle aliquots and provide details on reducing aliquots Description Of How Entity Determined Maximum Economic Benefit Available,Provide The Processes For Consultation Between Stakeholders And The Board On Economic Environmental And Social Topics Or If Consultation Is Delegated How Is Feedback From Such Consultations Provided To The Board Explanatory Text Block,16.6812,Provide The Processes For Consultation Between Stakeholders And The Board On Economic Environmental And Social Topics Or If Consultation Is Delegated How Is Feedback From Such Consultations Provided To The Board Explanatory Text Block,16.6812,Do Human Rights Requirements Form Part Of Your Business Agreements And Contracts,14.3228,Details Of Instances As To How The Inputs Received From Stakeholders On These Topics Were Incorporated Into Policies And Activities Of The Entity Explanatory Text Block,14.0902,Low Confidence,Provide The Processes For Consultation Between Stakeholders And The Board On Economic Environmental And Social Topics Or If Consultation Is Delegated How Is Feedback From Such Consultations Provided To The Board Explanatory Text Block,20.7987,0.7438,0.0,Failed Verification
Q253,Does the company have a dedicated ethics committee to oversee all the clinical trials,Does the company have a dedicated ethics committee to oversee all the clinical trials Number Of Employees In The Company At The End Of The Financial Year,Assurance Sub Type For Details Of Employees As At The End Of Financial Year,25.0668,Remarks For Assurance Of Details Of Employees As At The End Of Financial Year,25.4281,Assurance Sub Type For Details Of Employees As At The End Of Financial Year,25.0668,Whether Details Of Employees As At The End Of Financial Year Is Assured By Assurer,24.3109,Ambiguous,Assurance Sub Type For Details Of Employees As At The End Of Financial Year,24.9211,0.5833,0.0,Weak Match - Review
Q254,Does the company have a public policy committing it and/or its suppliers to animal welfare principles,Does the company have a public policy committing it and/or its suppliers to animal welfare principles Disclosure In Auditors Report Relating To Fraud By The Company Or On The Company By Its Officers Or Its Employees Reported During Period,Remarks For Assurance Of APreferential Procurement Policy Where Preference To Purchase From Suppliers Comprising Marginalized Or Vulnerable Groups And Its Percentage Of Total Procurement By Value Does It Constitute,20.6918,Remarks For Assurance Of APreferential Procurement Policy Where Preference To Purchase From Suppliers Comprising Marginalized Or Vulnerable Groups And Its Percentage Of Total Procurement By Value Does It Constitute,20.6918,Whether APreferential Procurement Policy Where Preference To Purchase From Suppliers Comprising Marginalized Or Vulnerable Groups And Its Percentage Of Total Procurement By Value Does It Constitute Is Assured By Assurer,20.4047,Does The Entity Have AFramework Or Policy On Cyber Security And Risks Related To Data Privacy,20.1817,Ambiguous,Remarks For Assurance Of APreferential Procurement Policy Where Preference To Purchase From Suppliers Comprising Marginalized Or Vulnerable Groups And Its Percentage Of Total Procurement By Value Does It Constitute,29.6249,0.7605,0.0,Failed Verification
Q255,Does the company meet priority sector lending requirements as per RBI,Does the company meet priority sector lending requirements as per RBI Profit Loss For The Period As Per Ind As,Energy Intensity Per Rupee Of Turnover,12.2161,Net Worth,13.9894,Energy Intensity Per Rupee Of Turnover,12.2161,Remarks For Assurance Of Whether The Premise Or Office Of The Entity Accessible To Differently Abled Visitors As Per The Requirements Of The Rights Of Persons With Disabilities Act2016,12.1962,Low Confidence,Energy Intensity Per Rupee Of Turnover,7.087,0.7374,0.0,Failed Verification
Q256,"Does the entity have a plan to lend to MSME? If yes, provide details","Does the entity have a plan to lend to MSME? If yes, provide details Description Of Risks To Which Plan Exposes Entity",Assurer Has Assured Whether The Entity Have ABusiness Continuity And Disaster Management Plan,17.5182,Does The Entity Have ABusiness Continuity And Disaster Management Plan,22.8153,Remarks For Assurance Of Whether The Entity Have ABusiness Continuity And Disaster Management Plan,18.4604,Does The Entity Have AFramework Or Policy On Cyber Security And Risks Related To Data Privacy,17.9584,High Confidence,Assurer Has Assured Whether The Entity Have ABusiness Continuity And Disaster Management Plan,22.901,0.6852,0.0,Weak Match - Review
Q257,Does the company have a policy or commitment on financial inclusion,Does the company have a policy or commitment on financial inclusion Number Of Employees In The Company At The End Of The Financial Year,Average Number Of Female Employees Or Workers At The Beginning Of The Year And As At End Of The Year - Previous Year,22.6259,Remarks For Assurance Of Details Of Employees As At The End Of Financial Year,25.4281,Assurance Sub Type For Details Of Employees As At The End Of Financial Year,25.0668,Whether Details Of Employees As At The End Of Financial Year Is Assured By Assurer,24.3109,Ambiguous,Average Number Of Female Employees Or Workers At The Beginning Of The Year And As At End Of The Year - Previous Year,24.3636,0.5676,0.0,Weak Match - Review
Q258,Does the company have programmes for listing designed to promote small businesses (MSME) and community development,Does the company have programmes for listing designed to promote small businesses (MSME) and community development Micro Small Medium Enterprises Domain,Assurance Sub Type For Whether The Entity Have ABusiness Continuity And Disaster Management Plan,16.4434,Does The Entity Have ABusiness Continuity And Disaster Management Plan,20.7302,Remarks For Assurance Of Whether The Entity Have ABusiness Continuity And Disaster Management Plan,17.927,Does The Entity Have Processes In Place To Avoid Or Manage Conflict Of Interests Involving Members Of The Board,16.9086,Low Confidence,Assurance Sub Type For Whether The Entity Have ABusiness Continuity And Disaster Management Plan,8.4858,0.719,0.01,Failed Verification
Q259,Does the company index for social enterprises that target underserved or less privileged population segments,Does the company index for social enterprises that target underserved or less privileged population segments Whether Company Has Published Sustainability Report For The Financial Year,Remarks For Assurance Of Whether CSRIs Applicable As Per Section135 Of Companies Act2013,17.5302,Whether CSRIs Applicable As Per Section135 Of Companies Act2013,17.7554,Assurer Has Assured Whether The Entity Have ASpecified Committee Of The Board Or Director Responsible For Decision Making On Sustainability Related Issues,17.5306,Remarks For Assurance Of Whether CSRIs Applicable As Per Section135 Of Companies Act2013,17.5302,Ambiguous,Remarks For Assurance Of Whether CSRIs Applicable As Per Section135 Of Companies Act2013,5.9611,0.7681,0.042,Failed Verification
Q260,Does the company have its products in compliance with BIS standards,Does the company have its products in compliance with BIS standards Disclosure In Auditors Report Relating To Fraud By The Company Or On The Company By Its Officers Or Its Employees Reported During Period,Whether Details Of Measures For The Well Being Of Employees And Workers And Spending On It Is Assured By Assurer,16.8972,Percentage Of Cost Incurred On Well Being Measures With Respect To Total Revenue Of The Company,17.152,Whether Details Of Measures For The Well Being Of Employees And Workers And Spending On It Is Assured By Assurer,16.8972,Whether Name And Contact Details Of The Contact Person In Case Of Any Queries On The BRSRReport Is Assured By Assurer,16.4755,Low Confidence,Whether Details Of Measures For The Well Being Of Employees And Workers And Spending On It Is Assured By Assurer,10.9275,0.7365,0.0,Failed Verification
Q261,Is the company adhering to Food Safety Standards and Processes,Is the company adhering to Food Safety Standards and Processes Safety Security Expenses,Whether Measures Taken By The Entity To Ensure ASafe And Healthy Work Place Is Assured By Assurer,10.7282,It Is Planned To Be Done In The Next Financial Year - Principle8 Member,11.5466,It Is Planned To Be Done In The Next Financial Year - Principle3 Member,11.5466,It Is Planned To Be Done In The Next Financial Year - Principle9 Member,11.5466,Low Confidence,Whether Measures Taken By The Entity To Ensure ASafe And Healthy Work Place Is Assured By Assurer,6.9246,0.6517,0.004,Weak Match - Review
Q262,Description of actions and initiatives to promote access to healthcare products for priority diseases,Description of actions and initiatives to promote access to healthcare products for priority diseases Products And Services Domain,Do The Employees Or Worker Of The Entity Have Access To Non Occupational Medical And Healthcare Services,21.7418,Do The Employees Or Worker Of The Entity Have Access To Non Occupational Medical And Healthcare Services,21.7418,Details If The Employees Or Worker Of The Entity Have Access To Non Occupational Medical And Healthcare Services Is Not Applicable Explanatory Text Block,18.0614,Description Of Business Activity - Details Of Business Activities Accounting For Ninety Percent Of The Turnover Domain6,15.2033,High Confidence,Do The Employees Or Worker Of The Entity Have Access To Non Occupational Medical And Healthcare Services,23.5938,0.6019,0.0,Weak Match - Review
Q263,Does the company focus on providing healthcare facilities to vulnerable portions of the population,Does the company focus on providing healthcare facilities to vulnerable portions of the population Number Of Employees In The Company At The End Of The Financial Year,Number Of Complaints Pending Resolution At The End Of Year - Health Safety Complaints Member,20.9756,Remarks For Assurance Of Details Of Employees As At The End Of Financial Year,21.7549,Assurance Sub Type For Details Of Employees As At The End Of Financial Year,21.3935,Number Of Complaints Pending Resolution At The End Of Year - Health Safety Complaints Member,20.9756,Ambiguous,Number Of Complaints Pending Resolution At The End Of Year - Health Safety Complaints Member,20.5294,0.6538,0.0,Weak Match - Review
Q264,N-CAP Rating of 4 or 5 star?,N-CAP Rating of 4 or 5 star? Disclosure As Per Sub Rule 5 Of Rule 8 Of Companies Accounts Rules 2014 Explanatory,Assurance Sub Type For Number Of Days Of Accounts Payables,16.9518,Assurance Sub Type For Number Of Days Of Accounts Payables,16.9518,Type Of Assurance For Section AGeneral Disclosures,14.3782,Number Of Days Of Accounts Payable,14.3232,Low Confidence,Assurance Sub Type For Number Of Days Of Accounts Payables,13.5448,0.717,0.0,Failed Verification
Q265,"Is the company sourcing raw materials from the certified sustainable sources (such as global GAP, RSPO, Rainforest, FSC)","Is the company sourcing raw materials from the certified sustainable sources (such as global GAP, RSPO, Rainforest, FSC) Raw Materials Consumed",Total Energy Consumed From Non Renewable Sources,18.6922,Total Energy Consumed From Renewable Sources,19.4927,Total Energy Consumed From Non Renewable Sources,18.6922,Does The Entity Have Procedures In Place For Sustainable Sourcing,18.421,Ambiguous,Total Energy Consumed From Non Renewable Sources,18.3721,0.7273,0.0,Failed Verification
Q266,Do the farmers have access to PPE kits to prevent themselves from exposure to pesticides while handling wet green tobacco leaves which could lead to Green Tobacco Sickness,Do the farmers have access to PPE kits to prevent themselves from exposure to pesticides while handling wet green tobacco leaves which could lead to Green Tobacco Sickness Changes In Exposure To Risk,Processes For Workers To Report The Work Related Hazards And To Remove Themselves From Such Risks Is Not Applicable Explanatory Text Block,20.5872,Whether You Have Processes For Workers To Report The Work Related Hazards And To Remove Themselves From Such Risks,26.3458,Processes For Workers To Report The Work Related Hazards And To Remove Themselves From Such Risks Is Not Applicable Explanatory Text Block,20.5872,Do The Employees Or Worker Of The Entity Have Access To Non Occupational Medical And Healthcare Services,20.1753,High Confidence,Processes For Workers To Report The Work Related Hazards And To Remove Themselves From Such Risks Is Not Applicable Explanatory Text Block,21.3452,0.7465,0.0,Failed Verification
Q267,Does the company have any standards or programmes related to sustainable tobacco during their supply chain process,Does the company have any standards or programmes related to sustainable tobacco during their supply chain process Disclosure In Auditors Report Relating To Fraud By The Company Or On The Company By Its Officers Or Its Employees Reported During Period,Remarks For Assurance Of Awareness Programmes Conducted For Value Chain Partners On Any Of The Principles During The Financial Year,20.8325,Does The Entity Have Procedures In Place For Sustainable Sourcing,27.4016,Whether Awareness Programmes Conducted For Value Chain Partners On Any Of The Principles During The Financial Year Is Assured By Assurer,21.1756,Remarks For Assurance Of Awareness Programmes Conducted For Value Chain Partners On Any Of The Principles During The Financial Year,20.8325,High Confidence,Remarks For Assurance Of Awareness Programmes Conducted For Value Chain Partners On Any Of The Principles During The Financial Year,25.2342,0.7574,0.0,Failed Verification
Q268,Are there any technicians appointed during the supply chain process to detect or monitor the agriculture or crop management process,Are there any technicians appointed during the supply chain process to detect or monitor the agriculture or crop management process Whether There Are Changes In Acounting Estimates During The Year,Percentage Of Discrimination At Work Place Of Value Chain Partners P5,14.7968,Number Of Complaints Filed During The Year - Discrimination At Work Place Member,17.6394,Number Of Complaints Filed During The Year - Discrimination At Work Place Member - Previous Year,17.3864,Whether Awareness Programmes Conducted For Value Chain Partners On Any Of The Principles During The Financial Year Is Assured By Assurer,15.3439,Low Confidence,Percentage Of Discrimination At Work Place Of Value Chain Partners P5,4.5616,0.7887,0.09,Failed Verification
Q269,Existence of management process for ensuring quality and patient safety during clinical trials,Existence of management process for ensuring quality and patient safety during clinical trials Safety Security Expenses,Type Of Assurance For Policy And Management Processes,18.0518,Type Of Assurance For Policy And Management Processes,18.0518,Type Of Assurance For Section BManagement And Process Disclosures,16.7318,Remarks For Assurance Of Health And Safety Management System,16.5038,High Confidence,Type Of Assurance For Policy And Management Processes,10.16,0.7158,0.0,Failed Verification
Q270,Provide information on project(s) for which ongoing Rehabilitation and Resettlements is being undertaken by the company,Provide information on project(s) for which ongoing Rehabilitation and Resettlements is being undertaken by the company Sector In Which Project Is Covered,Whether Details Of Projects For Which Ongoing Rehabilitation And Resettlement Is Being Undertaken By Entity Is Assured By Assurer,30.8568,Whether Details Of Projects For Which Ongoing Rehabilitation And Resettlement Is Being Undertaken By Entity Is Assured By Assurer,30.8568,Remarks For Assurance Of Details Of Projects For Which Ongoing Rehabilitation And Resettlement Is Being Undertaken By Entity,30.0965,Assurance Sub Type For Details Of Projects For Which Ongoing Rehabilitation And Resettlement Is Being Undertaken By Entity,30.0965,Ambiguous,Whether Details Of Projects For Which Ongoing Rehabilitation And Resettlement Is Being Undertaken By Entity Is Assured By Assurer,34.5096,0.5528,0.0,Weak Match - Review
Q271,How many patents were filed and granted during the current year,How many patents were filed and granted during the current year Information Whether And How Other Features Were Incorporated Into Measurement Of Fair Value Share Options Granted,Details Of Instances As To How The Inputs Received From Stakeholders On These Topics Were Incorporated Into Policies And Activities Of The Entity Explanatory Text Block,23.3564,Details Of Instances As To How The Inputs Received From Stakeholders On These Topics Were Incorporated Into Policies And Activities Of The Entity Explanatory Text Block,23.3564,Whether Data Breaches Information Like Number Of Instances Of Data Breaches Along With Impact And Percentage Of Data Breaches Involving Personally Identifiable Information Of Customers Is Assured By Assurer,17.7329,Number Of Complaints Filed During The Year - Otherhumanrightsrelatedissues Member,16.7864,High Confidence,Details Of Instances As To How The Inputs Received From Stakeholders On These Topics Were Incorporated Into Policies And Activities Of The Entity Explanatory Text Block,31.2633,0.6691,0.0,Weak Match - Review
Q272,Does the company have due diligence process for sourcing minerals as raw materials,Does the company have due diligence process for sourcing minerals as raw materials Raw Materials Consumed,Total Energy Consumed From Renewable Sources,23.0792,Does The Entity Have Procedures In Place For Sustainable Sourcing,26.9805,Total Energy Consumed From Renewable Sources,23.0792,Total Energy Consumed From Non Renewable Sources,22.1314,High Confidence,Total Energy Consumed From Renewable Sources,9.4026,0.7079,0.01,Failed Verification
Q273,Has the entity performed audit by DoT and maintain compliance with EMF radiation levels set by local regulations and ICNIRP,Has the entity performed audit by DoT and maintain compliance with EMF radiation levels set by local regulations and ICNIRP Cost Taxes Other Levies By Government Local Authorities,Percentage Of Cost Incurred On Well Being Measures With Respect To Total Revenue Of The Company - Previous Year,15.5727,Percentage Of Cost Incurred On Well Being Measures With Respect To Total Revenue Of The Company,16.5065,Percentage Of Cost Incurred On Well Being Measures With Respect To Total Revenue Of The Company - Previous Year,15.5727,Whether Specific Commitments Goals And Targets Set By The Entity With Defined Timelines Is Assured By Assurer,14.0359,Low Confidence,Percentage Of Cost Incurred On Well Being Measures With Respect To Total Revenue Of The Company - Previous Year,9.142,0.7465,0.002,Failed Verification
Q274,Does the organisation have Board Diversity Policy,Does the organisation have Board Diversity Policy Directors Signing Board Report Domain,Assurance Sub Type For Whether The Entity Have ASpecified Committee Of The Board Or Director Responsible For Decision Making On Sustainability Related Issues,17.9954,Does The Entity Have ASpecified Committee Of The Board Or Director Responsible For Decision Making On Sustainability Related Issues,22.5045,Remarks For Assurance Of Whether The Entity Have ASpecified Committee Of The Board Or Director Responsible For Decision Making On Sustainability Related Issues,18.6134,Assurer Has Assured Whether The Entity Have ASpecified Committee Of The Board Or Director Responsible For Decision Making On Sustainability Related Issues,18.4345,High Confidence,Assurance Sub Type For Whether The Entity Have ASpecified Committee Of The Board Or Director Responsible For Decision Making On Sustainability Related Issues,12.0148,0.7,0.0,Failed Verification
Q275,Presence of policy on appointment and reappointment of board of directors,Presence of policy on appointment and reappointment of board of directors Reappointment Of Independent Directors As Per Section 14910 Explanatory,Total Number Of Training And Awareness Programs Held - Board Of Directors Segment Member,20.1139,Details Of Specified Committee Of The Board Or Director Responsible For Decision Making On Sustainability Related Issues Explanatory Text Block,20.8971,Does The Entity Have ASpecified Committee Of The Board Or Director Responsible For Decision Making On Sustainability Related Issues,20.4563,Total Number Of Training And Awareness Programs Held - Board Of Directors Segment Member,20.1139,Ambiguous,Total Number Of Training And Awareness Programs Held - Board Of Directors Segment Member,19.254,0.6786,0.0,Weak Match - Review
Q276,Is the chairperson of the board an independent director?,Is the chairperson of the board an independent director? Whether Initial Application Of An Ind As Has An Effect On The Current Period Or Any Prior Period,Assurer Has Assured Whether The Entity Have ASpecified Committee Of The Board Or Director Responsible For Decision Making On Sustainability Related Issues,25.8232,Assurer Has Assured Whether The Entity Have ASpecified Committee Of The Board Or Director Responsible For Decision Making On Sustainability Related Issues,25.8232,Remarks For Assurance Of Whether The Entity Have ASpecified Committee Of The Board Or Director Responsible For Decision Making On Sustainability Related Issues,22.8324,Does The Entity Have ASpecified Committee Of The Board Or Director Responsible For Decision Making On Sustainability Related Issues,22.2314,High Confidence,Assurer Has Assured Whether The Entity Have ASpecified Committee Of The Board Or Director Responsible For Decision Making On Sustainability Related Issues,22.2574,0.6719,0.0,Weak Match - Review
Q277,Does the company have separate roles for Chairman and CEO,Does the company have separate roles for Chairman and CEO Whether Company Has Published Sustainability Report For The Financial Year,The Entity Does Not Have The Financial Or Human And Technical Resources Available For The Task - Principle7 Member,14.2106,Assurer Has Assured Whether The Entity Have ASpecified Committee Of The Board Or Director Responsible For Decision Making On Sustainability Related Issues,17.9131,Does The Entity Have ASpecified Committee Of The Board Or Director Responsible For Decision Making On Sustainability Related Issues,16.2997,Remarks For Assurance Of Whether The Entity Have ASpecified Committee Of The Board Or Director Responsible For Decision Making On Sustainability Related Issues,15.6525,Low Confidence,The Entity Does Not Have The Financial Or Human And Technical Resources Available For The Task - Principle7 Member,18.4125,0.6018,0.0,Weak Match - Review
Q278,Does the company have lead independent director on the board,Does the company have lead independent director on the board Number Of Employees In The Company At The End Of The Financial Year,Remarks For Assurance Of Whether The Entity Have ASpecified Committee Of The Board Or Director Responsible For Decision Making On Sustainability Related Issues,21.1008,Does The Entity Have ASpecified Committee Of The Board Or Director Responsible For Decision Making On Sustainability Related Issues,25.2583,Remarks For Assurance Of Details Of Employees As At The End Of Financial Year,21.7549,Assurance Sub Type For Details Of Employees As At The End Of Financial Year,21.3935,High Confidence,Remarks For Assurance Of Whether The Entity Have ASpecified Committee Of The Board Or Director Responsible For Decision Making On Sustainability Related Issues,22.687,0.6923,0.0,Weak Match - Review
Q279,Does the company ensure effectiveness of the board through internal or external evaluation or assessment,Does the company ensure effectiveness of the board through internal or external evaluation or assessment Number Of Employees In The Company At The End Of The Financial Year,Name Of The External Agency That Undertook Independent Assessment Or Evaluation Or Assurance For Energy Consumption Explanatory Text Block,17.8141,Remarks For Assurance Of Details Of Employees As At The End Of Financial Year,21.7549,Assurance Sub Type For Details Of Employees As At The End Of Financial Year,21.3935,Whether Details Of Employees As At The End Of Financial Year Is Assured By Assurer,20.7512,Ambiguous,Name Of The External Agency That Undertook Independent Assessment Or Evaluation Or Assurance For Energy Consumption Explanatory Text Block,20.235,0.6489,0.0,Weak Match - Review
Q280,Does the company have processes in place to avoid/manage conflicts of interest involving members of the Board,Does the company have processes in place to avoid/manage conflicts of interest involving members of the Board Number Of Employees In The Company At The End Of The Financial Year,Does The Entity Have Processes In Place To Avoid Or Manage Conflict Of Interests Involving Members Of The Board,55.7969,Does The Entity Have Processes In Place To Avoid Or Manage Conflict Of Interests Involving Members Of The Board,55.7969,Remarks For Assurance Of The Entity Have Processes In Place To Avoid Or Manage Conflict Of Interests Involving Members Of The Board,49.5048,Assurance Sub Type For The Entity Have Processes In Place To Avoid Or Manage Conflict Of Interests Involving Members Of The Board,49.1226,High Confidence,Does The Entity Have Processes In Place To Avoid Or Manage Conflict Of Interests Involving Members Of The Board,55.9287,0.5912,0.0,Weak Match - Review
Q281,Does the company conduct training and awareness programmes on any of the NGBRC principles for BOD,Does the company conduct training and awareness programmes on any of the NGBRC principles for BOD Number Of Employees In The Company At The End Of The Financial Year,Assurance Sub Type For Percentage Coverage By Training And Awareness Programs On Any Of The Principles During The Financial Year For BODOr KMPOr Employee Or Worker,33.5098,Remarks For Assurance Of Percentage Coverage By Training And Awareness Programs On Any Of The Principles During The Financial Year For BODOr KMPOr Employee Or Worker,34.1073,Assurance Sub Type For Percentage Coverage By Training And Awareness Programs On Any Of The Principles During The Financial Year For BODOr KMPOr Employee Or Worker,33.5098,Whether Percentage Coverage By Training And Awareness Programs On Any Of The Principles During The Financial Year For BODOr KMPOr Employee Or Worker Is Assured By Assurer,32.2819,Ambiguous,Assurance Sub Type For Percentage Coverage By Training And Awareness Programs On Any Of The Principles During The Financial Year For BODOr KMPOr Employee Or Worker,29.948,0.5672,0.0,Weak Match - Review
Q282,Independence of Chairperson of committee (risk management),Independence of Chairperson of committee (risk management) Explanation Of Risk Management Strategy Related To Hedge Accounting Explanatory,Details Of Occupational Health And Safety Management System Explanatory Text Block,19.4058,Details Of Occupational Health And Safety Management System Explanatory Text Block,19.4058,Processes For Workers To Report The Work Related Hazards And To Remove Themselves From Such Risks Is Not Applicable Explanatory Text Block,16.9064,Remarks For Assurance Of Health And Safety Management System,16.7852,High Confidence,Details Of Occupational Health And Safety Management System Explanatory Text Block,16.2644,0.6228,0.0,Weak Match - Review
Q283,Independence of Chairperson of committee (NRC),Independence of Chairperson of committee (NRC) Disclosure Of Composition Of Audit Committee And Non Acceptance Of Any Recommendation Of Audit Committee Along With Reasons Explanatory,Performance Of The Entity Against The Specific Commitments Goals And Targets Along With Reasons In Case The Same Are Not Met Explanatory Text Block - Principle3 Member,17.088,Performance Of The Entity Against The Specific Commitments Goals And Targets Along With Reasons In Case The Same Are Not Met Explanatory Text Block - Principle8 Member,17.088,Performance Of The Entity Against The Specific Commitments Goals And Targets Along With Reasons In Case The Same Are Not Met Explanatory Text Block - Principle7 Member,17.088,Performance Of The Entity Against The Specific Commitments Goals And Targets Along With Reasons In Case The Same Are Not Met Explanatory Text Block - Principle6 Member,17.088,Low Confidence,Performance Of The Entity Against The Specific Commitments Goals And Targets Along With Reasons In Case The Same Are Not Met Explanatory Text Block - Principle3 Member,14.2711,0.6331,0.0,Weak Match - Review
Q284,Independence of Chairperson of committee (Audit),Independence of Chairperson of committee (Audit) Disclosure Of Composition Of Audit Committee And Non Acceptance Of Any Recommendation Of Audit Committee Along With Reasons Explanatory,Performance Of The Entity Against The Specific Commitments Goals And Targets Along With Reasons In Case The Same Are Not Met Explanatory Text Block - Principle4 Member,17.088,Performance Of The Entity Against The Specific Commitments Goals And Targets Along With Reasons In Case The Same Are Not Met Explanatory Text Block - Principle5 Member,17.088,Performance Of The Entity Against The Specific Commitments Goals And Targets Along With Reasons In Case The Same Are Not Met Explanatory Text Block - Principle9 Member,17.088,Performance Of The Entity Against The Specific Commitments Goals And Targets Along With Reasons In Case The Same Are Not Met Explanatory Text Block - Principle2 Member,17.088,Low Confidence,Performance Of The Entity Against The Specific Commitments Goals And Targets Along With Reasons In Case The Same Are Not Met Explanatory Text Block - Principle4 Member,14.2711,0.6331,0.0,Weak Match - Review
Q285,Is there a claw back mechanism/policy for senior management/KMP,Is there a claw back mechanism/policy for senior management/KMP Whether There Is Any Voluntary Change In Accounting Policy,Whether Health And Safety Management System Is Assured By Assurer,21.3514,Whether Health And Safety Management System Is Assured By Assurer,21.3514,Is There AMechanism Available To Receive And Redress Grievances For Permanent Workers,20.5941,Is There AMechanism Available To Receive And Redress Grievances For Permanent Employees,20.5941,Ambiguous,Whether Health And Safety Management System Is Assured By Assurer,16.5907,0.6697,0.0,Weak Match - Review
Q286,Is the independent director paid commissions/incentives other than the board sitting fees,Is the independent director paid commissions/incentives other than the board sitting fees Directors Sitting Fees,Number Of Board Of Directors For Remuneration Or Salary Or Wages - Other Gender Member,12.3377,Does The Entity Have ASpecified Committee Of The Board Or Director Responsible For Decision Making On Sustainability Related Issues,14.605,Details Of Specified Committee Of The Board Or Director Responsible For Decision Making On Sustainability Related Issues Explanatory Text Block,14.1843,Assurer Has Assured Whether The Entity Have ASpecified Committee Of The Board Or Director Responsible For Decision Making On Sustainability Related Issues,13.5417,Low Confidence,Number Of Board Of Directors For Remuneration Or Salary Or Wages - Other Gender Member,12.5474,0.6484,0.0,Weak Match - Review
Q287,Is the variable pay of executives linked to sustainability or ESG parameters,Is the variable pay of executives linked to sustainability or ESG parameters Whether Company Has Published Sustainability Report For The Financial Year,Whether Statement By Director Responsible For The Business Responsibility Report Highlighting ESGRelated Challenges Targets And Achievements Is Assured By Assurer,23.1375,Whether Statement By Director Responsible For The Business Responsibility Report Highlighting ESGRelated Challenges Targets And Achievements Is Assured By Assurer,23.1375,Remarks For Assurance Of Statement By Director Responsible For The Business Responsibility Report Highlighting ESGRelated Challenges Targets And Achievements,20.5186,It Is Planned To Be Done In The Next Financial Year - Principle7 Member,20.0201,High Confidence,Whether Statement By Director Responsible For The Business Responsibility Report Highlighting ESGRelated Challenges Targets And Achievements Is Assured By Assurer,14.0731,0.68,0.0,Weak Match - Review
Q288,Does the company have a policy for appointment or reappointment o auditors,Does the company have a policy for appointment or reappointment o auditors Disclosure In Auditors Report Relating To Fraud By The Company Or On The Company By Its Officers Or Its Employees Reported During Period,The Entity Is Not At AStage Where It Is In APosition To Formulate And Implement The Policies On Specified Principles - Principle8 Member,18.7091,Does The Entity Have AFramework Or Policy On Cyber Security And Risks Related To Data Privacy,19.502,The Entity Is Not At AStage Where It Is In APosition To Formulate And Implement The Policies On Specified Principles - Principle8 Member,18.7091,Does The Entity Have An Equal Opportunity Policy As Per The Rights Of Persons With Disabilities Act2016,18.3911,Ambiguous,The Entity Is Not At AStage Where It Is In APosition To Formulate And Implement The Policies On Specified Principles - Principle8 Member,10.1893,0.7324,0.006,Failed Verification
Q289,Discontinuation of auditors before end of term,Discontinuation of auditors before end of term Short Term Borrowings,Number Of Complaints Pending Resolution At The End Of Year - Working Conditions Complaints Member - Previous Year,11.0842,Number Of Complaints Pending Resolution At The End Of Year - Working Conditions Complaints Member,11.7531,Number Of Complaints Pending Resolution At The End Of Year - Working Conditions Complaints Member - Previous Year,11.0842,Waste Intensity In Term Of Physical Output,10.8397,Low Confidence,Number Of Complaints Pending Resolution At The End Of Year - Working Conditions Complaints Member - Previous Year,4.9772,0.7053,0.01,Failed Verification
Q290,Does the entity have a whistleblower policy,Does the entity have a whistleblower policy Initially Applied Ind A Ss Domain,Remarks For Assurance Of Whether The Entity Have An Equal Opportunity Policy As Per The Rights Of Persons With Disabilities Act2016,15.8815,Does The Entity Have An Equal Opportunity Policy As Per The Rights Of Persons With Disabilities Act2016,19.7054,Remarks For Assurance Of Whether The Entity Have An Equal Opportunity Policy As Per The Rights Of Persons With Disabilities Act2016,15.8815,Assurer Has Assured Whether The Entity Have An Equal Opportunity Policy As Per The Rights Of Persons With Disabilities Act2016,15.644,Low Confidence,Remarks For Assurance Of Whether The Entity Have An Equal Opportunity Policy As Per The Rights Of Persons With Disabilities Act2016,9.697,0.735,0.0,Failed Verification
Q291,Is the whistleblower policy applicable to value chain,Is the whistleblower policy applicable to value chain Whether Secretarial Audit Report Is Applicable On Company,Whether Details On Assessment Of Value Chain Partners P3 Is Assured By Assurer,18.2962,Whether Details On Assessment Of Value Chain Partners P3 Is Assured By Assurer,18.2962,Whether Details On Assessment Of Value Chain Partners P5 Is Assured By Assurer,18.2962,Assurer Has Assured Whether The Enlisted Policies Extend To Your Value Chain Partners,17.6538,Ambiguous,Whether Details On Assessment Of Value Chain Partners P3 Is Assured By Assurer,21.1271,0.6392,0.0,Weak Match - Review
Q292,Does the entity have an anti corruption or anti bribery policy,Does the entity have an anti corruption or anti bribery policy Whether Initial Application Of An Ind As Has An Effect On The Current Period Or Any Prior Period,Does The Entity Have An Anti Corruption Or Anti Bribery Policy,43.9274,Does The Entity Have An Anti Corruption Or Anti Bribery Policy,43.9274,Details For The Entity Have Not Applicable An Anti Corruption Or Anti Bribery Policy Explanatory Text Block,33.8475,Whether Details And Weblink Of An Anti Corruption Or Anti Bribery Policy Is Place Is Assured By Assurer,30.3304,High Confidence,Does The Entity Have An Anti Corruption Or Anti Bribery Policy,65.8601,0.6935,0.0,Weak Match - Review
Q293,Does the company have code of conduct policy,Does the company have code of conduct policy Number Of Employees In The Company At The End Of The Financial Year,Date Of End Of Financial Year,18.0637,Remarks For Assurance Of Details Of Employees As At The End Of Financial Year,21.7549,Assurance Sub Type For Details Of Employees As At The End Of Financial Year,21.3935,Does The Entity Have An Equal Opportunity Policy As Per The Rights Of Persons With Disabilities Act2016,20.8292,Ambiguous,Date Of End Of Financial Year,16.6732,0.7653,0.0,Failed Verification
Q294,Does the company have a policy on anti-money laundering and/or insider trading/dealing,Does the company have a policy on anti-money laundering and/or insider trading/dealing Disclosure In Auditors Report Relating To Fraud By The Company Or On The Company By Its Officers Or Its Employees Reported During Period,The Entity Is Not At AStage Where It Is In APosition To Formulate And Implement The Policies On Specified Principles - Principle2 Member,16.4784,Does The Entity Have An Anti Corruption Or Anti Bribery Policy,22.9942,Does The Entity Have AFramework Or Policy On Cyber Security And Risks Related To Data Privacy,20.1817,Does The Entity Have An Equal Opportunity Policy As Per The Rights Of Persons With Disabilities Act2016,18.3911,Low Confidence,The Entity Is Not At AStage Where It Is In APosition To Formulate And Implement The Policies On Specified Principles - Principle2 Member,13.5769,0.75,0.0,Failed Verification
Q295,"Does the company provide training on code of conduct, anti corruption, and anti bribery policies to the employee","Does the company provide training on code of conduct, anti corruption, and anti bribery policies to the employee Number Of Employees In The Company At The End Of The Financial Year",Web Link At Anti Corruption Or Anti Bribery Policy Is Place,31.8494,Web Link At Anti Corruption Or Anti Bribery Policy Is Place,31.8494,Does The Entity Have An Anti Corruption Or Anti Bribery Policy,31.4633,Anti Corruption Or Anti Bribery Policy Explanatory Text Block,28.714,Ambiguous,Web Link At Anti Corruption Or Anti Bribery Policy Is Place,36.8474,0.7612,0.0,Failed Verification
Q296,How does the company ensure that the minority shareholders effectively protect their interest and rights within company,How does the company ensure that the minority shareholders effectively protect their interest and rights within company Number Of Employees In The Company At The End Of The Financial Year,Number Of Complaints Pending From Stake Holder Group Resolution At The End Of Year - Complaint Received From Shareholders Member,20.0831,Remarks For Assurance Of Details Of Employees As At The End Of Financial Year,21.7549,Assurance Sub Type For Details Of Employees As At The End Of Financial Year,21.3935,Whether Details Of Employees As At The End Of Financial Year Is Assured By Assurer,20.7512,Ambiguous,Number Of Complaints Pending From Stake Holder Group Resolution At The End Of Year - Complaint Received From Shareholders Member,22.8844,0.6357,0.0,Weak Match - Review
Q297,Has the company undergone any fines/penalties/punishments/award/compunding fees/settlement amount paid in proceedings with regulators/law enforcement agencies/judicial institution during the financial year,Has the company undergone any fines/penalties/punishments/award/compunding fees/settlement amount paid in proceedings with regulators/law enforcement agencies/judicial institution during the financial year Whether Any Borrowing Costs Has Been Capitalised During The Year,Whether Details Of Fines Or Penalties Or Punishment Or Award Or Compounding Fees Or Settlement Is Assured By Assurer,32.1722,Whether Details Of Fines Or Penalties Or Punishment Or Award Or Compounding Fees Or Settlement Is Assured By Assurer,32.1722,Remarks For Assurance Of Details Of Fines Or Penalties Or Punishment Or Award Or Compounding Fees Or Settlement,31.2637,Assurance Sub Type For Details Of Fines Or Penalties Or Punishment Or Award Or Compounding Fees Or Settlement,30.6203,Ambiguous,Whether Details Of Fines Or Penalties Or Punishment Or Award Or Compounding Fees Or Settlement Is Assured By Assurer,28.6765,0.7647,0.0,Failed Verification
Q298,Does the company implement a comprehensive framework or Enterprise Risk Management framework,Does the company implement a comprehensive framework or Enterprise Risk Management framework Description Of Regulatory Framework In Which Plan Operates,The Entity Has Not Applicable ABusiness Continuity And Disaster Management Plan Explanatory Text Block,16.1727,Does The Entity Have ABusiness Continuity And Disaster Management Plan,21.8978,Does The Entity Have AFramework Or Policy On Cyber Security And Risks Related To Data Privacy,17.6701,Remarks For Assurance Of Whether The Entity Have ABusiness Continuity And Disaster Management Plan,17.6563,Low Confidence,The Entity Has Not Applicable ABusiness Continuity And Disaster Management Plan Explanatory Text Block,12.864,0.7069,0.0,Failed Verification
Q299,"Has the company taken any corrective action or underway on any issues related to anti competitive model, based on adverse orders from regulatory authorities? If yes, provide details","Has the company taken any corrective action or underway on any issues related to anti competitive model, based on adverse orders from regulatory authorities? If yes, provide details Whether Auditors Report Has Been Qualified Or Has Any Reservations Or Contains Adverse Remarks",Remarks For Assurance Of Details Of Corrective Action Taken Or Underway On Any Issues Related To Anti Competitive Conduct By The Entity Based On Adverse Orders From Regulatory Authorities,58.3963,Remarks For Assurance Of Details Of Corrective Action Taken Or Underway On Any Issues Related To Anti Competitive Conduct By The Entity Based On Adverse Orders From Regulatory Authorities,58.3963,Whether Details Of Corrective Action Taken Or Underway On Any Issues Related To Anti Competitive Conduct By The Entity Based On Adverse Orders From Regulatory Authorities Is Assured By Assurer,55.9595,Assurance Sub Type For Details Of Corrective Action Taken Or Underway On Any Issues Related To Anti Competitive Conduct By The Entity Based On Adverse Orders From Regulatory Authorities,55.2732,High Confidence,Remarks For Assurance Of Details Of Corrective Action Taken Or Underway On Any Issues Related To Anti Competitive Conduct By The Entity Based On Adverse Orders From Regulatory Authorities,70.514,0.6911,0.0,Weak Match - Review
Q300,Does the entity have a business continuity and disaster management plan,Does the entity have a business continuity and disaster management plan Amount Incurred By Entity For Provision Of Key Management Personnel Services Provided By Separate Management Entity,Does The Entity Have ABusiness Continuity And Disaster Management Plan,48.2554,Does The Entity Have ABusiness Continuity And Disaster Management Plan,48.2554,Remarks For Assurance Of Whether The Entity Have ABusiness Continuity And Disaster Management Plan,42.049,Assurance Sub Type For Whether The Entity Have ABusiness Continuity And Disaster Management Plan,40.5654,High Confidence,Does The Entity Have ABusiness Continuity And Disaster Management Plan,59.1504,0.6466,0.0,Weak Match - Review
Q301,Does the company have ESG or Sustainability or BRSR policy,Does the company have ESG or Sustainability or BRSR policy Whether Company Has Published Sustainability Report For The Financial Year,Whether The Company Has Undertaken Reasonable Assurance Of The BRSRCore,20.5775,Whether The Company Has Undertaken Reasonable Assurance Of The BRSRCore,20.5775,Whether The Company Has Undertaken Assessment Or Assurance Of The BRSRCore,20.5342,Whether Name And Contact Details Of The Contact Person In Case Of Any Queries On The BRSRReport Is Assured By Assurer,19.0949,Ambiguous,Whether The Company Has Undertaken Reasonable Assurance Of The BRSRCore,17.1128,0.6147,0.0,Weak Match - Review
Q302,Does the company perform materiality assessment and identify material ESG issues,Does the company perform materiality assessment and identify material ESG issues Number Of Employees In The Company At The End Of The Financial Year,Number Of Complaints Pending Resolution At The End Of Year - Otherhumanrightsrelatedissues Member - Previous Year,17.2919,Number Of Complaints Pending Resolution At The End Of Year - Discrimination At Work Place Member,22.3461,Number Of Complaints Pending Resolution At The End Of Year - Discrimination At Work Place Member - Previous Year,22.0406,Remarks For Assurance Of Details Of Employees As At The End Of Financial Year,21.7549,Low Confidence,Number Of Complaints Pending Resolution At The End Of Year - Otherhumanrightsrelatedissues Member - Previous Year,19.7936,0.6186,0.0,Weak Match - Review
Q303,Does the company conduct assurance for its ESG or sustainability data through a third party or external agency,Does the company conduct assurance for its ESG or sustainability data through a third party or external agency Whether Company Has Published Sustainability Report For The Financial Year,Remarks For Assurance Of Whether The Entity Has Carried Out Independent Assessment Evaluation Of The Working Of Its Policies By An External Agency,21.5883,Remarks For Assurance Of Whether The Entity Has Carried Out Independent Assessment Evaluation Of The Working Of Its Policies By An External Agency,21.5883,Assurance Sub Type For Whether The Entity Has Carried Out Independent Assessment Evaluation Of The Working Of Its Policies By An External Agency,21.2052,Remarks For Assurance Of Data Breaches Information Like Number Of Instances Of Data Breaches Along With Impact And Percentage Of Data Breaches Involving Personally Identifiable Information Of Customers,20.8906,Ambiguous,Remarks For Assurance Of Whether The Entity Has Carried Out Independent Assessment Evaluation Of The Working Of Its Policies By An External Agency,22.506,0.6884,0.0,Weak Match - Review
Q304,Does the company conduct assurance for its suppliers’ ESG or sustainability data through a third party or external agency,Does the company conduct assurance for its suppliers’ ESG or sustainability data through a third party or external agency Whether Company Has Published Sustainability Report For The Financial Year,Assurance Sub Type For Whether The Entity Has Carried Out Independent Assessment Evaluation Of The Working Of Its Policies By An External Agency,21.2052,Remarks For Assurance Of Whether The Entity Has Carried Out Independent Assessment Evaluation Of The Working Of Its Policies By An External Agency,21.5883,Assurance Sub Type For Whether The Entity Has Carried Out Independent Assessment Evaluation Of The Working Of Its Policies By An External Agency,21.2052,Remarks For Assurance Of Data Breaches Information Like Number Of Instances Of Data Breaches Along With Impact And Percentage Of Data Breaches Involving Personally Identifiable Information Of Customers,20.8906,Ambiguous,Assurance Sub Type For Whether The Entity Has Carried Out Independent Assessment Evaluation Of The Working Of Its Policies By An External Agency,22.506,0.7171,0.0,Failed Verification
Q305,Does the company have a highest authority responsible for implementation and oversight of the Business Responsibility(ies) and ESG policy,Does the company have a highest authority responsible for implementation and oversight of the Business Responsibility(ies) and ESG policy Number Of Employees In The Company At The End Of The Financial Year,Details Of The Highest Authority Responsible For Implementation And Oversight Of The Business Responsibility Policy Explanatory Text Block,40.4822,Details Of The Highest Authority Responsible For Implementation And Oversight Of The Business Responsibility Policy Explanatory Text Block,40.4822,Remarks For Assurance Of Details Of The Highest Authority Responsible For Implementation And Oversight Of The Business Responsibility Policy,40.3279,Assurance Sub Type For Details Of The Highest Authority Responsible For Implementation And Oversight Of The Business Responsibility Policy,39.9502,Ambiguous,Details Of The Highest Authority Responsible For Implementation And Oversight Of The Business Responsibility Policy Explanatory Text Block,47.598,0.6039,0.0,Weak Match - Review
Q306,Does the company have a specified committee of the board/director responsible for decision making on sustainability related issues (Y/N),Does the company have a specified committee of the board/director responsible for decision making on sustainability related issues (Y/N) Whether Company Has Published Sustainability Report For The Financial Year,Does The Entity Have ASpecified Committee Of The Board Or Director Responsible For Decision Making On Sustainability Related Issues,61.3137,Does The Entity Have ASpecified Committee Of The Board Or Director Responsible For Decision Making On Sustainability Related Issues,61.3137,Assurer Has Assured Whether The Entity Have ASpecified Committee Of The Board Or Director Responsible For Decision Making On Sustainability Related Issues,59.5804,Remarks For Assurance Of Whether The Entity Have ASpecified Committee Of The Board Or Director Responsible For Decision Making On Sustainability Related Issues,56.3122,High Confidence,Does The Entity Have ASpecified Committee Of The Board Or Director Responsible For Decision Making On Sustainability Related Issues,63.3895,0.6178,0.0,Weak Match - Review
Q307,Were there any promotor sponsored resolutoins that were defeated during the current FY,Were there any promotor sponsored resolutoins that were defeated during the current FY Whether There Is Any Change In Functional Currency During The Year,Whether Assessments Of Your Plants And Offices That Were Assessed For The Year P3 Is Assured By Assurer,19.0085,Percentage Of Discrimination At Work Place Of Your Plants And Offices That Were Assessed P5,21.4431,Number Of Complaints Filed During The Year - Discrimination At Work Place Member,19.2747,Whether Assessments Of Your Plants And Offices That Were Assessed For The Year P5 Is Assured By Assurer,19.0085,High Confidence,Whether Assessments Of Your Plants And Offices That Were Assessed For The Year P3 Is Assured By Assurer,23.3855,0.6975,0.0,Weak Match - Review
Q308,Does the company follow GRI standards,Does the company follow GRI standards Number Of Employees In The Company At The End Of The Financial Year,Number Of Complaints Pending Resolution At The End Of Year - Sexual Harassment Member - Previous Year,16.8017,Remarks For Assurance Of Details Of Employees As At The End Of Financial Year,21.7549,Assurance Sub Type For Details Of Employees As At The End Of Financial Year,21.3935,Whether Details Of Employees As At The End Of Financial Year Is Assured By Assurer,20.7512,Low Confidence,Number Of Complaints Pending Resolution At The End Of Year - Sexual Harassment Member - Previous Year,19.1877,0.5361,0.0,Weak Match - Review
Q309,Is the company aligned with SDGs? Does the company set targets according  to SDGs,Is the company aligned with SDGs? Does the company set targets according  to SDGs Name Of Stock Exchange Where The Company Is Listed,Description Of Other Stock Exchange Where The Company Is Listed - Stock Exchange1,32.8515,Name Of Stock Exchange Where The Company Is Listed - Stock Exchange4,36.2608,Name Of Stock Exchange Where The Company Is Listed - Stock Exchange1,36.2608,Name Of Stock Exchange Where The Company Is Listed - Stock Exchange3,36.2608,Ambiguous,Description Of Other Stock Exchange Where The Company Is Listed - Stock Exchange1,41.3906,0.5046,0.0,Weak Match - Review
Q310,Is your company a signatory/participant of the United Nations Global Compact,Is your company a signatory/participant of the United Nations Global Compact Name Of Stock Exchange Where The Company Is Listed,Description Of Other Stock Exchange Where The Company Is Listed - Stock Exchange4,32.8515,Name Of Stock Exchange Where The Company Is Listed - Stock Exchange4,36.2608,Name Of Stock Exchange Where The Company Is Listed - Stock Exchange3,36.2608,Name Of Stock Exchange Where The Company Is Listed - Stock Exchange2,36.2608,Ambiguous,Description Of Other Stock Exchange Where The Company Is Listed - Stock Exchange4,37.762,0.5268,0.0,Weak Match - Review
Q311,Does the company have affiliatoins with trade and indsutry chambers/associations,Does the company have affiliatoins with trade and indsutry chambers/associations Whether These Are In Accordance With The Books Of Accounts Maintained By The Company Explanatory,Number Of Affiliations With Trade And Industry Chambers Or Associations,24.4977,Number Of Affiliations With Trade And Industry Chambers Or Associations,24.4977,Name Of The Trade And Industry Chambers Or Associations - Industry Chambers Or Associations10 Member,23.3181,Name Of The Trade And Industry Chambers Or Associations - Industry Chambers Or Associations3 Member,23.3181,High Confidence,Number Of Affiliations With Trade And Industry Chambers Or Associations,26.2874,0.7,0.0,Failed Verification
Q312,"Has the company advocated any public policy positions? If yes, provide details","Has the company advocated any public policy positions? If yes, provide details Whether Company Has Entered Into Any Lease Agreement",Whether Details Of Public Policy Positions Advocated By The Entity Is Assured By Assurer,22.5745,Whether Details Of Public Policy Positions Advocated By The Entity Is Assured By Assurer,22.5745,Web Link Public Policy Position Advocated - Public Policy38,21.7843,Web Link Public Policy Position Advocated - Public Policy11,21.7843,Ambiguous,Whether Details Of Public Policy Positions Advocated By The Entity Is Assured By Assurer,25.5857,0.6106,0.0,Weak Match - Review
Q313,Does the company disclose ESG engagement with investee companyDoes the entity have stewardship code,Does the company disclose ESG engagement with investee companyDoes the entity have stewardship code,Remarks For Assurance Of The Entity Have Processes In Place To Avoid Or Manage Conflict Of Interests Involving Members Of The Board,13.172,Does The Entity Have An Equal Opportunity Policy As Per The Rights Of Persons With Disabilities Act2016,16.548,Does The Entity Have Processes In Place To Avoid Or Manage Conflict Of Interests Involving Members Of The Board,16.4657,Remarks For Assurance Of The Entity Have Processes In Place To Avoid Or Manage Conflict Of Interests Involving Members Of The Board,13.172,Low Confidence,Remarks For Assurance Of The Entity Have Processes In Place To Avoid Or Manage Conflict Of Interests Involving Members Of The Board,8.1293,0.7232,0.004,Failed Verification
Q314,Is there a policy on related party transactions,Is there a policy on related party transactions Whether There Are Any Related Party Transactions During Year,Percentage Of Purchases From Related Parties In Total Purchases For Share Of Related Party Transactions - Previous Year,19.8924,Percentage Of Sales To Related Parties In Total Sales For Share Of Related Party Transactions - Previous Year,19.8924,Percentage Of Purchases From Related Parties In Total Purchases For Share Of Related Party Transactions - Previous Year,19.8924,Percentage Of Sales To Related Parties In Total Sales For Share Of Related Party Transactions,18.9614,Ambiguous,Percentage Of Purchases From Related Parties In Total Purchases For Share Of Related Party Transactions - Previous Year,32.5507,0.5258,0.0,Weak Match - Review
Q315,Disclosure of transactions with related parties during the year which are more than 10% of the revenue,Disclosure of transactions with related parties during the year which are more than 10% of the revenue Whether There Are Changes In Acounting Estimates During The Year,Percentage Of Sales To Related Parties In Total Sales For Share Of Related Party Transactions - Previous Year,21.9361,Percentage Of Sales To Related Parties In Total Sales For Share Of Related Party Transactions - Previous Year,21.9361,Percentage Of Purchases From Related Parties In Total Purchases For Share Of Related Party Transactions - Previous Year,21.9361,Percentage Of Purchases From Related Parties In Total Purchases For Share Of Related Party Transactions,21.096,Ambiguous,Percentage Of Sales To Related Parties In Total Sales For Share Of Related Party Transactions - Previous Year,20.575,0.697,0.0,Weak Match - Review
