dd,climate_severity,default_in_4q
3.609434159508863,0.40495074481035753,1
0.9200317875190089,0.055957452312541935,1
4.5009023916129145,0.6985938517907427,0
4.881129432782428,0.35338445817170533,0
-0.9020703773076728,0.13896921350807434,1
0.3956409862753638,0.12037356960853139,1
3.2556808063345706,0.17294211875283416,0
2.367514815312836,0.28600340565940113,1
2.9663976849914224,0.26195782697212733,0
1.29391214485284,0.24182699781895406,1
4.758795949725657,0.08098098416885421,0
4.555583870857896,0.3792515746715903,0
3.132061395122432,0.5158885814857093,0
5.254482413936065,0.3759958476115162,0
3.935018684504091,0.5182275924491789,0
1.2814150742335235,0.1314597433811401,1
3.7375015681649977,0.05478378756601055,1
1.0822347983420022,0.48944826770735705,1
4.756900602614545,0.5828196647207381,0
2.9001481780274943,0.20351694089784123,0
2.6302752729094787,0.4764684678644051,0
1.6381409111921172,0.2201637266379774,1
5.4450826773480605,0.056677284433070324,0
2.6909410358623957,0.14356755395456497,1
2.1433443556737855,0.18491096663052628,1
2.295732899023541,0.2598963068037861,1
4.064618371106698,0.2634275447984425,0
3.730888128728157,0.08630230258264214,0
3.825465223191977,0.4878277524210892,0
3.8616420060157655,0.21424308560761082,1
7.2832952017409225,0.16515927705077993,0
2.1871699672307687,0.15745982302907727,1
1.9755145418569253,0.06880460292885923,0
1.3724545435042446,0.4809146074721932,1
4.2319588451509915,0.09312484634500741,1
5.257944585441783,0.23266031744132423,0
2.7721050846902497,0.44180135189554126,0
1.319687046074944,0.0724884301638281,1
1.351037568617521,0.24264774499547462,1
4.301185575649402,0.2826193879955043,0
4.486508342406885,0.23042975297830337,0
4.08630853661039,0.33050007979119655,0
1.6689805854226114,0.14346876045121193,0
3.4643226461334393,0.2174412142052002,1
3.2333716182814563,0.3728935971829428,0
3.4373771934580257,0.3419979291106977,0
4.7428575558963795,0.22098525259620483,0
3.4471910975493647,0.3060952276417358,0
4.35782712614379,0.11104381058621159,0
3.1351581389777827,0.28193526032296334,0
3.578238797379968,0.25396546907850626,0
4.262576451677081,0.7464343290038182,0
0.08568836028866711,0.08295266619593507,1
2.360657567285397,0.42879147196775785,0
2.059254691414409,0.37063427482922845,1
1.7222443035133161,0.04596287704383176,1
2.4497154975466326,0.26889056533399747,1
5.989882622468792,0.4845218111084939,0
1.2683377686135135,0.2954428851360121,1
4.936556709182962,0.5175483064909647,0
-0.3657395432316095,0.36736920316058347,1
2.3302299400284503,0.23744373191417031,1
3.325506130210011,0.022159246192493903,0
4.172444662718556,0.40618112488121716,1
4.42245315958571,0.3761966184741876,0
4.58669447039985,0.6428624632557398,0
2.3025498555031247,0.5318111675018803,1
2.0752964146708655,0.19101685688199424,1
4.715951762514308,0.40897891376956,0
2.6173913502367703,0.30211218450933436,0
0.44862735332415626,0.17478909515465463,1
0.7334255719930387,0.2647868659739844,1
1.1610954279967773,0.33068380151099297,0
3.994321488107528,0.1782024913279482,0
3.2848514721411304,0.39589990914837925,0
4.3809707081355365,0.2800405738981606,0
2.1454947073269315,0.5369820431747213,1
3.3170793821534286,0.25626588636258835,0
4.251180787934674,0.08994199982567165,1
2.381306920559523,0.3247057306063392,1
3.913550475114823,0.38125958288623574,0
1.6761481178666975,0.1947739022655988,1
2.2738923068698567,0.30163340676801637,1
2.2365242120033417,0.11484735285645413,0
0.6083207088219207,0.21444807144378178,1
3.9739449615711635,0.16842356060568298,1
2.0611953195945523,0.2506412100945355,1
3.024988237455375,0.3354570019142997,1
3.9614933178118177,0.6202782539966126,0
3.8930623520598884,0.07696337817201293,0
4.330770217945572,0.6712258585479886,0
2.8030290309811527,0.2401955818291997,0
2.1534033759116924,0.16038921353914526,0
2.840563578187202,0.49455551238480117,1
-0.3746688679160597,0.5470968709034669,1
0.10577505515382546,0.6069991310602684,1
0.35460077529119527,0.6017031392303573,1
1.0055063447970365,0.05973515670197355,1
3.799548453446873,0.34456863892866757,0
1.1890418892798784,0.3003692686507166,1
2.243674891921221,0.4639829055763285,0
5.598456595572131,0.258851917562462,0
2.287472057877148,0.35480019036360644,0
4.475031136934173,0.1423184280751722,1
1.132764639980246,0.44769509941036356,1
2.58912488426474,0.016786106596429234,1
1.0999558901788375,0.18592036131037207,1
2.321933848198875,0.122914500636621,0
4.680616274914791,0.32044528366238634,1
-0.4546408463846974,0.07333794075794424,1
3.8688472870917145,0.10362151958316417,0
3.4754712046645557,0.16534222309473717,0
1.8117000886064112,0.37483181564790696,1
0.10788429122309084,0.3288151285127298,0
3.144259015427739,0.3032451270493472,1
1.9410145818723952,0.24227424775327475,1
3.465352422709408,0.5513285202679539,0
3.0437042910468857,0.22433385806751543,1
6.20355778264183,0.4938279356295961,0
2.5212887450539516,0.1670737335215334,0
0.9530050147562701,0.34606258841472415,1
3.358551269912632,0.17892767357133774,0
3.43999336794353,0.46799288204758155,0
5.718375150480873,0.3889694491956179,0
4.670222491829157,0.5130378507092311,0
3.7137421182990185,0.13399027738070624,0
5.926605782439124,0.19383306536741138,0
0.6224738913542982,0.1533859792146235,1
1.7204969345005046,0.06782994586031205,1
1.1468481171889502,0.10052726959603948,1
2.220380393688464,0.2767792999435472,0
0.2466277048873824,0.177550270632701,1
4.270301893628808,0.27390245028562554,0
2.5555546058024534,0.19498851969201456,0
0.05838741099468425,0.16512130461730953,1
0.9688418375849168,0.31129639276669324,1
3.6270276949003906,0.1619747902808307,1
4.6762531357887624,0.18356508518946496,0
6.993461783383573,0.08226044152653253,0
8.82772493201466,0.15560527662446402,0
3.828818866551993,0.35151253036250424,0
1.0209237599362717,0.42415887100891314,1
-1.2640925614626184,0.3615611233941836,1
3.535422924687672,0.4681336482089332,0
1.374117809379348,0.046745674733384694,1
2.1692854796406293,0.19606155740083947,1
1.7758064018803839,0.11408785215966886,0
2.7184182271672297,0.16647025369979557,1
5.131960461575288,0.03219918096921585,0
3.314097134890689,0.1492100074658129,0
2.6827303259226234,0.2365283560273788,1
0.9286924943483768,0.3064697586888108,1
-0.34936588940871394,0.3663338017661592,1
2.0273841818533382,0.142348755708417,1
2.892434898363359,0.49471138575760737,1
6.535859827159766,0.5646763783460078,0
3.2605490429457715,0.6180923466457132,1
4.965479022046115,0.561713096657547,0
2.001408802921696,0.25057208345785864,1
0.6301124671659508,0.2274745156217534,1
1.0697664755352563,0.09084710105505522,1
1.5495478709284936,0.3959431413325833,1
7.256939464870329,0.27703786156257076,0
1.3572266415512277,0.5865519937715634,1
4.67697840747269,0.1548793416078528,0
1.1941456438259472,0.29610658989993666,0
4.863146025748488,0.22067136954518402,0
3.7699019322117264,0.2437632657385834,1
2.686724204683819,0.6158013004729439,1
2.918474947729132,0.1079447680326232,0
1.6904246091412192,0.20290691602123334,1
3.892144402964161,0.24021064918229543,0
2.09003303931844,0.3178322992604279,0
0.5487884724655037,0.13887516966516586,1
0.4441248513607614,0.37624215785430576,1
3.345175835444239,0.21630212316807823,0
6.15818251282087,0.453177570528692,0
3.3199832271468765,0.0811864627628387,1
2.762723347780235,0.024633057110851134,0
3.571652279205086,0.20928949730192342,0
5.61200348341365,0.3015273552792158,0
3.438765002727713,0.1000063911675057,0
2.178145538332526,0.4201327610996455,1
5.212577420119778,0.4218823808446338,0
3.857512876923227,0.11094272808997127,0
6.071511983991984,0.24333402027490203,0
3.3664688744438123,0.1136891604749819,0
0.5510619365589995,0.3607437439164363,1
0.26368160150867004,0.06944431824404981,1
6.3018558644625,0.0857012448179925,0
6.447331441566594,0.12119129622638834,0
2.6409615734347986,0.26419052566427914,1
2.2336253577280245,0.11331635691286435,0
5.922888584484404,0.36645039275410773,0
0.7859086359130241,0.37214968016584826,1
1.2105459620883472,0.5767534774534626,1
4.286653589378089,0.19516379601805595,0
2.210789754280821,0.2354546207243588,0
2.9897562665598576,0.5238451816669903,1
2.6731142029509747,0.05647632091221229,1
3.675149097597867,0.15204238409340154,1
5.814963722627434,0.5014312890983698,0
3.181169813803491,0.29944775615019786,0
4.287877586553716,0.19900132555012287,1
-1.100344202062045,0.08646392827415506,1
2.902563196139764,0.1904351774416772,1
1.3135394594142578,0.1032893816509013,1
0.562373879152744,0.43987994550160875,1
1.2436952661424985,0.2745828176394169,1
2.331753118598376,0.21928167217815653,1
4.831805084712026,0.32082329099533974,1
0.34721456452087196,0.11640057537553142,1
3.061262985188835,0.29578525394446803,1
2.031661133332843,0.2102396888244914,1
2.3446538112760784,0.3975695369503245,0
5.005515650609208,0.259157096668327,0
4.076230874007852,0.3030935084552029,0
5.674796214885488,0.5836005883373108,0
2.690988641500199,0.016546572598257467,1
1.608114776658594,0.06680370107337752,1
2.552282366239001,0.12166510586194312,0
3.484993582542443,0.059398387392734196,0
3.353146716907422,0.15051147873175624,0
0.8312238555332669,0.03356369115221126,1
3.1809795632557485,0.11985922447327582,0
3.4564566602778104,0.4599008294032237,0
8.034948075067842,0.11067567796331555,0
6.75368922256334,0.3494761854049412,0
1.2935132988823599,0.5346719559735756,1
2.425233276901648,0.26761353736601434,1
0.07311599632599375,0.06476206909600196,1
1.818585972073027,0.38069167262379455,1
3.631210007180681,0.10060995890855251,0
5.411707241776467,0.19107046624790341,0
1.541832324512783,0.5648730302070669,1
1.691707119864407,0.0701874382479156,1
-1.2945780594773098,0.3336206831672221,1
2.6746681589101846,0.23132182100690504,1
0.8751711762808738,0.247576074174156,1
1.9411211452678525,0.15423307674153527,1
1.2462784436648235,0.49553954845624665,1
2.811474891494886,0.29125911143847977,1
-0.5154567827132626,0.41378495693674094,1
0.06590950921801886,0.061771422530591945,1
7.258494224056596,0.011368202090652318,0
0.42515483745193805,0.41545396203296775,1
0.8064288430907207,0.2799278320471875,1
6.673827056642628,0.06676442537903717,0
8.810134338480815,0.36833963656441354,0
0.6568667423493166,0.4716895534052744,1
2.263502086423939,0.1875388468649835,1
3.683111101881019,0.4400489304405396,1
6.457395288811185,0.47215078757290446,0
1.0262858431435251,0.175508684728171,1
2.5094443081157807,0.4817024639999942,1
4.5546751521234885,0.2539510001292547,0
3.8695321489332373,0.43809458382008293,0
2.2476878575398014,0.5987249636435847,1
2.7323540709679177,0.10982237665318578,1
0.25020838326003636,0.16428678979283332,1
2.5236525120506696,0.63470366066077,0
2.4672250199820898,0.23706353517399814,0
3.464339779252512,0.31409733832689535,0
1.889345562361968,0.27107994541618796,1
3.943077045090278,0.12130709853389694,1
5.025431635639658,0.4422580041515041,0
3.310858655336932,0.33519954339316005,1
3.703512816798407,0.27164043546457306,0
3.106310695155735,0.0876962741618575,0
3.0001687861828286,0.12024480230904733,0
1.5568839329143052,0.20487042070067368,1
3.632988523346616,0.5326283845489591,0
2.805426803173021,0.5674648077796451,0
7.18633661786119,0.22642490970313664,0
6.1467098049504845,0.06305545152898019,0
3.771693105113002,0.2943955265180089,0
1.473885580610465,0.2395106972191389,1
0.7751770560331641,0.4023636001428136,1
5.38228590617773,0.4577837943822706,0
3.525498450294277,0.13042747145526126,0
3.9602868067832215,0.07560219782122307,0
-0.4891719739483853,0.41193780815777276,1
4.854876963116362,0.3484819081923345,0
3.908840676428726,0.29419710004521243,0
0.779138631171044,0.04907857602400004,1
2.056950385100102,0.19152383269676448,0
3.527434408713039,0.13575990281982317,1
3.1049335967124874,0.15058801959085252,1
2.41565762839289,0.13327217399142005,0
2.7930234638680784,0.31709335164763647,0
2.496045243586229,0.04624985879413993,0
3.305125024204937,0.3375871344746308,0
5.942983945986314,0.13688772704137953,0
-2.133316881862595,0.18942378193843487,1
2.5262994709806317,0.49828011439463604,0
3.353024842744894,0.17036800329509444,0
3.591987979374199,0.19242261631064772,0
2.2561708373574203,0.18319731206983658,1
-0.5134435649571651,0.5474402401701808,1
3.6559909674282194,0.13278384234170149,0
6.45470042832837,0.2941964963156034,0
-0.0677228098322753,0.1362507189160158,1
4.727656027396376,0.12301255612461955,1
2.342949553754212,0.0604198946533298,0
2.8773513083423055,0.15742446621545853,0
0.894202978592102,0.06339196481536637,1
2.331087655288247,0.15524187220065033,0
5.6000891893979166,0.042807297920397315,0
4.165310483975414,0.2880206384982206,0
6.464623210819888,0.3846773848516447,0
5.354823777955387,0.25745245553244844,0
3.8781733578591524,0.05762031953630529,0
6.487869052335585,0.22870196048861935,0
3.8779863174765974,0.05528344798759856,1
4.655976353594118,0.09772318268500604,1
2.4068580929305834,0.3918457751923172,1
3.1330916317184094,0.14122952734153082,0
1.6051523533994463,0.21011420032572387,1
4.979167869189706,0.5528293042621902,1
0.6433927537702688,0.029279171909752114,1
4.564700684835323,0.4670834621268814,0
2.618697884989681,0.39513276075867887,0
5.342494186934639,0.5114387435739747,0
4.50173797746252,0.20820996554481264,0
6.641292315293603,0.5580200795609308,0
4.46154938227729,0.09193719233937267,0
-0.14408051130648136,0.3849899593575623,1
2.866093654203598,0.3039365294144073,0
0.6559856148103682,0.009227193357085382,1
1.9634403152674507,0.12937480994707734,1
6.022456866553443,0.3218994355362697,0
4.275067621795392,0.4253549669056846,0
1.6021391428425074,0.7396797112388273,1
0.9725652671192022,0.4478501561025733,1
3.0655641857525215,0.24371413391300636,1
0.5668797012377444,0.06569084009058586,1
1.6577194452068378,0.03936156122138152,1
3.6240189431024876,0.30834008010441505,0
5.310624072213392,0.25009735936338634,0
4.21752294444888,0.2301436943700387,0
-1.5825790171962,0.4272951743903821,1
3.6087334580605197,0.4219106600547613,1
3.1440671464651557,0.03241078688842808,0
3.8277805707453862,0.3004456405666356,0
6.232419363302414,0.381826709562198,0
-1.1264765536094856,0.08938591716773861,1
1.8177931496177888,0.01892891918213698,0
4.181812645586709,0.43211438685117093,0
-0.16318879890788462,0.4431799786141879,1
5.951898096107017,0.17914514980926807,0
3.7367132254013167,0.127492031946317,0
4.693167971686808,0.3269168841883707,0
1.858112676956411,0.20536521360410528,1
4.627527379932421,0.24899997568161,0
5.136943111978077,0.04071564143553004,1
3.4657560402743366,0.07818207028367592,1
3.468801785397392,0.26958305690824147,0
3.540686478563452,0.2343335507246169,1
1.2733094705212367,0.4621776697415148,1
2.7049426395192944,0.17419915244869483,1
2.694954935095282,0.05921827081304045,1
3.76678772870699,0.21583383033119513,0
4.999648493820589,0.33512560068799757,0
0.8829278360431814,0.22076249137122889,1
2.7499819393608447,0.6403725004570147,0
5.9629110953179465,0.6572832309101234,0
1.5128235423748717,0.5233640004502754,1
1.3554999654193594,0.5041050765229879,1
3.4046123836623874,0.4871752560597122,0
4.68877038097064,0.461623565713145,0
3.0228521111213187,0.14073723133992425,1
5.657921180873979,0.18683375461385002,0
4.713587965133054,0.31198232566728973,0
4.6836401337801234,0.36297882476414756,1
4.108233002648187,0.46503376944092256,0
7.65530620069217,0.32884342032054703,0
2.5896766222679117,0.2221051492792026,1
-1.0070445841330278,0.14960973601740568,1
6.2085087230342815,0.28374948092671026,0
2.0846011380863487,0.18230199592808294,1
3.215760888686066,0.1584663673712605,1
5.619101369721054,0.1946764137106352,0
-0.20451908211785064,0.1196661852796632,1
0.4967055717877211,0.20066000869074618,1
-0.20255587423770738,0.30562786655677443,1
1.4117274199491523,0.16752266023004297,1
3.8792732120339872,0.574970528632426,1
4.048375685625542,0.36729581641020986,0
3.5525483586571074,0.3947828448949364,0
0.17446823221526708,0.2959607389504927,1
-1.6202068732652881,0.09310820387951499,1
3.1087071707807645,0.2757304598371163,0
2.0564479327233283,0.48600161578258744,1
3.9187715434332233,0.128430387299377,0
4.40390725244254,0.085286863569647,1
3.276482864117364,0.21781450889433032,0
4.520266170751707,0.15491955797962983,0
3.458422748230137,0.3363798344084984,0
4.060129411202933,0.2262823136731805,1
1.5906534742602352,0.4521905141306999,1
2.6407771723370828,0.03910711270510737,0
3.3935521933139143,0.525610223601528,0
4.641056950834837,0.20151395222135932,0
2.212517655550856,0.25591956215116474,1
4.042334511464225,0.2959031122702646,0
2.468322416169242,0.09086485960618507,1
2.7649156653437394,0.3150978079535962,1
4.659038084048146,0.2529907814044158,0
-0.9861207421083118,0.3186425958353328,1
0.40705534385047804,0.16411455586348514,1
0.03562920511435852,0.13399408130921084,1
-1.6672322396966095,0.05555129019141353,1
1.6434711196896465,0.22061775067643022,0
4.498867799455481,0.04605359617445441,0
2.4302318672348506,0.8749381444376918,0
3.395580163883704,0.4870664519227292,0
5.178434993421585,0.17515669625196945,0
5.655372264535384,0.157235465786996,0
2.861724130547721,0.30079424114585035,0
5.707171779138795,0.12880553616848228,0
3.1842533168682183,0.611355700693896,1
1.3252035523450758,0.2445351968436599,1
1.8111992956025296,0.259890203029216,1
0.038926974869967435,0.22951845059405923,1
1.2237322925326952,0.21035004396584944,1
2.283966623851142,0.251004354200276,1
4.607170038757204,0.16140498843957166,0
6.441539662331968,0.2888132559951797,0
0.23563696924591992,0.6316357470718179,1
3.7856549365198378,0.28595875965953843,0
0.9189121216849312,0.4297490109810105,1
3.949394176926404,0.09302606935714033,0
2.7378266986245468,0.36263514033207606,1
-0.6618116516950607,0.3287920664150179,1
4.856593983136968,0.5120387296888212,0
1.789998574382538,0.2961169175364375,1
1.9321995232528908,0.1505952571686299,1
0.8604951774206202,0.23479012704125765,1
1.691433446624889,0.4013280769770856,0
3.855780881389834,0.34770813602743694,0
2.621511318127189,0.5136750316512391,1
3.657324004564962,0.10807069345193196,0
3.7238437078576876,0.14361748590664358,0
5.641323311056334,0.06866539687026318,0
2.3144276982712415,0.2271439608980449,1
0.046284366308536384,0.06574740759428292,1
5.1344448331439665,0.17463163905941742,0
2.3370236558054907,0.28232761295559466,1
5.229184889154753,0.1577850558271345,0
3.7667542263649407,0.05771756195622615,0
2.7377249395933103,0.1983755815247558,1
3.69755178809259,0.2945495558407717,0
6.902025120252599,0.14572140556509564,0
7.153961058107506,0.22343200049306103,0
3.1387622702655573,0.13328220381196776,0
3.3203811866341506,0.44580485574177725,0
5.152480314932771,0.3011254522331656,0
1.3086779344653057,0.656353330388354,1
3.6661407452365102,0.44441085034554423,1
2.9482743040922874,0.1486767402151663,1
3.627816422915107,0.12829196661366576,0
1.3332623881011885,0.6903891867025886,1
-0.17913498661793792,0.25775629776453557,1
-1.1459668719825835,0.3210360052640282,1
0.7652317740207843,0.48422413063324293,1
2.082649430121334,0.5472173189803089,1
2.4136168267024765,0.20823970122934368,0
6.874462324859033,0.18422247446113596,0
5.211986739814597,0.40018529276753484,0
1.0758177673167455,0.0558817051451336,1
3.695416904901914,0.2617125169051318,0
2.1858435272993497,0.2591264671184867,1
2.43127232391981,0.41440707997734366,1
3.370651298830764,0.23210462811914256,1
4.238342233950787,0.3122153178894047,0
2.3214830322319693,0.29053693373431466,1
5.127703065468717,0.14323452203907897,0
0.7161235477151919,0.17813221928180464,1
3.0126781247245367,0.3222071157489861,1
8.195347453191665,0.6050991492349633,0
3.44615948525055,0.23336874105453048,0
5.866429013212345,0.18756953675165633,0
3.1830403563464165,0.34298144100844996,1
4.161554190659594,0.14994911254652973,0
2.886433611214617,0.32056669513820585,1
2.659184837671591,0.2812149843249542,1
1.4410352065491607,0.43405796233360594,1
3.8606027179151066,0.15608883947554328,0
1.2969256216284641,0.22975243247506766,1
4.331170472626859,0.5324007443290198,0
5.17057400889182,0.57272810648199,0
3.7330628144744598,0.12726427247800465,0
2.4275025328886164,0.3329106405438167,1
3.907931158617392,0.7150390412642532,0
2.382653888907175,0.5578605391420672,0
4.871094250930298,0.3604308653273743,0
-0.6628121684302473,0.2600771863665499,1
2.3287852637627076,0.28522550660632956,0
-0.9816239902479955,0.03616487999657692,1
0.00987833954558992,0.1165728343045056,1
5.727724459627819,0.4403419616192063,0
4.7903699639433714,0.1840239029603452,0
1.5610395334304192,0.2116039650844409,1
-0.005006912081793935,0.15316765233016627,1
-2.9290576756833024,0.09351726675809609,1
1.9130089841347309,0.106016981221673,1
7.840830024494805,0.2873871273847202,0
3.8697685429272948,0.33123903616798095,1
1.880855427901021,0.08953250121148748,1
3.9301604190006127,0.18214902339653885,0
-0.12191670598888571,0.18055954502428845,1
2.405353274604729,0.14200458607027727,0
3.198954946031477,0.2305153677928528,0
2.827798696357903,0.423269353237969,1
4.581612243380161,0.31407855883660657,0
3.689290452472105,0.21500438179371095,0
4.336652036215994,0.2759463400240719,0
1.6232554355384812,0.4769241955148664,1
4.795630816821096,0.2900090848344059,0
6.257873895247982,0.34102978325597416,0
1.0597009606971748,0.1746163293588127,1
1.2246086885708805,0.08697097398432965,1
5.671568672640466,0.02479567500490236,0
2.6173120266098793,0.17388645905300582,1
5.8076427841331135,0.2800494173419062,0
2.1149285762156325,0.26296919357333676,1
5.910091152541423,0.06495923900690992,1
3.2629716336109045,0.11934410372823907,0
3.5164576466453905,0.3591944622334812,0
6.129436043339808,0.2430189063135832,0
2.2764590451116575,0.34696275536520943,0
1.1177558081500834,0.7026669915184304,1
2.1028715839432914,0.2594697292402192,1
3.9046679012862775,0.19161572214614073,0
-0.1315181443610287,0.24933439945180932,1
4.274941805302243,0.26286555581876253,0
1.9224573647645136,0.3224912385084085,1
5.295625321467127,0.257474819204807,0
-1.7885206098009432,0.623541422608732,1
1.4268684497916626,0.2182148474593356,1
-0.372936302468204,0.7271141341726249,1
1.3475410672720949,0.2690485624045452,1
3.495331802217886,0.12251586823142666,0
2.64154674910049,0.11971474352805113,1
2.4932448621039702,0.3376153705292291,1
2.6816302572398785,0.15972586723371826,0
3.406776481239887,0.4473115583925964,0
0.9829279161137845,0.11992503793929032,1
4.413699281798102,0.07180420903111437,0
4.325331940770968,0.08848799223602144,0
3.770075875312202,0.48205357270569255,0
4.113066885502526,0.08183426234519683,0
3.592836001617319,0.41075794614571876,0
7.070146605462135,0.35660163504423786,0
2.82581165789498,0.49422059798389056,0
2.3858335633308467,0.4780485907708909,1
1.4929448392852442,0.175132049321338,1
0.9354746588443263,0.3298416470807603,1
0.5110564247978493,0.3704314654112888,1
1.222405373538163,0.4992887108119316,1
2.8586392366958573,0.043106701491310184,1
3.668590256995429,0.10863020242324083,1
3.1022841171043236,0.16598468675523304,1
1.468929445140574,0.2391253962613544,1
4.800369128039927,0.5745428379403273,0
4.478825344601895,0.3517675091118007,0
2.680703385155966,0.22169219578824037,1
1.694167710670576,0.3239540999828111,1
4.096855841659599,0.35569697486795393,0
3.3759471749722088,0.2822596418567531,1
0.10374548116990479,0.41835668053630265,1
2.86403948803119,0.17979368900520898,0
3.524071624148762,0.43204653958190314,0
1.2006104270244924,0.06901702896907341,1
3.379686785674886,0.18385930788899493,0
0.09035502948442176,0.6467094689326874,0
5.672372200024341,0.44901953844186615,0
5.495899970118863,0.47090594678656283,0
2.4949653313940705,0.36267324187250793,1
3.726908675678146,0.4138550333537522,0
-1.8198439315997499,0.4936728822034613,1
0.6873046794693343,0.25088353842351196,1
2.4124421596957406,0.16699166508398924,1
0.8557339571462816,0.1562668296179347,1
4.428792965261318,0.40728863818445166,0
6.994593061495988,0.07385206777922239,0
0.6467705611413961,0.36798995166808834,1
1.3250731918296146,0.5172299695983428,1
3.470896736619861,0.1515366828495066,0
6.222232296999241,0.16425813498514458,0
0.5552513749201937,0.35233255866389795,1
3.498072244613884,0.09727817063554513,0
6.642597701626217,0.2921034397634693,0
-0.30351829635853456,0.35882546406852145,1
0.43786158630833594,0.2427905494072161,1
2.1527867870783233,0.3841709669979364,1
1.958823174289178,0.49047714114816743,1
4.62520257550729,0.12406539576915968,0
3.4833194396416762,0.39949007154644556,0
-0.5499241192842566,0.21013879708206457,1
4.030820805801621,0.3150724271537569,0
1.844922225288699,0.12491302177914161,1
5.548894433882478,0.3097328384150758,0
1.7448249271261607,0.19344344696160695,1
1.7267694337955286,0.306738637272862,1
4.082263221609063,0.23154733922676018,0
4.525852964673874,0.3037794467992804,0
3.8961987278724073,0.462382801774084,0
-0.37119463476961645,0.46060272630464016,1
4.076068879856502,0.40531838559350236,0
0.931383896651202,0.25913476279180053,1
3.470552223176527,0.24448599021257567,0
0.1525311292018796,0.05163220788819843,1
3.8926442950861273,0.20855666809434212,0
1.3868021913852548,0.4374930896841483,1
0.4347306994789566,0.5300394575795981,0
4.4276402729647995,0.4367366523052197,0
3.4832890433535026,0.07334213883085686,1
1.7720463972142058,0.1013485202788444,0
5.902357698042128,0.1933462199939457,0
2.118695156860515,0.6441509867685401,0
3.0642153479418694,0.06871510011814709,1
3.5378268953572016,0.36567694001945,0
1.7606681317427728,0.24937905573579142,1
3.9422725867998585,0.2884077208326581,0
1.933095305670551,0.33381541039609103,1
2.1767233555675816,0.10185678710053711,0
5.725285279606682,0.15188048169355275,0
0.9188278949751338,0.32367073135191493,1
-1.8255606618589804,0.2544394441213805,1
6.221873990023789,0.4082810742184601,0
8.098655905214006,0.21318109968500754,0
2.189461469101336,0.6224811089405407,1
-0.8736760812403706,0.2515930264858248,1
2.3790320476081126,0.4196094850893771,0
2.4275541003186616,0.12822550677481853,0
2.620152317955486,0.16945794738837508,0
0.7732239161563035,0.3882533923662935,0
4.1591222849529546,0.24037509053740677,0
4.049014750572172,0.29370033172607973,0
0.01118876036138694,0.8009372048627295,1
4.398393463389776,0.33226217808589587,0
7.105369963891782,0.23739961978784999,0
3.3439206648741195,0.4392037063601281,1
2.325349675862988,0.34804855292543274,1
2.715993571184957,0.3863866469254742,0
4.230513533937122,0.2137605973487357,0
-0.4613432110144364,0.19247090850402812,1
3.3287814059546044,0.08884740336536391,1
2.2190721010743797,0.16393505706884323,1
6.695650025912091,0.3036749655879709,0
2.651654532390084,0.42999583170562916,0
6.3357752222390396,0.5282454105886678,0
0.7925186044359855,0.020441640372939888,1
4.174518333605585,0.054349355135145994,0
3.6388005275824575,0.05883332376658243,0
1.2619055042704352,0.45120223306113016,0
3.354792229273881,0.3654732483650027,0
5.425037673663201,0.2564763319297739,0
2.3524165914267985,0.1892227330072353,0
-0.3839252983395265,0.310240733822952,1
2.964874347045108,0.17910183152232279,1
1.1951538104149748,0.08197263772814178,0
2.3153181226722355,0.6193640138343575,0
2.836824460629758,0.2671545485467677,0
-0.4113044320310344,0.12995558677604477,1
-0.23131667864135608,0.20973164134772673,1
3.9641336710510506,0.41247971088191066,0
1.9545626076606393,0.3768288017628762,1
-2.129488683641134,0.1435440803124807,1
4.56968807321627,0.1755354697350575,0
3.54473951054848,0.528248440566462,0
1.572250351927032,0.31821368951274626,1
0.366339577883517,0.3610914777687359,1
4.671615792628675,0.16406617764524173,0
3.6987012451208594,0.06619100439670796,1
7.765204565368147,0.21918078501356802,0
3.840377197449875,0.2874273299257897,0
3.7754062825240298,0.3759752259959936,0
2.66614413978287,0.24156895506789197,1
4.633551734401582,0.030134956106279382,0
4.250170402496307,0.3345906001652627,0
5.50345001713039,0.3197165302109759,1
1.9573541627254305,0.10942503293750519,1
2.1291850541120754,0.30831630818570815,1
2.0417936581760396,0.6643783736795574,1
4.581603442357978,0.5108383495061202,0
5.996748880593464,0.5513620117911844,0
2.0823190137013987,0.15152171328840192,1
2.1504525444138176,0.37313633759408993,1
3.6281544477395986,0.0402490778893544,1
2.508476999974197,0.22411093737302126,0
4.90410730627978,0.26245831866065533,0
-1.5035545812380935,0.3250126726801347,1
1.3465899061662108,0.3976636719299837,1
1.4351673320771083,0.3366376146182695,1
-1.6407120247722897,0.15877728459266946,1
1.0727231112623918,0.2113701876563663,1
1.1696877683081477,0.23855531449644435,1
2.597790690962339,0.28187868913642317,1
5.225931783320528,0.7878038255176738,0
2.5098786976185954,0.4663427144448328,1
0.9383725594576924,0.1661637043995734,1
2.886090917572942,0.376046836695144,0
5.098347242882699,0.04015243175224375,0
1.0480823677701903,0.23140743743584474,1
1.1788502321571028,0.1312157383269356,1
4.117097918548447,0.2675137005353276,0
2.556927768538399,0.29967217199907387,1
4.294969381418949,0.3400562482135264,0
2.9727064164094066,0.35901208976903776,1
4.403327296179134,0.025645209681262084,0
0.9298437719187183,0.06656572488141904,0
2.975830698423465,0.2044756285352785,0
2.578619971273686,0.2881740672159747,0
0.5682181517917386,0.21007457908156038,1
-0.12695589573737687,0.25824912584746174,1
4.371498070549324,0.2104461830872713,1
2.298095235564044,0.2594466347497889,1
0.9554394367053409,0.23176141445821305,1
2.8076421261533353,0.014439087411094462,0
5.256037714698605,0.5480493313173603,0
-1.5614756907438458,0.15813342334279018,1
0.00672262019334724,0.15950965453590787,1
1.1542271162094648,0.5421000290435996,0
5.922357733440657,0.10809454864444185,0
3.565173965838593,0.10332522028626992,0
4.5346344809224535,0.3428501551726141,0
0.719678161747539,0.15779264584059854,1
0.7609282494589475,0.2631882805314802,1
3.895627433445421,0.24176046355045533,0
3.116548661870893,0.4393692260944977,0
4.097477637728253,0.09390170321472913,0
2.6246580181430956,0.3993437616121464,1
3.556287452909254,0.30059418646739244,0
3.3162381698102186,0.16038092280716015,1
4.555534778169851,0.013389279458759343,0
4.614016563888941,0.09621750921397604,0
-0.23974398878353975,0.03018544170964416,1
-1.4945371106817111,0.3905337523234242,1
5.003490795303014,0.3152905984217941,1
5.375450186523873,0.6312900098312939,0
0.9587539609733251,0.26518900197425427,1
-0.7196708130912572,0.09917360528949506,1
3.198069642014402,0.30577228451814675,0
4.861676452701059,0.28857049284138314,0
6.595189044868629,0.3504846718780336,0
4.032595144202902,0.25092514836808805,0
2.25656660682861,0.42474592432267405,1
1.2137387568302747,0.17938409228763855,0
3.022902583341309,0.3073200653475032,0
2.4014705922294874,0.18529558320212808,0
0.9698641885423678,0.23251806566150193,1
7.097511301726573,0.19028710488116116,0
6.570336804144262,0.29905306894469086,0
5.272097367110857,0.329538808361913,0
1.1582992043817448,0.35139426038818383,1
4.710038648594558,0.16125209338404195,0
4.279252818995804,0.26173863743905396,0
3.8850912484081057,0.20308468122144582,0
5.499330534087554,0.1210813043503741,0
4.270742285722555,0.1526854185743518,1
4.480028472608671,0.32735014341100516,0
4.27381256674442,0.5259937226409409,1
3.681582816004212,0.12246395652453146,0
-0.5672222594283669,0.21288253465278492,1
3.1672421548211145,0.500110462214668,1
1.8876160823017496,0.1036627482211428,1
0.44031808471995904,0.16454178125168,1
6.363633238601648,0.31578743713759744,0
6.457990681771407,0.3097567930482001,0
5.718441200591224,0.6760026391949023,0
3.5104268337117492,0.24506790969087278,0
5.7012502419053135,0.26967699610944806,0
3.024106361203651,0.26789646766888037,1
3.4055945537955585,0.2912858401463533,1
0.8130572590760341,0.04341420074478905,1
3.79398260899768,0.29677732584769567,1
3.120771856848834,0.2505334908072838,1
0.39469576633107106,0.5233982121149523,1
2.8976057763668064,0.16986513707320217,1
2.840540872286383,0.1903061825136388,1
6.5951223332892805,0.38765384718216456,0
4.788426657026819,0.41304146497297994,0
3.022890878182932,0.5236949078773261,0
3.497574619602166,0.7242763489663678,0
3.088424756208396,0.3698651900068509,1
2.5941720304089047,0.11796468294879497,1
0.8351456052234263,0.2685862913040981,1
2.6978962447861417,0.07675713797630318,1
1.5078034866949732,0.07395817879118001,1
0.4993689221537072,0.5287320580570352,1
4.022443629095069,0.14986777148932834,0
3.78252931986647,0.3068328453671632,0
-0.5734150227361559,0.28213741284415844,1
2.7546307250097457,0.35000927686874217,0
4.991402771799847,0.22386928631413194,0
5.118447477792642,0.23312733514402306,0
5.051673685770478,0.5103502696833694,0
3.0778264138029194,0.5383586775892997,0
1.3099093440616978,0.2903425917987334,0
0.8326023452838789,0.16349648518790552,1
3.689209809500715,0.31346545988084684,0
3.758560068730326,0.09806649600430303,0
5.574662223210131,0.32536947335752436,0
5.199959300684167,0.5531202617668072,0
2.735542686937656,0.21698680184121738,1
0.5115882422782612,0.6626311631228375,1
2.3617868059782046,0.2877519377213056,1
3.434462389621049,0.38734048871242943,0
2.5958335092211917,0.4224415081869711,1
1.8442117838446883,0.2588816742899355,1
3.505769629939798,0.09102700194312108,0
1.992084517178779,0.22389133264646213,1
1.743867832549252,0.3176633428173961,1
3.622905668606879,0.5378690276018012,0
2.1960148397415904,0.19765671934395637,1
3.488208777956704,0.31080987002957816,0
3.5464080457042453,0.4839243141789551,0
0.7211419978168507,0.25052088323952737,1
2.0375177522691756,0.6027055473606693,1
5.875553879832925,0.1994123421772935,0
0.6758409745314258,0.07598994398127676,1
-1.233308897941062,0.2868153649148439,1
-0.7236903064850231,0.14938553914911817,1
3.058219893153338,0.1275190322041304,1
3.061834556065398,0.29017399655932447,0
2.764778289149758,0.24243347825161396,0
5.428379657857003,0.6014712524474963,0
-2.345668866205876,0.11003897435344119,1
3.7918677488616472,0.12780660626110243,1
6.122876403607147,0.4573434855779476,0
0.7444384702165721,0.09173105949618608,0
2.2403869764202096,0.3304622431747795,0
1.4942161655427582,0.10024286350232157,1
1.2113079078449425,0.4423558569430657,1
2.34747598995392,0.20074287124554305,0
5.854970567369009,0.1949091850524029,0
6.674773350975041,0.20832852227323187,0
2.3281215499197048,0.25136367610604793,1
6.81012042812894,0.08210479097259522,0
3.07115295396925,0.1670389716606415,0
6.5073820534021625,0.061915704100637646,0
2.8134027006930165,0.10649354702796268,0
3.2621156520922887,0.20909689550329968,1
3.730948945285669,0.21326781941017114,1
9.35770735873507,0.5638655359195174,0
4.702571149689578,0.09159116969506478,0
1.5854709400970728,0.5756369476846196,1
4.937995740551716,0.2854023625482065,0
2.276334925831317,0.46317459326358745,1
2.0204996341975816,0.25869624899603366,1
4.817202719784222,0.5124265643807336,0
3.062171175542306,0.4238805354720642,0
3.557151829023612,0.20703468391441118,0
3.027970443730585,0.07533473007870742,1
3.6731662532108693,0.045001011000035576,0
3.8499317948722984,0.28563442794737154,0
-0.8739338654108306,0.1844177212083073,1
4.333145337219067,0.360446553215484,1
1.0359611603393988,0.6065463528288327,1
0.1154017288811775,0.3668148058396769,1
2.8831775122826353,0.11077707885254409,0
3.1679620066289087,0.15432117466279938,0
1.6129876708554385,0.2705181676887183,1
4.6620637153359485,0.48490976529630275,0
0.3156496672581861,0.27086397581341276,1
2.186112502454882,0.45279648197288624,1
1.8302517301339987,0.09884083288568694,1
2.9068254593213214,0.17173359919003953,0
3.5577285692944773,0.5041775232171546,0
0.9842141007529106,0.19285452086060095,1
4.448565354912456,0.30617825485211586,1
3.1260047366693993,0.49566757507794346,0
-0.7838925066238209,0.1596262024549514,1
-0.9171828807940621,0.2079484828459772,1
2.9753614141413776,0.12219107932065972,1
2.558065364427292,0.2676446349208155,0
2.793159772850733,0.17686963124112146,0
2.944035086939564,0.4218756906138857,0
3.4511196790203615,0.3078096231392809,1
4.895299219696599,0.26802681269974854,1
0.7777901981648836,0.21944689194334735,1
0.6560568141984104,0.08284120292082507,1
0.813352284225235,0.41223225617662823,1
3.577833334337414,0.30375548576517003,0
5.489894757292891,0.2091399786040403,0
2.1373211235209792,0.32186841558357104,0
-2.003399688319309,0.14266830273626074,1
-0.40798572522075105,0.31591216479138834,1
1.3339265544079768,0.4883246996783217,1
1.8845422250095705,0.27338371779715537,0
2.1832227454905473,0.21345776918260814,1
3.077162245961834,0.2288124136983976,1
2.376507338355106,0.52004499380823,0
5.098679221086814,0.15751520344471243,0
1.6479653886372625,0.22039424949122338,1
1.275364081048914,0.2697092908931367,1
3.957751077040923,0.055075883388296706,0
-0.07128413985223858,0.22815626711167622,1
3.7793834106400044,0.49324178107137956,0
3.2051063674525335,0.05869331942653113,0
2.705115020163665,0.15191104507981146,1
6.176552214298525,0.17025196308459448,0
1.7555851094105641,0.13222162081554603,1
7.120596341048157,0.12659903072608822,0
2.5491371015438014,0.1814958287787642,0
0.4459671100595437,0.509706846642888,1
3.1398391619896504,0.11059306682104764,0
0.8475095993624637,0.11442476070224519,1
1.4964883043729995,0.1636381882792197,1
3.794066600030982,0.6168401061338582,1
4.11116417730025,0.33566907711153376,0
1.7556645994914837,0.31021856020754907,1
4.974810290092801,0.49274453698995757,0
5.315015516042267,0.17821091548109383,1
5.872603513126582,0.22420128589997337,0
4.058826814251445,0.0433105888082832,0
5.726857424171397,0.2736989574803311,0
-0.7615968559481154,0.24152976441601995,1
2.364186902743075,0.4269805005606506,1
1.2659894873531474,0.11775465192984924,0
3.2384517222547844,0.5928979143451236,0
1.8571015616065254,0.630365327357777,1
2.6676843161005355,0.18808117131422317,1
6.764349760408098,0.0648500340667907,0
2.6605604071592435,0.2202337103291233,1
3.827584634380428,0.4566045693186454,0
2.53546134015153,0.5374756258501459,0
3.1514265759136673,0.48259847592809957,0
3.012033360872143,0.5242788242692707,0
3.896648131946319,0.10753076875998178,0
5.330615071094353,0.08088807830656776,0
6.294787995206659,0.13301000448451386,0
3.6192401638183336,0.42869213425948055,0
4.179093772071204,0.4568720712344079,1
0.6982709816288661,0.42242886748609043,1
2.824246515168759,0.2689008356815717,0
4.880578929767178,0.06580138990881719,0
4.731937276834307,0.16234919219463478,0
3.4232194655901003,0.40547569840120284,0
4.772787919135904,0.13752843751371507,0
3.9815334179876376,0.19911623382564622,0
5.400612516518644,0.3872379611533753,0
3.578718313914222,0.3339218149172397,0
2.2886033688579306,0.33012662004530063,0
3.671682513866047,0.3317891740240134,1
-2.8611887517055514,0.3199816547508863,1
3.765771472770099,0.4056671602716236,0
-4.296825650429567,0.14944844412479077,1
-0.44692681481083607,0.25002190814403163,1
3.903537201881968,0.13560485553494078,0
3.9550586745335905,0.05006975271647325,1
0.6751424397201391,0.2573534333946346,1
1.5757959162421225,0.878343349584274,1
5.741081977228264,0.27455078329184995,0
2.031939736854648,0.17830952442245063,1
7.48584062480597,0.15636620977292054,0
2.9961602936473075,0.5765919601893467,0
3.8160723537625336,0.21467694959654748,0
6.233748796997215,0.4537160195472624,0
3.262054232386839,0.21433100913971134,1
0.9953120386183976,0.07728973467103871,1
2.78054509661142,0.4142854188621554,0
2.928778527619818,0.1302312753954063,0
0.2705166955968692,0.09194210690677475,1
2.4883358573183534,0.2863396057965878,1
1.5156158120051266,0.28236168403392836,1
4.848715514374868,0.2811229406781638,0
3.0692237483705114,0.32312281217083644,1
2.43440850170486,0.2080018594189487,1
2.7876361387548476,0.35360191254144385,1
3.4462440368123324,0.15940661099539966,0
4.23362839937956,0.3970101991031141,0
1.0005755426612373,0.5099177854427456,0
0.9168247347574563,0.26243848456444735,1
5.20935843080506,0.4307300867827465,0
2.175326255590539,0.24671785302435303,1
0.1663158148062518,0.33948987987408313,1
3.887625418766209,0.3839271986526009,0
3.926739612065374,0.09255571229044503,0
-0.06143051451341286,0.48238346897037776,1
3.458963430927213,0.3735477854944829,0
4.471166184856747,0.09827155589694414,1
3.748772903412526,0.12458734456647273,1
4.26396296752279,0.229271052806,0
0.19146180381850186,0.20361840784282198,1
3.6620803099923913,0.42881335666870163,0
2.394760481059107,0.26622903990371294,1
2.0344196825507104,0.24853781935173613,1
4.741111218839453,0.11807520636109253,0
5.95854902134846,0.10031573936655347,0
6.588740109200717,0.12829801146509073,0
5.62961574301181,0.16399520444949092,0
2.7805316367396324,0.1543287109161637,1
3.705440326052686,0.2779271909616785,0
4.533645743568488,0.26882526392614,0
3.242355898598924,0.5469990621020592,0
3.261528375823089,0.024719404198557553,0
4.647506263752364,0.032142463590043024,0
2.8814347079481357,0.14770912598556069,1
1.541426127252677,0.14830321053678286,0
2.1710538683282827,0.5845545781363252,1
4.2678207554674845,0.31326436221912424,0
3.0059865823999115,0.19575046497235027,1
3.680419953736676,0.26702794110656647,1
4.3401584844043795,0.42858451392396985,0
2.250317074204781,0.23623276884106223,0
4.512496327259612,0.42212638377880385,0
3.757685206916789,0.22369882845145111,0
0.5303738261770428,0.31622864275342205,1
5.884609582372489,0.36016543116849414,0
1.9985105124861677,0.31238551133682746,0
-0.3101906863703676,0.044002565749631385,1
0.9099125808273953,0.2991286609014368,1
0.9579096786433561,0.13164111102898696,1
3.104346637315067,0.14215331612418078,0
2.4522989889075255,0.18759574857518077,1
2.3263360647188143,0.2201945745725557,0
4.239403930964958,0.37120810625159517,0
3.679750722385408,0.08893897194076761,0
3.6320957412885724,0.4909502604773053,0
3.8196569146573855,0.27743023803662825,0
4.232269336004476,0.3635882782759875,0
-1.215906683554886,0.07570755173838156,1
2.2711234954710777,0.0890711184269666,0
-1.360420128978948,0.25522184732587766,1
3.072119853595591,0.7967371234477475,0
2.9907340555513096,0.47589569235351364,0
5.091064549579361,0.6513053065753677,0
5.375268785442241,0.2991666660942338,0
3.4055500965047347,0.0472487238571763,0
1.9992778452062003,0.15117663023253267,1
3.9703222250914756,0.15442452516646943,0
1.944164725351373,0.21690229501980549,0
2.9972146971133022,0.37267332660894115,1
4.972272633921536,0.17247124140031866,0
1.8844573080211529,0.20345217716954062,1
4.611357278485002,0.48992555676449234,0
4.354802737384604,0.45332592330956606,0
1.090416365738357,0.33855632672420677,1
4.9477882564348015,0.4200488613301681,0
4.39713269074301,0.300636611623187,0
3.203851774745315,0.5616821855185281,0
1.4753530839446956,0.1955898650027041,1
1.28158796284886,0.3431345247528067,1
1.9246748461939551,0.3157089355926338,1
4.08518892658392,0.28670974865214194,1
1.0887496651972042,0.28056288983775873,1
3.87502449723974,0.47193094690678455,0
0.5164889422432148,0.1925332075205992,1
2.591862831122302,0.1898832337954174,1
3.2192955091480173,0.4494061248075322,0
7.890260290117833,0.34696564881281106,0
0.24536868895926522,0.41519992275460976,1
5.944029132980267,0.1265708318032675,0
3.29968482797456,0.09830450147576117,1
3.8223438360319264,0.3676819933132753,0
3.236695826776409,0.14330785691526207,1
3.889453636390466,0.2685676380409118,1
2.6926297912759645,0.47244710278459834,0
5.908100362914917,0.2742050122928544,0
2.087057711550555,0.1657667815926979,0
5.264469144358495,0.2723472500133265,0
1.7112657595739542,0.5357381964107332,1
2.879496307197426,0.29146398730589146,1
0.8560748954195616,0.02936412056624481,1
3.91004744069504,0.21234614949574476,1
5.890251913853067,0.26733233110067234,0
2.8452876403582916,0.42462812148291823,0
2.606228602592181,0.32528936838010036,1
0.7707660738641464,0.3513686597234353,1
2.541414692895384,0.315779894128176,1
-0.18558851944305532,0.11826155152499622,1
1.1742440265623455,0.11684340742143355,1
3.4535720922182707,0.2401488966382468,0
5.638026395482792,0.060254950451089896,0
8.618421722459006,0.3028238158046009,0
1.8268298298581986,0.1702942375795785,0
5.87060031329088,0.08315420980517844,0
3.487504960803296,0.39814175938180424,0
2.697504706507248,0.10873776180309823,1
3.8651889034523044,0.36755581628800515,1
3.1238329673599186,0.5599785526289519,0
3.220791451224437,0.13940267563998912,1
2.1833336743466614,0.17151015746222883,1
0.20378068040229858,0.1266281409310421,1
-0.08725040504416315,0.4269815638238557,1
4.3064897665624535,0.2933374295221982,0
2.446599819828573,0.16557980426109745,0
1.8078222006876667,0.45685835621397203,0
3.017011253446307,0.22315458117297257,0
4.589864505831255,0.1262591929024317,0
3.3607278860527963,0.23048046836055347,1
1.6878901267180653,0.20089917118752113,1
5.452585911297899,0.06705244435617377,0
6.158371005963264,0.053280359825654024,0
3.9891133106457066,0.06783606129627302,0
4.94732702268818,0.08316135153923615,0
5.483919993627622,0.3154069364589967,0
5.260198632809027,0.15432525402451314,0
4.228198354225247,0.1466135991875668,0
4.196694094149766,0.11329538810102796,0
4.0393211466930055,0.2959821763952768,0
0.8053246509059129,0.33850132457685406,1
4.4014463137191715,0.3754605891283696,0
0.288372057746892,0.4305249248680271,1
1.4108010897498902,0.5041680691787267,1
5.607130135616175,0.10054863682851005,0
4.680440325388395,0.5330942449017426,0
5.974796579371725,0.14193441064243284,0
2.4566512326254157,0.3220091822743433,1
0.695502317446465,0.24638314545829826,1
2.5191256058593146,0.04029442505418702,1
3.2040625944811483,0.557533225979899,1
3.157977432680019,0.5551684293630541,1
5.267360957513404,0.22307709449929997,0
2.277459149993109,0.6570315191135749,0
3.7040689436058485,0.2602301764803832,0
1.0227457011307879,0.36378915044262183,1
3.900634556087626,0.32837183752562726,0
3.0062171003712734,0.4389793406378534,0
1.500373323430965,0.43932932531508573,1
2.5283412756502943,0.5077036071698809,0
2.6316485069695568,0.20379459893804994,0
2.459689741325808,0.21709526927982037,0
6.5426824845353675,0.7679850447783093,0
2.8031079953842406,0.5314093068599576,0
2.5122077796453244,0.7455634462748377,1
-1.1949019152202833,0.042806188108289824,1
1.2115852960410454,0.2436538907636364,1
2.4738531510872943,0.199441653290554,0
1.6282946476467144,0.538007642934749,1
5.763415186755594,0.34615110054329806,0
2.6701244492075626,0.32263459146619317,0
5.576888498636505,0.2773002234858105,0
3.123409268100736,0.28487159569543846,1
3.074455672843153,0.12886986652236765,0
2.822407104574998,0.15845139508295994,1
3.0075925032429183,0.2950694321668555,1
6.437590006099718,0.36812003135056276,0
-1.6392214535024365,0.19978787295066985,1
-1.0030914888773577,0.6468947639793213,1
1.9136583378877723,0.2862281732536713,1
3.029055763875138,0.053555324066035706,1
4.3802088495280245,0.4668036783261629,0
3.9461743960549502,0.4259550126770958,1
2.2315081742388596,0.38861424063505734,1
5.038087386483525,0.27167825948671953,0
5.0603908063054615,0.2713938768791582,0
3.368115662543131,0.2046742021637621,0
4.925315144973682,0.5353875861540183,0
3.5452905268642576,0.17695397721241934,0
1.8770339464342327,0.3227279826737528,1
4.395633678000009,0.34068314385126897,0
3.2212262451573555,0.2698990754892009,0
3.002679693508974,0.33170939229023527,0
5.945907144379149,0.5411975056568461,0
-1.901744257080173,0.13142730316743587,1
0.16463165968086058,0.17034128081393426,1
0.6258591472512598,0.2307226386330941,1
2.273478704862389,0.05621878600458147,1
2.49078366046794,0.29974093632844845,1
-0.0146512955460949,0.2781894162256783,1
1.0296839353783473,0.44103031696868783,1
1.2783166429528596,0.48709803505406707,1
7.914848184151784,0.18327640205863507,0
6.603483895494293,0.20425864542205732,0
2.1765011646307015,0.2688412394007148,1
2.2728334193864024,0.4886438789495319,1
0.7015920056234117,0.1307173815342962,1
-0.8162608264505335,0.29786622136220947,1
2.766239627182952,0.07248996573454208,0
1.0042960335119486,0.05739183229994791,1
2.8302989366759803,0.08225760621439786,0
-0.2004116980869548,0.3040627767331159,1
1.4760510833794844,0.14359367771771453,1
3.2972541906056616,0.12343263445587441,1
3.732419195567875,0.1484726534134777,0
3.834943917484029,0.32779021227034894,1
0.3590220316859254,0.4471912763015601,1
4.709371460271123,0.32797191418917354,0
1.3995766067962994,0.13383112617256587,1
4.265715829214613,0.055175088663772374,0
2.9787226467636136,0.013363308636110186,0
0.24722500184410423,0.3741627106847443,1
2.367604590837624,0.12377825326500219,1
3.7307274841275353,0.4422707547508604,0
4.225930760949198,0.6059963522901655,0
2.718024205111163,0.530390526833083,0
6.063557781202105,0.19443922476016445,0
5.015021541973118,0.4713386724805442,0
2.4866917672004942,0.21172509808565126,1
4.500243624273889,0.09422592026980776,0
6.867586970376374,0.4918775124637925,0
6.920969201566054,0.4759572761395326,0
0.5440002383550051,0.1558294019750991,1
1.1469337776856987,0.2842419631348092,0
5.969837573467702,0.18904063217745548,0
0.8834378983247255,0.4828902685996948,1
0.354917733416642,0.1851270105523131,1
2.027611738601906,0.5043559308512275,0
3.8404534189491715,0.4480412037595065,0
2.795206586777807,0.31644053194818617,0
1.6988727591888158,0.39383753797885296,0
1.651575076550982,0.06572906229658021,1
1.5753258711745826,0.19659312210387458,1
1.240980742682115,0.37280985957563556,1
7.563265754552123,0.4729494909547921,0
3.5950221423711097,0.5218890757554808,1
4.773518108809477,0.052798617974127306,0
2.021845063762153,0.2185058301050573,0
2.6280866456279024,0.10288926469722946,0
1.57289203725929,0.06320640816848541,1
-2.3034166698384038,0.28934549322083497,1
0.24398144630426755,0.12757311985226355,1
-0.6212373599607894,0.2988034416560587,1
-1.4995675559032149,0.20051350478856256,1
0.6092820514037944,0.34670096848939735,1
5.649911358763262,0.41029281813826723,0
2.9111276645912914,0.23274364929414024,1
5.581127524642348,0.13495519986668164,0
3.8219651538017505,0.3796567570861173,0
4.5651176514303184,0.0694715734848168,0
1.1982060093908498,0.11884443913331957,1
4.047901908385342,0.1932168564301357,0
4.4574284681486915,0.06541940269652462,0
1.8467054155326141,0.05425051529959616,1
4.119080741232333,0.3457829222069543,1
4.132375517149666,0.42927140657062834,0
1.9008947577398343,0.2976806189187825,1
0.75446313545801,0.0710766165170422,1
0.6317433362034555,0.14722322176281563,1
3.1730110838429235,0.3747389156488868,0
3.6540197375786296,0.325443082704595,1
1.414948339084171,0.4754534074776117,1
3.053170682652197,0.49333805270783354,0
4.141074072276971,0.6248082510009083,0
4.236381429330602,0.1724036370330912,0
6.103760240244977,0.27728440921942177,0
5.553961664396087,0.1414953686051541,0
0.9974171344869118,0.16968986046433737,1
6.367172419076045,0.2621070303175321,0
1.9380469908885705,0.19586612626240402,0
5.089745624908855,0.1406453272097568,0
3.1359732521021777,0.3409546735510839,0
2.1757012430860647,0.13212983264185654,1
-0.6153937195498655,0.38201374065968075,1
2.656870979567304,0.3786986498155823,0
-0.11876647061121792,0.2882362597455413,1
4.934598471685545,0.224610254639932,0
6.033585314278496,0.09103801341090052,0
1.4061780214066195,0.25300481226886157,1
3.6039414850385425,0.3391744708491557,0
1.5492169559840492,0.13672221187203332,1
1.7430305397264207,0.36318383012714994,1
4.548989407730742,0.5043054063292963,0
2.922923476313175,0.42746666179498144,0
6.479296083862023,0.7205486972078593,0
2.035535042594158,0.23345125306122064,0
4.9986726649489786,0.30532252626095946,0
3.194826825915564,0.23664178275943523,0
4.591556019488467,0.10812611089468571,0
2.1056846853401066,0.19715348580027775,1
2.9008823248968345,0.038433720861190936,1
2.7690022414021307,0.4462935290462853,1
1.3278857703084257,0.18609521196559745,1
4.324163069163506,0.3053419584036168,0
4.300498011156728,0.13393643374191588,0
4.187109389811133,0.299019517101333,0
6.07393130783529,0.2693787471621945,0
5.898689602472607,0.33942795925178554,0
2.2501106203017294,0.12335745900158004,1
3.7461046368683566,0.08419654877513352,0
1.7527986214835747,0.4025826053128114,1
3.046710632229111,0.1084642139242248,1
1.8005011017622705,0.3074674653877189,1
6.240140618272102,0.44613405897756003,0
3.7273963006859256,0.48829157478761404,0
2.5639417437911556,0.30109097258836454,1
5.387237143712754,0.16225108655578888,0
-1.3412308195908231,0.4779369805947666,1
-1.0282051897305795,0.20603285771512703,1
4.591677310439548,0.012455311619018587,0
3.120936896234736,0.33463828637176657,0
3.5008926005215213,0.3437499983525159,0
0.34720779336290253,0.5182782461136006,1
2.9535325782992676,0.12022040610640303,1
7.007018820802684,0.2624010886242824,0
4.6483992395917255,0.5870201836253826,0
3.3394130902856243,0.08296736783468739,1
2.121892179790125,0.20054972072627797,1
2.2108542962612123,0.3605957894647061,1
-1.2583957784000352,0.45722296514904187,1
3.515280841842321,0.27997703850270234,0
4.690966216963708,0.2997030749464775,0
-0.1512386543412303,0.2796401537736498,1
1.677166215386368,0.5782028267058602,1
0.6850707355331558,0.29715363007779905,1
1.069297610382473,0.4644714614178635,1
3.1069632536438005,0.27653901219696075,1
-1.1688043099769487,0.3274833519324436,1
4.228540876714128,0.09355167564157496,0
4.507710139867364,0.29069784464965615,0
2.497794823926175,0.4886628037717837,0
-1.9614170199690832,0.16312548827228657,1
1.0071627479952208,0.58011926059905,1
5.465803868205393,0.33749507750198804,0
-2.555988561457145,0.19704793512936178,1
2.3049531756129618,0.3527800522906352,0
0.6399984430654819,0.30669946624009914,1
4.609140603169673,0.07608312702725172,0
1.6497720957130773,0.09063274674617017,1
3.807908041471223,0.164634709777495,0
4.130920838338186,0.06766716696449279,0
6.67245167946004,0.2446265456909894,0
2.5941161126492593,0.2271476901452255,0
3.752088739245223,0.16923847357004873,1
0.029889041745128075,0.27262549987052437,1
5.380827126587488,0.46696305397021465,0
1.4789823038572707,0.37384370501847625,1
1.8784916718245088,0.33728220537687015,1
2.9555044103015784,0.6226086009783491,1
-0.1257686906796991,0.468172960931773,1
3.457540057857876,0.4304535688281032,0
4.934932545850021,0.25743807229567045,0
3.585867646994583,0.6722334738574715,0
-0.17779512835745015,0.24411699715745536,1
2.752381411340681,0.2721835805372247,0
4.484057805958981,0.029549358756424445,0
-0.7559775319318156,0.33673674086855027,1
0.8504679723645721,0.13725097738744998,1
4.7530872081630395,0.5651331033287738,1
3.540190868394573,0.25892744516991695,0
3.8239431642535076,0.10101719724175842,0
6.718989615246623,0.21373812144988974,0
3.937105557012405,0.5909308987147817,0
4.315776020866359,0.3887186135814445,0
8.421491054436652,0.7826250389675212,0
2.5723908838190184,0.7753049085055894,1
1.4042344727630098,0.201353447045367,1
3.8555927964942653,0.37189418771537475,0
3.87798205877779,0.08496549585195826,1
1.9465692161075836,0.021347007195643645,1
0.9352059608903049,0.32036529058396157,1
7.619688844180156,0.19612207718087818,0
3.653686940776046,0.1063972488545944,1
1.5354292371958487,0.1570588849762825,1
4.831860604559197,0.1629289721641564,0
2.781709696877331,0.2858759029728508,1
2.4942371073643375,0.3181813509867019,1
4.124545743828986,0.2737531127317193,0
0.4162354635366201,0.42169166467247576,1
3.705254407834345,0.47478988735680916,1
6.825909615463504,0.2297208492309483,0
3.9323553243946217,0.14207448884401677,1
2.247575792433071,0.1346814437294502,1
1.985789439143516,0.10374943782810744,1
2.179320053309781,0.07577157430826721,0
2.492074643904438,0.11008640870675132,1
2.244386934483456,0.08888554478317064,0
4.832622882149133,0.44907190673112524,0
-0.4664182064179663,0.24918984393620897,1
4.724000100824268,0.26404830072682994,0
2.2406269497148776,0.12858161352442926,0
3.7538955713907445,0.09648506153157645,1
0.7460241795982725,0.05045710678157583,0
5.657262133698872,0.19138780017905707,0
5.491269920343746,0.30759659568278985,0
4.919181051500147,0.4299556363907732,0
-0.029509551587078686,0.11196770571627825,1
4.658242142132106,0.1967409580137858,0
3.8097101752714178,0.2118745567837811,0
-0.21054249426513527,0.3803155893120024,1
2.951405232458369,0.40085990797968607,0
3.729068978066525,0.6469545476040574,0
4.112150547646301,0.21160921954782327,0
3.3545227338977113,0.0929675403562397,1
3.5824628336947595,0.25858572515982275,0
5.947222784506192,0.3211148625805697,0
5.45206781982136,0.6428675106828429,0
-2.734109907565487,0.18741339166901072,1
2.3651228903246357,0.6561389793192848,1
2.6706979449120976,0.1892087345959875,0
-0.5041971454539422,0.3183827958876346,1
3.1883661164646244,0.40144311825346307,0
5.497515544821013,0.20580693970499,0
0.8268642808188194,0.03958285217252509,0
3.6728018773797446,0.09844828557047658,0
1.1683530454071245,0.04541466230535395,1
1.6561759526406463,0.0867925361348136,1
5.95478726834007,0.07116799822721753,0
1.91488435977635,0.3328563795518638,1
3.9244249780212495,0.4605835401845335,0
-0.7424362321219742,0.08150271465572183,1
6.72463512278976,0.3934088747067933,0
4.205304892612998,0.12181414899314409,1
2.6350003146994765,0.10375105148883014,1
4.15109301999979,0.3762643081770424,0
0.18036114210437937,0.5639660287003145,1
5.365061483505315,0.12114001473753207,0
2.3520304490071395,0.2559928749925041,1
2.5918609699031308,0.07086093625208463,0
2.016688770069031,0.3776420049376419,1
1.8386971945088306,0.11663624230136924,1
4.389341223256817,0.2989096072620465,0
3.511813700208446,0.3276893049298679,0
4.30349628280608,0.07778457974051652,0
2.982410621028857,0.3085855278131534,0
4.026399622154362,0.49945579771304344,1
2.1623025121499233,0.11873024884873709,0
7.459463682819097,0.20295386062959464,0
-0.13586083286099715,0.05233894735390443,1
5.521874647125969,0.19490339520988625,0
5.735814901441941,0.3177432356128997,0
1.2956823880688124,0.20111242046717262,1
7.458547221111947,0.31240506092533493,0
4.990980565890636,0.3083946327881205,1
4.942278013645823,0.19750765924212652,0
3.0560443740517536,0.33763402281959204,1
2.565547683562647,0.25363967297668205,0
2.5811823459207837,0.3234521494296976,1
3.7810611926390343,0.16193016935893415,0
5.802372550067792,0.3833687279090299,0
3.362628435722839,0.47053499066700566,0
1.1771127537254193,0.16782270871296603,1
4.64885412476996,0.045909354569965005,1
4.842301492789584,0.1594644117660198,0
4.309319056895572,0.20529068881273702,0
4.490997813049965,0.29548146494062205,0
2.4581437396843837,0.16603625390977753,1
1.142021665738841,0.5266636893816529,1
1.2636131387184404,0.5269935915655078,1
-0.2709264969157159,0.35510471211126726,1
3.4738972230918996,0.44160479097109945,0
2.833102433546813,0.35844495808127574,0
2.1200245909405826,0.1842014197699223,1
-2.9112376486901397,0.16571411740914863,1
0.5053650606116622,0.2638538621884442,1
5.241681302806334,0.14312968760023637,0
1.670747999873738,0.30725252558059907,1
3.721183355313683,0.26976302247544487,0
0.21862914004948752,0.1394633949159873,1
5.877410964718463,0.08807687466362404,0
2.7119446798906472,0.25327579784460835,1
3.5800807929670704,0.14778064234613006,0
7.65155958376337,0.12099282729587205,0
6.032880201178807,0.2930239809806036,0
2.3868687574258844,0.18772385313597723,0
1.8135596302592816,0.3660635801948502,0
2.3489099769609365,0.08518085831271716,1
4.019796496953071,0.28173175982849,0
2.789551731498258,0.15497884694516254,1
2.209511709993057,0.11121732082751554,1
5.934362501418084,0.15849028555435066,0
2.771580216444326,0.12688794281079924,1
7.599178186074639,0.15876345600450834,0
3.181485127504346,0.5925353433343444,0
6.570636788449455,0.09796197838313721,0
3.7146388454212538,0.26482037324322333,0
4.9259211464988955,0.3928215582344054,0
1.5507778969645512,0.359855752682553,0
1.2924815548251765,0.06999740056436879,1
3.919411910029975,0.23426458431098834,0
4.97710648493063,0.07576719656286177,0
3.0805130040009256,0.7243285750344121,1
0.42721332983260574,0.3926502045805091,1
0.2794832674213459,0.19131985957167583,1
0.14572719562751768,0.25779878915674487,1
-0.535244225878762,0.06616833720726233,1
3.218970718894175,0.5128632401636106,1
5.2500878434160505,0.18566529479477623,0
2.9731684261503823,0.2071341039707538,0
-1.5208295146757047,0.09297172640281447,1
2.6184790793309025,0.5855437311116105,0
2.674402006734786,0.37693808051967975,0
7.191997500450879,0.39494758367953187,0
0.0857241741608874,0.19672231005065913,1
2.218644794801609,0.234870159605112,1
6.411705361089128,0.36128684550439644,0
3.8999566826930963,0.4182687147307283,0
4.12662614703285,0.16175895479271526,0
3.2291688740477564,0.3758476415272167,0
3.6598870773145293,0.3118815915468551,0
4.5552190605570715,0.2882231467260357,0
1.3810273622144673,0.6125103295581298,1
4.7561171578164,0.0852995661826041,0
0.2539939662289217,0.12647153758136553,1
3.656735945663076,0.2859126900660227,0
3.357481926572654,0.22723254533552184,1
1.7674138236157841,0.5494748960160942,0
2.9546294493487064,0.43915053679041255,0
1.7549196946688939,0.2463963824257993,0
0.8565973462765113,0.2989293334665704,1
2.2927705167727113,0.22369983907143356,1
0.792022729256677,0.1289029180659934,1
3.645594928186496,0.19196747416541515,0
0.699829011695273,0.30581925149027994,1
4.423954045982103,0.21520297244810996,0
0.6370418641423599,0.2599254636909192,0
1.8674101688379874,0.551742669810094,1
1.750793183569642,0.04052132261682159,1
5.650293457749678,0.015372481964952446,0
3.6605798912331835,0.3501830689275726,1
2.5765323949112116,0.42740104660999545,1
3.9974388821394466,0.1131470999115569,0
-1.2143846946593762,0.21250728842777003,1
2.913732820718185,0.2444769409694838,0
6.995028355609525,0.1979137971510688,0
3.264693012805345,0.12263773473838158,0
3.135826338338671,0.21013250492589297,0
4.096256759284392,0.1838130909646081,1
4.791210486628691,0.5550561100312309,0
-0.9949333857797193,0.2995122517275614,1
-0.3646529635820537,0.27836198390165756,1
3.420582582172293,0.2584748854629233,0
1.5702468762049806,0.10597147966513919,0
5.624050524439829,0.2385041712745012,0
2.369651220229552,0.14295721560970176,1
-0.8690614714262357,0.37902859856746285,1
0.463972166312006,0.30078886754808437,1
-2.499352039261151,0.09912326733633839,1
2.531748925434175,0.46008819277375357,1
2.6232317454712333,0.14752910395837346,1
2.1510745804362044,0.20012116067827776,1
5.157758078059477,0.4439225345115596,0
5.397039673033387,0.5208003443680052,0
2.6592231532877775,0.39110607542383635,1
-1.269387334953712,0.540771632585474,1
4.234563160984517,0.5157043777142918,0
4.110720457017151,0.40430936587042776,0
3.61878314031389,0.3389921038229554,1
4.9629594986162315,0.34966649249853515,0
0.67034380707792,0.7693629267741156,1
7.017510772370278,0.2804562450382338,0
1.081144493716264,0.1082816538522182,1
4.498445854401709,0.10625430164987677,0
-0.3746953888267033,0.34475994154617806,1
1.1394706254598983,0.4051961191304988,1
6.032737293450673,0.040852782737222905,0
2.4782003539983,0.3297298773450709,1
4.679845210265595,0.25271225639881073,0
3.4739107774384923,0.47794627496726916,1
2.7900836879996547,0.4489998843662128,1
5.72770064986538,0.2137375764653055,0
2.5266823506961993,0.1258022459423924,0
-0.561476215126941,0.22648838373728655,1
1.3935198160965898,0.26544613280060386,1
4.102383457403389,0.34956704480707534,0
3.7910182127250165,0.23558587377400073,0
-0.13411650047087642,0.07417956857453446,1
1.551314961183598,0.3364436729019272,0
1.8365573015955068,0.3341934755524544,1
2.26906081177155,0.472403213828545,0
0.24817282279689712,0.25621326746119893,1
1.7432577837610428,0.43648845742839304,1
1.5427790294809451,0.346888847119598,1
4.543066519523839,0.13979607120952503,0
4.618242621980487,0.08111380884838174,0
2.708379083822368,0.18095809095031562,1
2.215920408258537,0.08855670589262728,1
3.2798486240782267,0.25920088618084436,0
1.3668497850888501,0.2992257499386047,1
0.7063358356651182,0.2065154689068261,1
1.1195575821485662,0.6526472913537423,0
1.7303736720570866,0.09289748211813081,1
0.6730524004154579,0.2743052282148587,1
3.3241191181257497,0.3460669139988293,0
4.459431347567417,0.09516238068322727,0
-0.17419660159648354,0.5203556725443048,1
3.050257422432067,0.6905877530302486,0
2.5601284094673287,0.39941040781199655,1
3.683017371073606,0.0678299105080296,0
2.974122463792824,0.3659522982549288,0
0.0928014401367383,0.25160747404663075,1
0.4752214022856691,0.28794163852960747,1
3.0588471511699455,0.7078935401859907,1
5.057561839491019,0.22595100133791834,0
-1.4283747420860058,0.4344215526406239,1
3.69145315960316,0.07010329310538069,0
5.379244010575286,0.3723127024806464,0
2.693948247587574,0.0618646453286326,1
4.100404992052882,0.21074986640964466,0
1.5938618382043956,0.4377081165868597,1
2.7612676014462463,0.43766116960187007,0
-0.24182703661630311,0.15555584346711746,1
-1.6886866168377477,0.29768723546836623,1
4.88553160245055,0.3572122160861689,0
1.0300101445511163,0.4441620179667005,1
2.088944309993139,0.28494844330845,0
0.22711549345961357,0.4392169477609126,1
0.18006059383224837,0.5134763095927682,1
2.6523245998107674,0.2407767540074922,0
1.540845611728707,0.2243466076816538,1
3.7559419959893967,0.18199726992356868,0
3.905076837959184,0.2202074189880097,0
3.641699292649214,0.28893881839016233,0
3.4772015818568875,0.18611908423753412,0
6.155536409863773,0.4749056775369179,0
0.864812461910228,0.5217179334202571,1
2.8901302675941647,0.34254890898652796,0
5.2653796410391775,0.3882248915998376,0
5.529079618676073,0.03866671625154838,0
0.15647270131085422,0.29730602150910157,1
2.3752891166882604,0.16455376523703275,1
5.716242191734521,0.18969013060802917,0
4.016158210398131,0.4057900925057086,1
3.3905260629595455,0.40282552794820875,0
2.5646306131306864,0.27067236739681505,1
2.232398148584509,0.39960536378629524,1
3.5764381261806486,0.12805634562619828,0
2.4952517500310334,0.5304365823767712,0
2.914842757911112,0.48349265708352757,0
3.1571974122300746,0.21013687156652625,0
1.6438569430130017,0.1951029616768484,1
4.064258747762876,0.36461723626359255,0
8.828489296830838,0.25704856926285763,0
-0.5539732786521503,0.11623418766961524,1
3.6480250483799597,0.31311090629397154,1
1.4796198227621888,0.11799317970660723,1
4.1548051550385,0.27261778047386376,1
3.0931149466557217,0.07176665157238718,0
4.523709548084927,0.4260442153664104,0
5.3510131530175595,0.2617430591394234,0
3.3848422355363628,0.32695980277467696,1
5.264104576828356,0.5277691398425159,0
-1.6885957875773547,0.4861715477134807,1
6.180904595832047,0.4110670843544476,0
3.75012430378468,0.04660930903717775,0
5.155686711490364,0.382220951634032,0
0.5602485103169568,0.5709454105701438,1
1.3384602367893286,0.1394053221478942,0
3.2918765882895484,0.13686602023857267,1
2.965924221325074,0.2754354079836222,0
3.5661371760199794,0.19390232505299906,0
5.169030321859932,0.4974147502568782,0
-0.5304406306056983,0.11597618571893813,1
4.947638143434618,0.1447915051938693,0
3.016563819915854,0.048349545186478673,1
2.5924362777509047,0.21666280373462038,0
0.05776953123021933,0.12188885600040421,1
4.00609733675373,0.18383454068771438,0
-1.8282157020620744,0.26844208987776136,1
4.2967880224774255,0.6268924711288759,0
0.01578832905401617,0.32517908986410043,1
3.1069158252349482,0.2695715276674051,0
2.761662325344159,0.2881088750942883,0
5.339076294587768,0.5021155353112077,0
2.6426896619722196,0.44317987310348717,0
1.6117228777086687,0.5367541024344155,1
1.986794608057594,0.17880152326828047,0
5.545765537509327,0.20827170883168894,0
4.072593938361788,0.14602497921227678,0
2.2287400369536776,0.21556434407434144,1
2.5271071600709734,0.19535190314982984,0
-0.13435418117089393,0.39460093574771277,1
3.776948401703082,0.0727705143479115,1
-0.5196314153909314,0.2806780538046668,1
4.503592931670912,0.265645196858569,0
3.257243184982532,0.3980108939147864,0
7.773903599147845,0.18699578718768997,0
0.7997288925513883,0.45022726569432553,1
2.7946758179187343,0.22924300092385277,1
6.596575401846126,0.2017841989331566,0
5.382779280582829,0.18722704350883654,0
1.6075758968402005,0.10880762827607744,1
3.4479348567468957,0.08816048849082056,0
3.0039987128301746,0.4447874666325655,1
3.5639117347883142,0.12269707013386488,1
1.6026391280303405,0.07308982465172267,1
2.821359194598531,0.30519270495442014,1
-0.19610475055342746,0.3606248965199265,1
3.2702469037361643,0.13911612240059315,1
3.900041346843664,0.2643476149908109,1
2.545161174712232,0.26711932411381645,0
-0.23010178116957558,0.5413239436335465,1
4.977063725702925,0.3890608419666344,0
3.7290500759856045,0.5747128960887736,0
1.5479698045980463,0.17555925943652198,0
2.438799106323872,0.4692943070293154,1
-0.001338805563677603,0.2718294165961068,1
0.9491797444441912,0.32487211670374605,1
1.924377307285721,0.04591842920159922,0
5.456841624560303,0.3302806223742499,0
1.7209932182250487,0.12282057031583557,1
4.280427318657518,0.08842468157423651,0
1.9233675942768405,0.09212209469377018,1
3.4958951217037497,0.09794602975099147,0
2.7172089957123955,0.34731235050298775,0
4.746113200185487,0.4761512023518199,0
1.9303773235628843,0.4828951000695357,0
-0.1450565000048818,0.17277730916024278,1
0.23610193727273465,0.1847640630475799,1
1.9362450121144852,0.10392506248312913,1
0.5018800586438945,0.35862434218901906,1
3.8204240313591025,0.25984692233883055,0
2.0684636702838444,0.5230816569326512,1
7.749213100052863,0.3090407012114997,0
-0.475429190274264,0.12376764373968842,1
3.4072663574196023,0.6425889579269887,0
0.7440939529886621,0.5079351014238557,1
2.013197319234643,0.4682128651925481,1
3.282838946681088,0.5579647149445641,0
-1.6507427497485736,0.1007786983905705,1
3.473652233576055,0.41972199859247633,1
6.8058149245483355,0.5452296590146913,0
2.0931234032628145,0.24392314825394856,1
3.519615713611019,0.40674257201683356,0
5.0498433862507985,0.16787451915065638,0
2.672092999946007,0.4431465411651173,1
1.8380796229370335,0.5695683614236497,1
-1.5514728074435045,0.22354266450862012,1
4.281981438789947,0.13140611765378302,0
2.7736631805422056,0.0968807961372684,1
0.9746322972236765,0.372021799300594,1
3.253193420555387,0.1280546998602492,0
1.8326392863876373,0.3210067930988252,1
1.9431477377689488,0.14502855575092483,0
4.212582312217417,0.3983604000269658,0
0.323235177352311,0.28387791091308795,1
5.094630572147517,0.28187680729427733,0
0.20462767376319269,0.03912132101694563,1
1.6745971832894724,0.23247349171778384,1
6.845892388133155,0.3843686098156157,0
5.254709523284845,0.21113134800182923,0
3.1952079849908803,0.23879143035472847,1
1.118939568997567,0.09302687694765312,1
1.9414553866002136,0.36252253357045516,1
3.1465506291713927,0.25114353688102425,0
3.075046464679197,0.06678304490121993,0
2.8182581407480742,0.2549144491254289,1
2.9383349718316314,0.33064764515127915,1
2.571249780589772,0.23792776530618745,0
0.11604252871997423,0.2236146194828647,1
1.9669785156783344,0.31912833322557976,1
4.829248107973693,0.17832553169254675,0
0.2633314048977651,0.30711080796806195,1
2.620888976921443,0.527478702763638,0
1.360492142458312,0.34642454466612,1
3.2227008587962227,0.1814197900939507,1
2.2227336378663636,0.25184336729780965,1
5.954787329949339,0.23932336319598144,0
4.013166308380508,0.3153077899802481,0
0.3763936684455773,0.09240071749739606,1
4.342456023227397,0.139682516729234,0
1.450696287475874,0.23574004297351478,1
1.8460072572449329,0.5791279019342154,1
3.6276380402142436,0.20517111829877646,1
2.0165051605397304,0.5807312061002435,1
4.785711632645911,0.25936805655642,0
1.4509798769732092,0.08452447462747754,1
1.7621068948172736,0.3086206220474215,1
1.6872582129037823,0.35373514784590204,1
1.8687225032899222,0.32378092019745197,1
5.198383111095626,0.2045201122386567,0
4.257592587220606,0.19338938210784898,0
6.419887908024142,0.2719440513169651,0
7.535288407798509,0.045839549772319084,0
0.9385659361353205,0.1385429893806383,1
3.140838254654578,0.5021505604165436,1
0.6475993667131341,0.25332832512994075,1
1.4447881445034658,0.32241118059870516,0
1.7398349794886612,0.2262614770167082,1
0.8856902517234513,0.04279755193124785,1
0.8962254542031727,0.1689614898154775,1
2.7114312429594905,0.4901304463730516,1
0.5665631632271859,0.06364669363075279,1
4.684253918275266,0.710738128760125,0
1.1644929251649716,0.43308402101823934,1
8.619137940192784,0.32475196501149395,0
2.0972310980712097,0.37352321150277523,1
3.1440352838341044,0.24509821987821653,0
0.4093176310679296,0.5289636655515616,1
6.412183516255279,0.4146873974217737,0
5.239001361605832,0.04934876325118024,0
3.593831741472225,0.20188297739062191,0
0.30639490244086875,0.24303506583623835,1
3.4213337554492407,0.22921521746309617,0
0.7571379079654901,0.4830662583759887,1
5.924710526946722,0.14059762233122475,0
4.618389463706345,0.12870624295184394,0
3.1908780769754723,0.5328133533302931,0
-1.8727513264946447,0.1300588397385979,1
1.0331680426819387,0.2286422812314491,1
4.375522263199745,0.11084606253470886,0
5.425767383446312,0.3623977192063397,0
5.218339622984264,0.32540464914336314,0
-0.18402600448291073,0.16251232798135504,1
3.603104613625808,0.2037030439653148,1
5.031030432965859,0.21533433985829062,0
-0.3166711311644903,0.2186903731676562,1
2.984190969253527,0.3959958649613249,1
3.5476847966169123,0.113364371563453,0
2.3984708303065303,0.3213263938888262,1
-0.7043237108024032,0.019818818071364288,1
2.3486037798525428,0.3835083665704491,1
2.345389139489952,0.249990680235662,1
2.7038551909044917,0.0654295272131455,1
1.8730571491498609,0.21539962530920437,0
2.1139756935170655,0.19989662249750975,1
2.9205874353060444,0.2891461986813991,0
3.8849092099394222,0.02211090229788811,0
2.3911464742866655,0.5013490386973632,1
2.1807021432639964,0.1561236587181394,1
3.184708076508916,0.07315745132630615,1
-0.8418318517903631,0.19051002403174255,1
3.9540702544529163,0.19817021066355853,0
2.9988738057540822,0.1427006802707648,1
3.0793870531951235,0.14039380422038925,1
4.921468615188928,0.043496058780545806,0
-0.9056310600964963,0.3344103491500257,1
-0.9476677397179274,0.06138500182387939,1
3.5476076906470393,0.18719435163193254,0
2.9857662897429686,0.4534433040138775,0
3.3403538863838644,0.1315006400128912,0
2.075745849655109,0.3114752257179596,1
4.328707348479862,0.17751553794944908,0
4.86527768598224,0.34988907399203406,0
3.967964587903054,0.3519827734628246,0
2.4783430831908335,0.36470721808190854,1
-1.2153787752288059,0.4787009798385938,1
4.538472416074256,0.13013816914995188,0
5.443457332435186,0.21301701731095254,0
4.2891168239679605,0.3369100728579122,0
1.240715145264987,0.07165345467046129,1
4.347588787335516,0.2047548938474579,0
4.721059415922891,0.13783115564807658,0
6.117632495598171,0.6512355596944047,0
1.2477801515440847,0.6846070871962361,1
2.5470908309117233,0.09654005415011266,0
4.494544102286911,0.4035351833858928,0
3.1148201428763156,0.1920220707950073,1
0.7653447958974504,0.5091243135787754,1
3.829232570053406,0.3057747637003535,0
4.157323267630334,0.2799667125751139,0
3.175925792662004,0.2295301190982661,0
3.4391698543598883,0.13809425775211032,0
2.48258819662854,0.28985978022900916,1
5.956557871432119,0.47642000601378487,0
1.1986156325746469,0.21249142375634683,0
1.8253584744724423,0.3664473663428178,1
3.0219710270550513,0.5289500555043938,0
4.757908055401785,0.573725654737801,0
0.005253659810926514,0.26794815322115045,1
0.3794065004691216,0.10183581428779247,1
-1.0754570154694356,0.5800747842720089,1
3.0653904505065417,0.3130167329789508,0
0.7633883655869123,0.20495340148413208,0
2.2308997799641666,0.18067776771661126,1
4.322756379783416,0.047741419346548894,0
1.7169145584343068,0.3818391916510431,1
3.462564045486729,0.15431854593372776,0
2.401324184496556,0.19721181341847446,1
4.344228630192873,0.25322626886761657,0
3.9502561346960174,0.5870741310165075,0
1.61613260765078,0.38112853756339754,0
2.662696493199095,0.38251645798115697,1
5.087486795440989,0.39420994622780037,0
3.786753740508194,0.26692918174601976,0
0.20607588449773706,0.1054906707335345,1
4.311236122342765,0.16490827592545876,0
0.8307787551275236,0.46436718875084476,1
5.825026139922012,0.27843574164584123,0
5.048197679682049,0.17315935646575378,0
3.5797709518368017,0.6107928408964117,0
3.3144656868723867,0.394313386661921,1
2.58193548794516,0.35385702782130224,1
4.357047902800057,0.29649021362737144,0
2.2584436610758765,0.19359830115550974,1
3.4711397412797877,0.2966817547133004,0
4.743868733038902,0.23251585469181762,0
1.8763869129488207,0.23400054675064377,1
1.7676145200186109,0.050001448056246824,1
0.611269038551082,0.4586004749047173,1
0.8710545077476555,0.33875402762381224,1
-0.6567906228830047,0.3133837649211773,1
4.459657578031059,0.3579466533400518,0
6.617829084165542,0.603883839989567,0
5.850657886940612,0.2267935691707656,0
-0.2521689772530329,0.11736971990280312,1
4.4497093431124,0.45137288622878347,1
5.8442126998471124,0.26601339198422824,0
2.086380038522672,0.27043271823463133,1
3.202894861300099,0.06252159914890147,0
-1.0157861016093408,0.3880179310962173,1
3.533472335953283,0.2076565565159712,0
0.8728805411305651,0.4576425123734321,1
3.399270035823029,0.23983785249195347,0
-0.1224058443777607,0.31448785700913967,1
4.085716448955192,0.10547651933893915,0
5.04902535085338,0.15351805977166091,0
1.4336402765696648,0.4847637489660958,1
0.7261548371791311,0.2714474506539819,1
-1.3120460850999622,0.3943625257627914,1
2.467172931849646,0.06310780972107516,0
1.8368121314367898,0.25095620437652016,1
-0.10203882469610948,0.2572582944298368,1
3.9060375126243434,0.13687403970599119,0
2.1000592362707016,0.17867455042569927,1
0.8485280827095352,0.1107548551119206,1
1.8908551887191059,0.25320103131180177,1
5.142609077859231,0.25253508491745025,0
4.205873887510444,0.22377347786779936,0
2.7399478770030203,0.2884323063605774,1
4.238210036929705,0.14507229173547112,0
0.6781760872265221,0.35715201828661813,1
3.064740201454061,0.20081330774492248,1
3.294644660972941,0.1641524815405187,0
2.0603269830025464,0.31124979784741874,1
3.8709166719148356,0.28019735517191025,0
1.4391330907110975,0.4505514016807388,0
4.019641415552236,0.2550014542203278,0
4.103717543062584,0.21406741896170456,1
-2.8343197613941324,0.08191990120981055,1
5.380611407020235,0.19144594987309496,0
-3.095265130705508,0.48394231970522594,1
1.7679019488877494,0.27504119303037794,1
5.05069606851551,0.2882759023583831,0
2.3654265494951185,0.3348145232334405,0
0.06762803506091597,0.24893780573968946,1
0.8125258765666588,0.3027000174808299,1
5.053811492641239,0.06870425525610536,0
-0.8430090610972765,0.15059915322539716,1
5.257982201924035,0.20147785564517867,0
2.8897958019154215,0.5756200396868839,1
0.615209339115133,0.21461058016865525,1
1.8337698553946178,0.1816695227450364,1
0.9655513177967174,0.24805177000872125,1
4.732450401717057,0.28693112152606104,0
4.464855619525677,0.37625593925155987,0
-0.43832226775209326,0.19170119036755537,1
2.192815762961332,0.23835303871812522,1
1.2736286753114459,0.08574613597328826,1
5.5870199369187405,0.27952776479690356,0
0.29980176374715795,0.2818563375751179,1
6.208458209370027,0.15190576263777147,0
2.9334105209661248,0.22301776395407213,0
0.6761311872398248,0.5197081695542538,1
1.6454516319814443,0.12974260779756652,0
1.3967623184630988,0.3688109560534847,1
0.45076319596898795,0.3035420570377035,1
3.1896537194607513,0.563513032747149,1
0.5441688986163133,0.28665110768302743,1
-1.3607324174763775,0.08065226515414647,0
2.240647058303654,0.4788914819825736,1
-0.6057123928357653,0.3383713187449852,1
1.4956782638649593,0.44064245831182486,1
1.1817942227932883,0.201960147415015,1
1.2575678559483716,0.15421761606737605,1
7.001926203180307,0.6439252837648161,0
3.1128231343391417,0.2614793752664426,1
3.490742017990664,0.7876746055701951,0
-0.5527965926845892,0.20690350615088623,1
1.6920737327261561,0.38152709100309473,1
3.430605259883024,0.30612224519703674,1
0.9509421741739872,0.2598113628888649,0
4.816125687035971,0.1494374194149924,0
0.5946068281979398,0.13768492314514996,1
2.4272677282696487,0.402884021922469,0
1.8278967200488827,0.5157384063262299,1
3.328641318763832,0.27685928519158753,0
1.719019856289148,0.3236816050763823,1
2.458212745858125,0.4631227988253519,1
2.527739816444029,0.14777366175652273,1
1.531224485217398,0.64606597558448,1
3.9701877369942253,0.5706081186304751,0
3.4767767496748507,0.5173097910432838,1
2.8227721094936653,0.08353558819626596,1
2.139083333076084,0.2580822991065159,1
4.593088061039994,0.23403964583394912,0
2.5283315123716372,0.04065026643711259,0
2.386605424348126,0.06228951720974076,1
3.209380059776252,0.12159501027825988,1
6.393173365941701,0.21313363369199056,0
0.31928758395759216,0.20380870371235132,1
4.53971378611071,0.5379124978304505,0
-0.78634232247621,0.02464638555297608,1
3.434546316457248,0.4919622398537438,0
6.150165655217462,0.08976061656432235,0
3.977337048934614,0.16784318060332618,0
3.3412501570795854,0.412594541431512,1
1.8791010623938489,0.14372643529995946,1
3.0620944009771085,0.1104419973604703,0
2.495874369193287,0.14534761667850554,0
1.4280467841372892,0.21023320419565392,0
2.4202487690502603,0.3495459908032534,1
3.3967623212528792,0.45027884459241035,1
1.4655658629387194,0.1305671654004639,1
1.3874363586306317,0.45583517618078595,1
0.27951312481565127,0.315581137845033,1
3.7814500521777923,0.06461284393398883,0
4.0906465239341205,0.24832522536864132,0
3.463320888473035,0.43954617125963397,1
4.930340985457332,0.34355769940960756,0
3.175735274161455,0.4397935942343543,0
3.7840218747315135,0.2977985549987296,0
3.6076748512751258,0.5547278997600728,0
2.8169199611635842,0.17450034159830136,0
1.9383563437407054,0.316968504031561,1
7.428305231583822,0.39360774283807093,0
2.0960980402929827,0.566390174327549,1
1.6682445777591273,0.1711050828273117,1
3.8680196469002137,0.11199177951742698,0
3.50370883059001,0.34013421338110617,0
0.19041690477934514,0.0933711537326993,1
5.245356509127477,0.044833213943613906,0
2.8116108492983334,0.18242017762974558,1
0.7781378095685589,0.4053327398254162,1
5.377568228707748,0.08551723659384904,0
4.2513511431923074,0.2100980725473743,0
0.47091601610417166,0.1884087090893859,1
6.554365680515449,0.7868746251055396,0
4.317594736732385,0.06765277014748776,0
2.979607768749908,0.6710512552212637,1
6.180437611243558,0.2220105768052618,0
3.318595567659281,0.17389477416684504,1
2.943833849791936,0.28118815748737813,1
1.679399767956022,0.6298900909277271,1
4.163700878614157,0.25241935095424495,1
3.9532059346479596,0.4647902523133663,0
3.029360279779423,0.05971170566931548,0
1.420027292264794,0.049065994621185556,1
3.2598597083321477,0.45021011327096866,0
2.8604024284757243,0.1769941028203694,1
0.33305136253159784,0.2545776602450012,1
0.05637529735162872,0.6466082662167564,1
4.130306757619539,0.21256354031968638,0
-2.203776630103378,0.42753856822485975,1
3.41082105392252,0.17803198475578283,0
2.043833884492351,0.28759262441126526,0
5.616493213759821,0.06252529993189021,0
2.0130635816922484,0.4914943161999851,0
4.318968428503792,0.4826377209284567,0
2.206172317524417,0.4939828401432713,1
3.227496306972287,0.06770152644231739,0
4.473673061840103,0.41213166054970457,0
2.0748885673508397,0.44484718464268375,0
4.993109768996808,0.12063641026315725,0
1.0126042457870337,0.3585938036026122,0
3.589185685116758,0.3672350447603752,0
4.845279445575706,0.016921032745364818,0
4.320074983580669,0.17260514302274152,0
6.832889753470821,0.25386492933271454,0
1.473121365378679,0.11657187275343388,1
0.2417014973028242,0.04958127066996846,1
1.0113297830097612,0.30670152577335374,1
4.3208851330968745,0.0677862000987882,0
3.9958458685387575,0.1943373606991358,0
3.2045133192948314,0.657539074299086,0
0.7540859017857402,0.050284660179484,1
4.533734586658122,0.36813567911469613,0
0.5505904446989192,0.1795799935602549,1
5.3178991647538,0.1556358349173098,0
8.71487684627973,0.3370286389705057,0
3.732902293143101,0.16361094481479996,0
4.166216271315486,0.28554872571956336,1
2.0142804622088812,0.507032774039809,1
-0.6204266421736326,0.6113152910580396,1
1.7945612739395553,0.35859197579735974,1
0.8142095178025013,0.3383180454821747,1
0.10599084716996865,0.2222260546647816,1
6.444719883991299,0.1801305632562947,0
3.5457250360515458,0.15483415472126535,1
3.7593751612279673,0.11267279166468432,0
2.381955269607501,0.2291845433793106,1
2.6542578351131274,0.09345718699484368,0
4.929101364478667,0.25862204783763854,0
2.935325762609569,0.27079738158780325,1
4.061387876049466,0.12440855552227138,0
2.6079914043099683,0.1848996237841276,1
2.3156942185359055,0.15332709958577898,1
0.186171668796276,0.3119287914683607,1
-0.9554981247342562,0.4159234383396157,1
2.4768761978671963,0.18435453057462545,1
3.112993383986465,0.2367691240546281,1
0.4277399265824182,0.3181508007915742,1
2.931050269930734,0.06630066308544802,0
3.107505125981004,0.37223664486447255,0
-1.3120160121187583,0.10549742782927468,1
1.1697506810409977,0.06162779593281022,1
3.814527787470937,0.23685792873208564,0
3.774117458791488,0.49732363068149016,1
0.6926501672004788,0.23028138573551346,1
3.31689610099947,0.19487223264014317,1
5.044814450720944,0.4750693114177951,0
4.5541459179817965,0.16649612394724575,1
2.809428425972131,0.15656636026500972,1
2.064047373351415,0.1048875793870019,1
1.7413110313309912,0.3539098357233553,1
3.935639565819314,0.5056335018076992,0
3.390207946285776,0.6585784028835173,1
4.258808012204401,0.27420060391225465,0
3.2637476262423037,0.11768588282851974,1
4.6375279006948835,0.2949375740653906,0
3.1891850659154004,0.1527328414142407,0
4.569377432263373,0.5305551475747582,0
4.741645540733278,0.20835615392532497,0
1.390946739550373,0.23493824338285527,1
-0.6162880937414918,0.4132939669723221,1
6.086985712029106,0.2509804447732028,0
3.5133174614245233,0.5217487466838037,0
-0.42897179099224303,0.24798521650921265,1
1.5723610055625779,0.5148020935002241,1
4.543748584739657,0.32750278267048305,0
2.440646337734214,0.36777862278026124,0
1.9758771613617458,0.6820995923623091,1
5.801763720625933,0.07257475053750852,0
0.905425707232379,0.13529094829515942,1
1.4036932844903323,0.21613228027503126,1
3.422772950096535,0.338971715007321,0
3.7809098641077643,0.33669687139812565,0
3.992686068681463,0.050905254416472784,1
4.8224760891378935,0.14380769474093757,1
3.3971572413630335,0.3106803098521366,0
3.9787678778768183,0.4038942806836913,0
2.4815814813698336,0.40377987404125026,0
3.1253966064734287,0.16622477029266153,0
3.215068360107269,0.07000970079794179,0
3.430196271638072,0.3210043196265082,0
4.5450796151655215,0.16002733408564965,0
4.110291363889662,0.3762288079390758,1
3.0884340058003663,0.06611719606178706,0
1.3817480301179204,0.6032469305673699,1
3.135342516125419,0.08604096880417167,1
2.943964430208512,0.18909732322925232,1
3.386363159626397,0.11112482942355975,0
7.413050614280804,0.4256143704044627,0
1.9524544429175292,0.2769728222944732,1
3.8445780382507193,0.18627741850862817,0
5.136924134488597,0.26492273604055916,0
3.1960038281987657,0.22286611740992512,1
7.67569023834433,0.21238940367458078,0
2.2439214165370465,0.14626588152142075,1
3.648178444640094,0.44563837775376347,1
1.402388510214036,0.07185657673751042,0
2.296950529713414,0.2798446812721319,1
3.497867820793316,0.09423404753047221,0
4.692608124615459,0.7195871808838483,0
3.6381896680471484,0.24922235410551727,0
5.518229698669472,0.35941652895901033,0
2.8100693788146565,0.07184771459839019,0
2.3356629403219893,0.07257868484539023,1
8.407970214558773,0.3381442288925381,0
3.7884752988840615,0.146469166108825,0
1.5610369080429047,0.3949385505440803,1
1.6114724755038623,0.22226914216316365,1
1.114640170937319,0.09491909528079819,1
4.873138711713576,0.4034785236697018,0
2.2712454142135163,0.44932818201188446,1
3.254724951312971,0.3642643036684197,0
2.8729826511234626,0.4090119043150581,0
4.462984815881869,0.16271350860167835,0
1.3065118142319598,0.11672323926122832,1
0.848855427713969,0.13440389728951518,1
3.4485946143631887,0.19889076514325701,1
4.201918569399794,0.5369952612094451,1
3.6650646261952815,0.27157131175432814,0
1.3810925418053448,0.3586620026845102,1
4.354969684182787,0.35004839507681945,0
1.5122781458087315,0.0685890918290886,0
1.9569227104272333,0.314751784785231,1
1.1120929505559956,0.04767977910300036,1
5.602316697304062,0.3014691368717573,0
4.266843082054699,0.35817370522074443,0
4.2099867513577465,0.17293823475322728,0
5.494422842284901,0.05146204439502394,0
8.625298496477447,0.16913481953270862,0
-0.418452207820311,0.3833962159637955,1
1.5232468382457838,0.17955715971812503,1
1.7676498316509524,0.011779510250362165,1
1.2983607552346144,0.284484442834917,1
0.8448335047925748,0.41772396575161735,1
2.4006938718892687,0.10292366048627388,1
0.5667925694211902,0.44894120767444123,1
3.6700847350748265,0.20044771705041375,0
3.1033966428572293,0.5300528202502981,1
3.9620573295273105,0.4117059207050441,0
4.015456903276505,0.37511148976459824,1
4.206013706853353,0.25235306505693794,0
2.253182126352235,0.26445947803724923,1
7.242286805267335,0.32943522756636634,0
3.4688622329641956,0.2652392982409802,0
-0.7249695052495899,0.14465276859708848,1
0.9952485084675651,0.4036542102326944,1
-0.4810059780556313,0.45461268283832607,1
3.0346692583026145,0.054125344060802806,0
2.756389551893333,0.2863173492621132,1
2.0631486042010843,0.42401997332510755,1
7.021852224801028,0.35441501646575596,0
4.097965748153822,0.29628745598915485,0
4.452196722892669,0.3367911014485881,0
1.1378530241157936,0.14289237082679693,0
1.0017102173379755,0.7301905759210514,1
3.0736109981939097,0.09204255948033316,1
3.346014279304452,0.16072581374270303,0
-0.712623134228914,0.34107614198535213,1
2.639385954300932,0.25976609804352757,0
3.0281441657470096,0.6182567971013144,1
2.5697016684577423,0.1467284124633738,0
1.3732191753066472,0.1640955264014011,1
1.92092963615772,0.1162010011480921,1
2.6462816128544078,0.5234765885054327,1
3.1816000472200954,0.12576496717732594,0
4.209583165101136,0.493107751650334,0
5.161712409901742,0.3858255303241824,0
2.4113045529455004,0.21371582966333452,0
2.0876876077692845,0.19740548656900533,1
3.8753113470686125,0.26604829959253196,0
4.221689832821708,0.36660172834702637,0
2.131599133482229,0.4619458893124115,1
4.5807869539323445,0.44447448729109273,0
4.959170682311946,0.15842158278243365,0
5.583372931317346,0.5836598769290694,0
6.556641813439645,0.21236123096280615,0
1.2671677226811222,0.4482358762495417,1
3.0277964186650226,0.21746955400592696,0
3.02255539323732,0.38885765145811485,1
2.803852862934985,0.5666111518037464,0
1.7014741607797277,0.3591262826520884,1
0.02887599353785708,0.6153715645098059,1
3.185358892058008,0.08254050079818259,0
1.463288680904175,0.2235637749687907,1
3.17198696149525,0.19157132202918456,1
1.4119129166022932,0.4909409121222744,1
0.8006833083113172,0.34324826016722865,1
3.4685967207537955,0.19678169004655097,0
3.301843053612992,0.22697748992412392,0
4.158563942641866,0.6815355268492777,0
7.3717275328352505,0.1978042289083978,0
3.5545790624216935,0.26476122693148313,0
3.9701635341282593,0.07074542397191033,0
0.8448773422653493,0.5145458750137183,1
0.42618511892725097,0.30287412563125315,1
6.165658893546667,0.20728107354482436,0
1.1530404401333927,0.1648229119117028,1
0.9121118570627158,0.26671784392109543,1
2.921802157566894,0.3257983560252161,0
2.8196151732452233,0.024612586514578143,1
1.1949869871134167,0.21112038856161208,1
2.3900535625738,0.3441295167454152,1
5.458751435300209,0.33238549590322103,0
1.3880127823364048,0.34729951042402774,1
0.21265503126765672,0.45863135766311414,1
4.885187241799585,0.27487511669116793,0
3.9845938238760734,0.05956050317226763,1
1.7589627587026768,0.41769530208129546,1
-0.1643340322538358,0.126431539394,1
1.5107532871228737,0.3556671899289944,1
2.8905911263014574,0.12597334426507173,0
5.331344179767639,0.30235679458618,0
0.926836050260686,0.24370539979113398,1
2.8309602369770532,0.5031933771314686,1
4.3502893197897965,0.21674567516944815,0
-1.7625346802438413,0.35723299589465,1
5.0675723358777995,0.6628482891388036,0
0.6350988555871253,0.40990159222068395,1
3.663990986913869,0.1542358832320285,0
3.493366299221488,0.11823266818361287,0
5.16917278292769,0.22161597415392884,0
4.101848761787081,0.5424529402125887,0
-1.7545809834599622,0.11159325760756675,1
1.4304415056880173,0.18452771949362146,1
3.27641025870656,0.41359737902278537,0
2.610040227760426,0.1626448486336612,1
3.955221459513541,0.25291009581297813,0
4.57873311133941,0.13872019801663688,0
4.216903472859358,0.6067371898511589,0
2.5714501148910696,0.5470452027637324,1
-0.6926740222409609,0.32798193695924904,1
2.0890375022903656,0.13213335951689217,0
3.8327362962779103,0.5230349503731789,1
0.8191054948990448,0.03956286092475353,1
4.262549460243153,0.10208624585836402,0
4.816786594534609,0.2519050046879912,0
3.253733952591685,0.1411043366546549,1
-3.1275597326247917,0.4538196487721703,1
0.44382327457639326,0.05420096783402309,1
6.772378317112164,0.10949985598003582,0
1.906924413943244,0.3171982668161478,0
-0.9682864462579919,0.1707469093527133,1
5.470494776620544,0.05035445121034521,0
3.026711183087346,0.3274992020759066,1
5.209880977915451,0.1324849154645275,0
3.5539173504387307,0.46748565770061273,0
3.9171182724243376,0.4121253141143872,0
3.726018495429033,0.2046578067804769,1
4.394976623842,0.24554704242195013,0
7.554860897112197,0.2429432491670489,0
4.942012671918376,0.3714324160410369,0
-0.16067863569106988,0.39184351575300097,1
3.8933230305578066,0.31260463733756805,0
5.282961536206436,0.2226829399009052,0
5.405401613072292,0.4855670752511119,0
2.1467900338818007,0.464282839584138,1
5.329888890376255,0.3832438603553086,0
4.855484799102411,0.03703909294949486,0
8.14503487393946,0.29667758604292443,0
1.499996527502977,0.18984270994255717,1
1.9851988471991495,0.2529979776033405,1
2.3877619030800923,0.1113317658728966,0
2.0195556999224493,0.4766984996495217,1
1.219958500472794,0.07349361477312528,1
-2.525351011347486,0.1970575858129938,1
2.1306010525537316,0.1231625182140123,1
3.738716119399809,0.10609843329431215,0
2.0135563089881785,0.4901275046651398,0
6.870762367058219,0.35885687403754024,0
3.026751625431725,0.49012519853376896,1
5.582058110368271,0.11896501010646487,0
3.522840825459937,0.2857992183747993,0
4.652814619786516,0.45038926499564536,0
3.5584831078671244,0.08240128519460505,0
5.737569263807126,0.1078656964762915,0
3.1118787002648016,0.24648114051975614,0
3.9922414161775714,0.25233882565017873,1
3.7326658673000876,0.015835942103505217,0
2.4234290837453623,0.036550399981581425,1
3.8099646378493537,0.5508987373539731,0
7.468772492395364,0.04078123990754613,0
2.459206115809116,0.11848737679864568,1
3.8389297857064966,0.30897124198238535,0
5.515557901738886,0.18230697491963394,0
5.2805065618885605,0.1311467482598594,0
3.0234328354387303,0.08059477781508449,0
-1.7667774059147234,0.3121982817872793,1
4.033405637296933,0.646784640860607,0
-1.4389485172461054,0.007543459878507868,1
5.939874461882463,0.21781314104527943,0
3.3389477423865213,0.6509310878177754,0
4.999348039743978,0.42110655691966437,0
1.1957777236378977,0.2297419119389355,1
-0.10501494660010868,0.1504297115813224,1
3.5215087682823345,0.31099930825892236,0
2.932793120087716,0.055561118514029076,0
2.0169183476856687,0.39466048969631534,1
3.1693225614655276,0.5213353457328563,1
8.53487178406452,0.6044412571734872,0
4.669051094738116,0.15224299799481655,0
5.098997211726638,0.5529483789060832,1
4.687873783106712,0.5793709046317012,0
5.958924287704386,0.38418402182347106,1
2.61985665419851,0.19624326609749163,1
-1.1095226153505875,0.30439896439355163,1
2.6228277339879806,0.11986295995210972,1
4.623471419993003,0.27839292908845076,1
1.0603992097698527,0.09406872346875121,1
2.647268099021339,0.2868772166286707,0
1.6164605139953738,0.16654682078745056,1
6.004058503686261,0.1955731143935647,0
4.498914030813127,0.2553372371939062,0
4.303081241287918,0.26164582945291426,0
4.243202626241943,0.28126489519442494,0
2.9255014948957463,0.21487017548073678,1
3.395112565055007,0.03533140516775273,0
0.6296308389353649,0.26893174422790667,1
-1.3728839575011351,0.09971895781505913,1
3.300162260690048,0.3349922256922355,1
3.647980512544289,0.2335295422278508,0
5.418529136850755,0.4891142485495326,0
6.142671632164735,0.303511739009431,0
6.139996969997894,0.4898757450291075,0
1.0039528134122444,0.25607848814190154,1
2.2954699301004613,0.10120960783458388,0
3.960668591762759,0.34767286880460474,1
8.063809355484356,0.5704689910897408,0
5.960198407427832,0.5488474867965605,0
5.2387943239967605,0.5152738283599043,0
2.2244240889014186,0.5168720858862075,1
1.2336007376897509,0.09099576877950143,1
4.577815766766479,0.014388845343579695,0
0.7986774715312799,0.5726826515543382,1
2.5231272980393946,0.0990961586905969,0
2.7704441019961545,0.4518791059335836,1
6.185824178245616,0.09921079420434822,0
2.290605394080645,0.09557246469414987,1
-1.878499277145231,0.11253546290942776,1
4.008889295324937,0.07327562850170215,0
1.6019562937921472,0.4968927760668355,0
3.0852620488754936,0.41893281817131933,1
2.826590598315753,0.36951560168373054,0
2.4525920083644634,0.08999156935352501,1
4.580681163569408,0.2082526610255494,0
-0.06572975670541448,0.25659620129683663,1
1.9659715500912796,0.09504132159700278,1
4.3680758262347625,0.27597136865327404,0
1.7718304493112635,0.24725203538234236,1
-0.21761341853994365,0.18042990862123057,1
4.337110686513472,0.23125325382735212,0
5.246189260883078,0.04277099855082034,0
2.9100095847139875,0.3813967501543301,0
-0.9216911969390651,0.4540582606079958,1
4.411939493397632,0.23005185322378668,0
-0.31977576283937603,0.11003698218013462,1
3.6175985536963315,0.3861121222909304,0
1.2250723505156804,0.0273186838543005,1
0.6803214284660695,0.23503505549014475,1
2.1161799658406197,0.08676432501541116,1
2.6334048871454803,0.059981661784316596,0
1.7115834992271035,0.2322871743582785,1
4.177406556430301,0.5028911548142444,0
2.1078612430823327,0.2458361303193542,1
4.960381743343644,0.17072255355357482,1
3.562346331286959,0.07566610162703784,0
1.604885586807384,0.5210684273772747,1
1.2681202323354281,0.04413201375227071,0
-0.2949925980948773,0.5438314084265066,1
3.581466355733645,0.15801762797903546,1
2.290824905497284,0.33897793168257545,1
-1.7443910561270286,0.1943942530542653,1
1.9285702544611998,0.283701268286111,0
1.197931941490096,0.36661735132609424,1
6.151355184341321,0.3035861270649907,0
-0.4055572237866194,0.2632258121322969,1
0.11729840053189244,0.07082236688940041,1
5.2199392862114,0.5956672083455129,0
5.713526314927926,0.3188751909589966,0
1.510034122548717,0.6142037523236866,0
1.7358283543821782,0.06527200732534057,0
4.232470793106626,0.10528550494305097,1
-1.6541995938906204,0.060346622170783654,1
-0.7223873690111122,0.3674097565279052,1
2.4385331982985763,0.6273901461389677,0
6.0997811322582525,0.3985052248343242,0
2.1285398236665207,0.42078192724166147,1
3.2018735834703094,0.134717416489206,0
5.267578545128024,0.34060286849297505,0
7.213769466556292,0.20866076405832068,0
1.8463030537033749,0.2801764380546801,0
2.9663265525331477,0.138694787404778,0
6.644110442685685,0.11355347341437728,0
-0.04439855038285678,0.18508139211222327,1
5.055162141107644,0.3075699229867703,0
0.9633689352774835,0.5737786645930957,1
3.2049447342063133,0.027606911686938126,1
2.5147619051994514,0.15329598160525126,0
1.0839767985975415,0.5111966092376092,1
1.0337961446834498,0.11144332755779313,1
3.552828728507509,0.4526934268526517,1
4.991078656325364,0.5233004794312198,0
2.7405275936229936,0.1728271918033094,0
3.140226317466433,0.5207965607919889,1
4.142348132582095,0.23027027541202302,0
1.0567624539740803,0.27952980658046117,1
4.479385016825846,0.2675434493924039,0
4.638686194119494,0.4003330258633577,0
8.207252597500819,0.3418894242897501,0
2.2477916188808353,0.37583444987428444,1
2.0838363966637448,0.4301646449127548,1
4.537931743147491,0.41939361742223047,0
4.638208337824277,0.5480541217844332,0
1.929825693246576,0.19714497971407272,1
2.193674646139902,0.14226369582049744,1
4.082261676436081,0.1185147068841948,0
1.3448315185306772,0.31213490964529056,1
2.17893202396997,0.1959453993467597,1
3.1791855347368694,0.2471039562872093,1
4.9918773696445164,0.29512572104814927,0
1.7908027676409184,0.38312234787184535,1
-0.6847689240613439,0.23624783366433397,1
-0.8331949350364218,0.27397911203296793,1
0.4811738665877332,0.2407791186849549,1
0.37366456360012545,0.033943585322263305,1
2.690778482760182,0.21737410127267376,0
0.62223969280479,0.5016395521445681,1
1.5944900803575919,0.04791527049383767,1
1.4518282300359004,0.17504968622491365,1
2.118984278304013,0.6140498327717909,1
5.645008663046244,0.2592287194305906,0
4.323895178861033,0.3993683651685725,0
3.0322588305520077,0.06728939613854082,0
2.077947438838324,0.40333411337788727,1
2.1335346867539577,0.09831808140516943,1
3.655492939903899,0.5521063027051775,0
4.16833814670458,0.18795267891891068,0
1.1847649877987991,0.5076107067307429,1
3.072961511228463,0.10181722657146056,0
-1.063239137326054,0.327836420171295,1
3.423427568341194,0.43975633208760895,0
4.524298483917372,0.2546443767808705,0
2.439862746238249,0.46569952512829343,1
6.63305399228021,0.11233256059576528,0
1.2375231051278992,0.25332374273655284,1
3.4348808306065224,0.1971718965934523,0
2.928350506668089,0.19423477411625423,1
2.799404665113183,0.17245491221769418,0
2.7713556639905046,0.3746656199528118,0
3.214210060018943,0.3207302870282225,1
4.695917486927399,0.1913171943321055,0
5.755472472549489,0.43080549627359127,0
2.995499510991685,0.6283209635555541,1
4.6306321443432665,0.2534174504032501,0
1.596466107466435,0.07544896979443574,1
4.531910905452466,0.18691593592364636,0
1.4760169523460194,0.4966855883994997,1
5.181319872176264,0.035482014637133845,0
7.421281754786479,0.12379615273658605,0
2.7558322240572166,0.38400165447923307,0
-1.3850869816148172,0.4746836831717841,1
1.903854133510354,0.24315279091192885,0
5.463750268578607,0.4099693129289176,0
4.10615357405049,0.32280317609438614,0
3.497827197350059,0.2503579259354802,0
5.017336711909678,0.4597957329034808,0
3.9689068784968438,0.12218770793763668,1
5.435450374902272,0.2775797865437561,0
4.838847353293971,0.5172775389819582,0
6.043400905473918,0.3914053707969466,0
3.7175921678125086,0.4608677288030962,0
4.810518802987909,0.27521794015867945,0
2.3857458538284293,0.679110437424393,1
1.7970783768819882,0.5417537112945549,1
6.413535280837946,0.6494666864154902,0
3.432409352645376,0.512637189945201,0
4.609761131724758,0.11174469297113851,0
3.2474800288227805,0.43793367192658755,0
1.8269686981600715,0.18153338381956402,1
3.0219657851648027,0.17067316622752018,1
5.871988035535429,0.36629047283860705,0
4.110480148558848,0.25878645235240394,0
-0.4229463194609182,0.16526951201102194,1
2.5695110868476907,0.06597997512677842,1
6.5645875854094236,0.21387489867856013,0
2.5724062763000877,0.44799253670129674,1
-0.6009573834683613,0.03569282236116047,1
6.786097770845087,0.10500555424316,0
4.364785019625585,0.224212079033155,0
2.859974282374399,0.3783878358111097,1
2.2571645278358625,0.30679067221567347,1
5.1647038595834704,0.15107926084498896,0
1.916033199547615,0.12572901192558789,1
5.296512849031977,0.23371167836202247,0
4.0843905714485125,0.45437279713621204,0
3.4893638509747,0.3369694228673548,0
3.291029610671191,0.4605491637462493,1
2.6500639265716437,0.5435564978338504,0
5.0912802404185316,0.5685444141270315,0
1.2693143357963317,0.24692578998374048,1
-0.24385025366041857,0.28219036350826693,1
4.228880245784949,0.3742922142153295,0
4.262476656134296,0.20032246921856905,0
3.9604823050235334,0.5126152067567609,1
3.815456739236078,0.5211751350896845,0
2.3589192433249044,0.4964986378916933,1
4.5749654087710505,0.27447352807807474,1
2.9088837464909183,0.6108674753538544,0
2.0257728783696436,0.3220872510126996,0
2.3762173754892,0.06862470875548964,1
7.041279397551664,0.45133620838444566,0
-0.4699521640908655,0.4868400306306237,1
3.9995762085915976,0.10851575338315017,0
-0.3582208552474344,0.10350331998415226,1
2.7835333233540536,0.17947641426429256,1
2.1327450296916246,0.3149327018944468,1
-1.1700565933597558,0.22894720380344458,1
3.778075180867526,0.20974769830788684,0
2.239923875615608,0.29839614461241193,0
-1.1984126851224879,0.10371164301670024,1
4.679136181548504,0.1297910266941697,0
5.87001235597787,0.0518266967688994,0
5.980248684593144,0.38580317145216886,0
3.7179128813029423,0.18433802666127125,0
3.092116277154231,0.5114041355132795,1
5.656313241791594,0.4805220291105538,0
6.364767170680197,0.40946791851070663,0
5.2671374057512494,0.3927208087338426,0
1.1169247955403978,0.1536069559412004,0
3.402689706429844,0.37434627322861463,0
3.879032288582857,0.3731104834785612,0
-0.6192339378344585,0.19536793182864437,1
3.938721319241548,0.18602086803724488,0
7.545983651958778,0.6570492921406449,0
4.279872331601583,0.39399589348911945,0
5.946826162883513,0.1800374043682608,0
3.36582946025741,0.24846602160845394,0
2.853563352032357,0.09937380256483826,1
3.762542780161951,0.07617112313159762,0
1.3683467040311348,0.2935688375837557,1
1.0724496255312228,0.09222117015159695,1
5.532609114338731,0.20583113985685017,0
5.744684685733036,0.19896460358484272,0
1.0177873688252992,0.22317954102146434,1
4.935997609107729,0.07524858158897499,0
2.8260800487879583,0.20692419553823463,0
3.679617148980861,0.5017374906953807,0
3.9204372788701267,0.3709698299527693,0
4.9887009362486365,0.24629754781438198,0
3.165436403726378,0.24896252469634544,0
5.820323990603872,0.046304741694811975,0
3.6188256795198495,0.2595993926806045,0
4.248368544939066,0.21535291188503736,1
1.333474816925507,0.14590174361998437,1
7.317318021409668,0.21992037149921034,0
3.9396498464099325,0.3870446930129602,1
4.4259948506901985,0.3487703623470211,0
-0.21637162242308294,0.088114915658126,1
1.354595953841798,0.253972979510256,1
5.475767375837461,0.39795019110824414,0
3.5737822365852097,0.610872061964489,0
-0.8275594696578521,0.19624443679293224,1
5.076579857967638,0.3279157732061005,0
1.9124343912945532,0.08536439544570028,1
5.822633971753424,0.3347600486411646,0
2.824328642792601,0.43807078858066817,0
3.40941337204106,0.433799528935739,0
5.357909157183297,0.4105104200596331,0
1.2050140582906754,0.25662642749312214,1
1.0143063843321207,0.2509472435233093,1
2.6070031592037854,0.3031698948129201,0
4.654345599242444,0.4331591037304029,0
0.3382454947730187,0.34909042138126845,1
-0.3360691997781933,0.5970423125931881,1
4.647441854087584,0.47712797226075804,0
1.7940433748659925,0.36729363404494,1
2.215547974159434,0.47353764286383804,1
-0.7136208038803318,0.10827725136214772,1
1.6420413712960358,0.44201653910524347,1
2.9848654067376987,0.3118563097613577,1
4.8607557152457845,0.5334140998389517,0
1.4575396675307224,0.24367738827053692,1
6.314752240464993,0.21586023443642705,0
1.6308879516403987,0.523045804462984,0
1.6338163968296506,0.1080850784564954,0
6.074715103795604,0.2151101259988267,0
3.4229203047278345,0.4521023331742384,0
1.8959505419768468,0.25925626355500503,1
2.689733737638813,0.28914792352003965,0
5.7061471550841185,0.5847803216067896,0
5.932405639251364,0.3339745878524684,0
1.366413641459488,0.31823957916173895,1
2.9151323798417836,0.22182511771454946,1
3.180313655335146,0.024078544207070788,0
1.027519778966805,0.02470100380600995,1
2.8886298947000113,0.4234459278540575,1
3.0106457209034008,0.14356656077404664,1
5.280418957873471,0.05803892494873135,0
5.414850056622402,0.233613615298768,0
2.341581203281984,0.4113693637844009,1
2.5720937122783765,0.22949193485083982,1
4.328584604111271,0.22903007364911632,0
1.829623102145977,0.6565530998421486,1
4.177280303474806,0.1248265647185056,0
2.8241870252615704,0.0759756953870523,0
1.0612028445227586,0.3536641541094098,1
1.0863265742407069,0.10244552704163408,0
5.8941173920622045,0.056164777040493115,0
2.687157041713403,0.39905612117379785,1
6.2807081877966215,0.2434331983494586,0
1.9727274785701798,0.42499069173268533,0
3.582410402262987,0.19685290504648847,0
7.785353446036483,0.08279742447882711,0
0.8852265106734416,0.11447883441547288,1
-0.7956289997995531,0.4864640585788418,1
5.573180262574466,0.3133045400409772,0
1.3463817892138528,0.33261153143725003,1
2.9585872717875326,0.2510272560818251,0
1.8281635790968302,0.1244139367042106,1
3.5363255619106324,0.28216383649067794,0
1.0989275856285157,0.6874187400953196,1
2.6401198242333876,0.1612375831883401,1
3.8996306531130687,0.5745716803332271,0
0.9833822274514761,0.4125195124090268,1
1.5998319407082222,0.5511133800319761,1
2.3052343328029363,0.6415882935073536,0
0.14236913154744357,0.14911891954737963,1
2.154878034402507,0.08432683870757869,0
3.2375930798058037,0.41657997723380974,1
2.2009021168231433,0.39030903684831786,1
2.4572470141365508,0.11496496331955657,1
2.9601966581868293,0.4753349907318458,1
1.688513075135372,0.366228343103364,1
4.382125131733755,0.29891449655726876,0
5.871956249603551,0.09194967070886324,0
2.0712392156091033,0.5310686065985902,1
3.970396462955414,0.6770735416620492,0
2.520765689130706,0.2765794715883408,0
3.7309746900770095,0.30632759187016234,1
6.131559062406509,0.23621504512810915,0
4.017319086036197,0.3937224258856966,1
-0.5468290776193614,0.03654092639832812,1
3.9079912628939177,0.24900299731231823,0
5.465727486618018,0.4471909719895689,0
2.556807660003795,0.18177454533093337,0
4.991269612235665,0.5180643874919175,0
1.619768917696108,0.6432468087251385,1
0.028921680955452445,0.5043122769156555,1
3.2823380376652804,0.2761606345742058,0
-0.5129534414926282,0.4006440334045474,1
2.5204579742128166,0.19273846596470598,1
5.573684525291005,0.7647744617145491,0
-0.8195258114925617,0.09840763555505452,1
0.44100640817220427,0.6722681180794327,1
0.9359355096768449,0.49790738553597835,1
2.8733602805780802,0.12823577778338355,0
2.2685664287075813,0.4490651106688203,1
5.798272763392175,0.30908118096896486,0
4.908696658183395,0.23705574206695176,0
3.990545892137196,0.23050343581657393,1
3.2912606286877697,0.24008934731376189,0
3.786459553969655,0.31660708232395474,1
1.27603528937325,0.6191653261664161,1
4.7144207071132245,0.04932184940457338,0
0.7759114912815979,0.10258730637376841,0
4.670753987804462,0.08028527889821353,0
5.372285004237662,0.5014152319666293,1
3.421729204176174,0.3137046816462357,1
2.647573882076048,0.12930485374094702,0
3.8006198166193466,0.2586911591524983,0
-2.723036740201346,0.36480430660465213,1
3.6045164369709224,0.12494655035575723,0
2.773292004320386,0.3069055513715365,0
2.898743773886018,0.3492314691366957,0
4.413065025795655,0.030343057537558813,0
2.8504621568705444,0.4233727909699163,0
0.7195862866976839,0.5432997593998151,1
2.7171946583492437,0.38845071256625074,0
3.135110968161649,0.19454711315876938,0
3.2298678231620253,0.27997946052518025,0
3.323838734570136,0.1592259475493401,1
5.078738089837106,0.3718635485100317,0
0.8279308939317049,0.5035978513963714,1
3.3514009123296997,0.17541391249107682,1
5.579859397236482,0.31378581276863343,0
-0.4692229938743906,0.2659434544232505,1
3.3592933615601073,0.3689419990457802,0
1.8292429960539132,0.4335432462990649,0
2.25857923105379,0.2777149221178603,1
1.190384993571156,0.1260501363210277,1
2.660898568599112,0.18411929967252197,0
6.682511228853809,0.2830932124935211,0
0.47113927764557273,0.39618025302016474,1
0.6607799950423452,0.577888265539388,1
0.3961308596729909,0.6592775451050685,1
6.454836573256202,0.09386453963902562,0
2.075320588957426,0.48974313670344,1
2.9487218793046517,0.282627823715445,1
2.1944341177875204,0.7266496097376284,0
1.111154243193817,0.23995407599911361,0
2.5296987067711294,0.40865673898880556,0
7.91648721147312,0.41373937520771487,0
5.78414184194851,0.2912058729237266,0
1.2941243644154554,0.44238774702345407,1
4.295148206123372,0.044381203935136136,0
1.3369544546672472,0.16870718296049972,0
-0.5527352776924417,0.230262444763932,1
5.039021835329259,0.19275085987778828,0
5.320185693287101,0.1403593715809192,1
5.092104502095799,0.12018435897059242,0
2.0602695015608545,0.48472227253243777,0
2.6664485319960276,0.3411718417853449,0
4.499531107316247,0.0546642834392097,0
3.7829920746962142,0.2874297421276076,0
2.2127250574059114,0.19780493720112208,0
-0.23814364023632928,0.3407964248383792,1
3.2277503882840244,0.7243902625002301,0
5.158019278472226,0.12502037781954883,1
0.6048234219316857,0.16677683515554226,1
4.277518763351954,0.17300924169991297,1
3.6630833902673854,0.18385987972761655,1
4.500296526464667,0.07106196673924664,0
4.743950999438015,0.32371912197722,0
1.611069516149294,0.1710523659785445,1
-0.2339188003298922,0.258245800698075,1
1.9329609486342414,0.18299352039954145,1
4.778254635054015,0.717079097570387,0
1.915992192948058,0.3464144988974713,0
1.6119133522847162,0.3428427902861589,1
-0.6427006838492768,0.42374472662189555,1
6.505295109101878,0.31860238080860254,0
4.651427282850619,0.7558290733104052,0
4.539791962549529,0.34271075192051853,0
4.935450773558948,0.17529721365969078,0
4.153416723086803,0.21880417511663208,0
2.511342289640942,0.5272214730946814,1
2.672471791755597,0.13608475373474305,0
2.1448712708157505,0.0298102409917063,1
8.269481508830001,0.16826828071685423,0
4.111824062598885,0.5168750649735465,0
2.072399117297131,0.4039623754722982,1
3.9309935483325598,0.4146546505118186,0
0.978262164287365,0.08617528761706782,1
6.009013437178454,0.07637899406964396,0
1.6778618083857197,0.13610037482740744,1
4.002170865244931,0.37546808109308083,0
5.1319552594862685,0.37393575394160816,0
3.7695370884099857,0.056095362876531114,0
3.188939983639276,0.3402083994349137,0
3.02160416971203,0.4742544035897648,0
2.8871178062257856,0.7000563954057858,1
1.8466030221449956,0.23180692678181752,1
2.1010331404605918,0.10377617393007452,1
5.95918074730187,0.21109822822887003,0
2.7829267346296866,0.2750836602600563,1
1.4284074612344537,0.6911218662161902,0
1.9674048062769829,0.11060107271650046,0
5.200741361394446,0.5597075851548238,0
4.351213266328957,0.24781459095493655,0
4.120658356464514,0.3476314917143975,0
2.484957602180417,0.2653731254872762,1
4.14672494034589,0.912459944896045,0
1.712877750098704,0.2754107280487744,1
2.480771937308451,0.06693587087904304,1
4.939608974783491,0.33205939118905603,0
4.7485553578381285,0.25718648631224644,0
1.0361803080983936,0.19398714001947293,1
1.2889470941828485,0.18028335960951167,1
3.217404305626819,0.37293133525440725,0
6.45226474933902,0.588894602203381,0
-0.8311303289379883,0.13728262299882496,1
3.5566658791410086,0.15666239279285268,0
0.24791333685370365,0.40345742100941145,1
1.7313380129489089,0.441032316220321,0
2.271143163871517,0.5088129856859209,1
2.1589833131262184,0.14611023101606735,0
1.932408120681583,0.37830278132993755,0
3.01441412075274,0.3496805389679898,1
1.9294888667388432,0.2701467137448004,1
0.07508523029169467,0.5227402700140583,1
4.559739225045552,0.30793960830324807,0
4.505744334297761,0.10431803586674214,0
4.686348620045338,0.5940196945744463,0
-0.08146899252816375,0.08744802582537575,1
3.5978363051683018,0.2762142128858074,0
4.351957711613847,0.5177791768121119,0
0.9375958631208299,0.23307513988342057,1
3.0183464963642583,0.1229594289733497,1
2.7674667093792684,0.2234405767089342,1
6.684301317136527,0.4992213831234342,0
6.848992074025146,0.13411424188078594,0
-0.3287127866604016,0.40032284020325315,1
7.987854011455979,0.4184112895601696,0
1.1695485576933522,0.22021052394461993,1
4.961346588654852,0.25688892893500603,0
4.940995961727461,0.5543982308196649,0
1.0086195463163865,0.5941043566498325,1
3.986535587678198,0.3445657416576702,0
2.784932511467872,0.4778619135356169,0
4.108660009264781,0.24852761678611968,0
3.4613446047612513,0.01779977687840714,1
5.392678970740494,0.14105418363600133,0
3.1507990862921247,0.026578320250483022,0
2.6642518611473776,0.2587664649437084,0
5.192128466114361,0.029364343598998026,0
4.160791929717207,0.09049367550444058,0
4.4636267886417755,0.22384589066984775,0
1.6708266554828064,0.6701676772864168,0
0.9094744372030519,0.41462238652164557,1
1.864555713494597,0.2653785856838488,1
1.7583572286388227,0.3997675927667288,0
4.572398537305829,0.21713581389490208,0
4.951968100588104,0.4986239437868087,0
2.689739420935199,0.05020691897786939,1
5.861838037648704,0.31860122900531523,0
5.73693878753026,0.3907104047427621,0
3.4867978328010785,0.22684786709024582,0
1.35621645691392,0.26531156538755873,1
6.150753298871081,0.3416800378123817,0
2.8779652979431836,0.061792507059407115,0
3.2523303928619494,0.6545832823077079,0
2.320789948786863,0.10143314062030409,1
1.2204193474056049,0.509148498468879,1
0.06272113936941626,0.3820993284257758,1
4.265736647114576,0.06709841345183355,0
1.4331978922067592,0.09744950638152768,1
9.119062457993646,0.11651061692429764,0
0.827852834775042,0.16707236037360093,0
0.48523505003726,0.17859693237616928,1
4.020277431226882,0.5974701064765305,1
6.058626957934591,0.17669919492168906,0
3.129179313886443,0.14570606298500685,1
4.144484840374549,0.10978787424994944,0
-0.6870948349174193,0.5107324175161642,1
1.6449769086164665,0.07995248310844855,0
0.852768541724866,0.5322364831236742,1
-0.7900916998957621,0.6007105067109688,1
3.233960468047774,0.19110364086891424,1
-1.485655243220867,0.4627353901367343,1
0.35560806782510257,0.261150647726712,1
1.925612411973164,0.10245105190833087,1
1.3374283280978474,0.3170894815100739,1
3.792817004414135,0.4190564747070545,0
3.61116038380496,0.4290395163693972,0
4.787597491870914,0.2653781991034277,0
4.504767465425356,0.04114963361139123,0
5.281625578722762,0.0486202281612427,0
2.9961631999818916,0.19847452380648684,0
3.6069338016333394,0.45806712150474166,0
4.023027403838382,0.15707813064854964,0
3.283313394782051,0.29911879533619873,0
2.2056113801658523,0.2129239327749674,1
2.3351149313204598,0.14357097138277328,1
1.364883203340069,0.21055144876185175,0
3.843233659819659,0.36329123237256217,0
2.811969651829689,0.07532545482186782,1
1.6736524987264703,0.12549985586387186,1
1.6755103613508147,0.4861381802423823,1
0.5792025444344229,0.08075535869131455,1
4.957682682474399,0.3681668131723178,0
3.157235339063575,0.15759321998899584,1
1.2743999608534597,0.08340223834791062,1
4.617095499204036,0.2772812737356323,0
1.879102380411254,0.4466340825339481,0
0.18699874597553467,0.09815392692597001,1
5.042444578438266,0.3943262120743799,0
1.9258060208677739,0.11995064697179621,0
2.182201819582421,0.3509982533846908,0
3.082360040698355,0.34614513446380685,1
5.28517844558023,0.24781322262856273,0
3.0400745817326236,0.33883326318472057,1
0.6017657477095395,0.050080845796069806,1
4.08775400822436,0.05994629940597153,0
2.030020551476552,0.08251970069677522,1
6.775847943058933,0.2126394061078677,0
2.9977605560042195,0.5474672289667537,0
-1.4700709957973324,0.2972983903760328,1
3.714729944311348,0.4208702420703744,0
6.889195584520457,0.21473720028625468,0
6.151840577090779,0.054623411776569146,0
6.661908577513131,0.2160946916980357,0
0.960479629237073,0.29578417431805326,1
4.8243047919535575,0.4037811487946654,0
1.5560109205265766,0.24867318067742317,1
3.448578798833849,0.16791625456431114,0
0.45409514252053507,0.07786256242354923,1
1.7110884702345674,0.359976232851209,1
1.6475066052727694,0.16346705105738946,1
4.797110560285232,0.16740334145603405,0
4.601438243339311,0.30448592604846797,0
3.5536394586616415,0.4152846074604209,0
0.29915716388922897,0.20453043842763022,1
2.37672113210056,0.08689638008790608,1
1.507767034114548,0.1634434176770662,1
4.739351513388982,0.27089692538894344,0
5.3563697056343695,0.2438706424161214,0
5.112771172061766,0.1637941357197997,0
1.489561161165959,0.10056061941347748,1
-2.4790662445789584,0.30271069101140174,1
-0.5339237962601087,0.22145755456433822,1
5.843253956164417,0.457633680589433,0
2.197490121360352,0.05610929684234002,1
1.498550763469775,0.21195626613996194,1
6.2853205868724675,0.2984053893682007,0
5.530319890976654,0.2420389065464778,0
3.0488974438395733,0.3248986325938594,1
2.4131938178720524,0.17598502234859142,1
2.7357975743737497,0.17068457753436736,0
3.454325596774932,0.4808832121942521,1
6.200094562639216,0.3036803197907688,0
3.8449348484744537,0.4080099578812616,1
4.4520580660782825,0.4721353463418464,0
5.338540218140343,0.24378434830078524,0
0.6606479979511621,0.33253382182786023,1
4.509723784948086,0.19494345107145633,1
2.4108624906767773,0.4891310799044215,1
-2.032190391545532,0.016938566548319434,1
-1.256339083971624,0.1127517197047705,1
0.9637647769626287,0.35455572317392997,1
4.062446457185163,0.4171115711962469,0
3.2275991306805927,0.33751303945077415,1
3.368733414351328,0.28141595624576393,0
6.901886965373384,0.27869165376365923,0
0.4618207702803754,0.37448843722916897,1
2.945133291632553,0.27539176890023004,0
3.608871045627631,0.40472181106208066,1
1.527453766923329,0.38788417680648596,0
3.056653490165882,0.37657149720881056,0
-0.19989866816868984,0.41511747561713136,1
5.819812434550055,0.22157004149393555,0
1.6367708949391324,0.27355234638977854,0
7.062800329557006,0.26500625841232867,0
2.93505135216509,0.3511954360241257,0
5.056107130798367,0.05646727826226539,0
2.8933942620176913,0.29647641354960463,1
2.9385123354789404,0.4477299548093522,1
1.8319413335559844,0.38781150518201984,1
3.238247858732555,0.38652317393234376,1
3.6359973888280948,0.32377470428897653,1
1.4314829821696402,0.37278410197608014,1
2.7499111682802315,0.12376697067261723,0
1.7798022678857726,0.5349552457698961,1
7.599328139229677,0.035860606255360625,0
2.820538460176763,0.4672947116108044,0
6.0904643033931185,0.028967521861616902,0
2.6087553383846234,0.5424022861410385,1
3.518575283069816,0.3543708648355414,0
0.3572718567094615,0.27288082462770935,1
2.1058548162642707,0.3074326785179877,1
3.4210693415784936,0.27708854126692006,0
6.172007661919734,0.017083506483653275,0
3.443965555352542,0.2441140446444192,0
5.767440722385999,0.36035253434269465,0
4.28145822040584,0.6081621295980552,0
6.254802678929371,0.26970794860078456,0
2.8819155653898894,0.2105875988289183,1
7.780445421303608,0.03258968506650305,0
2.029207594171754,0.1768404883238947,1
1.467076331604662,0.2608900828579177,1
0.5798943006219317,0.37639915199037133,1
7.6620493431161405,0.13182533587598583,0
4.638895145235795,0.47644767929599996,0
2.331758533239383,0.3166259809006048,1
5.49804539374699,0.23670914744456625,0
4.3753843702355635,0.5160809897966772,0
6.932254942751181,0.25357519849131627,0
-0.09566566547982269,0.4771078195784096,1
2.469279783371491,0.34015702652448004,1
2.074957232114349,0.29082813379497546,0
-0.947365352817203,0.23912904128805754,1
5.120654409559388,0.07792987026877071,0
2.4592068883932834,0.0681830078295515,0
4.479262409973124,0.2577682379623663,0
7.7195438686592235,0.29897657709031006,0
2.2935126163447834,0.15303031472446735,1
2.1576940346856897,0.3734064986116023,1
3.237328339447992,0.07073861771131014,0
4.974494705966819,0.22057700581420436,0
1.8665739493797002,0.36412766709467825,1
1.7380768057357388,0.32168973587746413,1
5.114378540482732,0.17785793365787395,0
3.7572786476760713,0.3036743096794794,1
-1.0894565260096414,0.11741343799380154,1
0.5492164010617837,0.41643911049940097,1
6.00247172765442,0.36448590540028836,0
3.803856566157625,0.2384787407941792,0
1.475608137925502,0.12212350803814197,1
2.6591806855300355,0.22701222232295507,1
3.0264733456033404,0.5111042824949255,0
4.471466720560327,0.11796910201250864,0
0.2834732102824211,0.24699204129021882,1
1.3181017226590839,0.013287171621044942,1
3.5459115097267775,0.46386813365908297,0
2.8003308390090993,0.4125380540487914,1
4.14371836527342,0.22546482623617006,0
0.5409852052808044,0.390790094075959,0
3.714257352542642,0.42579955946121134,0
5.183167238754944,0.18825267443902152,0
3.973637094298567,0.30956669642720663,0
3.278223479523184,0.21344071799097472,0
2.8082327948680583,0.43197203432161024,0
1.3302976944569964,0.11886694202073694,1
2.856002815120423,0.4946289491350836,1
5.519411705760811,0.16635442885907603,0
2.7619429867997494,0.11494971538545598,1
1.2203920213031798,0.511750990618657,1
2.0155058224692275,0.40667315579755586,1
3.40170059455186,0.35435301987418016,0
2.252972005638306,0.3115391645855069,1
3.9706065661262815,0.6003574441682389,0
4.045687521498061,0.30075709438407083,0
4.777966360809296,0.029873924089373737,0
5.847118944530066,0.4720678249799154,0
4.991717448744722,0.27493698032637753,0
1.1315218717040803,0.16493154385665965,1
1.1929311068474555,0.6829287864957589,1
2.848457047080351,0.17227242245642854,1
2.097649285521171,0.06103074091414408,1
0.7233465460781145,0.2585455142795277,1
2.1166164116540114,0.023569672504159565,0
2.050974132761922,0.37382895043563474,1
1.6563045204775884,0.2784863773051884,1
2.3684210276899886,0.2974718855401371,0
5.356901700636662,0.40502394122733404,0
3.3984760824984783,0.10075651374939838,0
7.943618152110939,0.038913213160440614,0
3.3410163720392987,0.40584202623173354,1
2.4198684521254963,0.33227482240522677,1
3.008265765309732,0.046528760930885704,1
3.51298395688708,0.6456057862559311,0
3.8705079143421273,0.19896826608239968,0
7.1534226517180475,0.2698638481762344,0
1.3093590700448627,0.12888847016221974,1
4.718092116355471,0.5029082232338857,0
3.4155011952282477,0.4668931363033754,0
-0.14219548514123526,0.09593318972700499,1
4.541397564189527,0.24054805779325278,0
5.53524712160781,0.2960185524154283,0
1.2856471924451405,0.18292612716543452,1
2.982132264216059,0.4043659254180822,0
-0.4507085240154072,0.37452969477448567,1
0.48238708063132707,0.08931166756479696,1
5.096059155234505,0.49565992681489895,0
2.067166987985131,0.34820700566706764,1
0.7823940501239215,0.15134424969842766,1
3.4589207289168593,0.34960270240973246,0
1.9551751371379535,0.271594951852689,1
2.0583566844489276,0.3334627781067957,0
4.4786520513498065,0.609656773979914,0
0.6765332821313068,0.4055796036001186,1
1.1892695746363355,0.13732405603291084,1
3.3081599842977374,0.3802137857501946,0
4.938819581496411,0.21257828558672792,0
5.476320602979699,0.45828868554434554,0
1.669876559276754,0.13333202463062294,1
4.874753933839296,0.21275108793018654,0
1.4317154130591823,0.17133495570323462,1
6.652418693813599,0.1609567873387331,0
0.7324579491605432,0.3668221722919669,0
5.656957621583462,0.4710795730104229,0
1.6870277863625522,0.36614915640281953,1
7.026492909589201,0.20376679587137653,0
4.182641457704968,0.2739350368902076,0
0.9679669411835561,0.24025060741455562,1
1.9555230409149864,0.20631449641691957,1
4.562362410447483,0.23550281905658585,0
5.105288835231123,0.38293422262962296,0
2.8585688165510748,0.2747493681294754,0
3.0893165619269327,0.15472065689175435,1
4.5167060652881315,0.22163243702877086,0
3.26359685402164,0.18211039816905608,1
0.41299028132324844,0.2734103360043461,1
1.3740519507196387,0.2427740905585094,1
3.47023988630333,0.17686107895978212,0
5.430964832995388,0.2102183589804561,0
6.231964848324095,0.0679258287941653,0
4.5590588415429005,0.2640053203110633,0
3.5745815220727275,0.2653560239755424,1
4.497627771964954,0.5789009371677981,1
1.6664982995862887,0.32189391471758466,1
2.6935380794835715,0.24921328001017748,0
1.3517385573210468,0.03823166822733877,1
0.5025147785845769,0.09468334081645645,1
3.66709802327241,0.45414006438003734,0
3.3710266131694873,0.22215133437442686,0
4.375304969018026,0.22771849751209974,0
4.092223661784894,0.40449295002975016,0
3.485288542647724,0.33264789043273546,0
4.113233331355109,0.20579096169564112,0
2.9146338075450466,0.21323667630188087,1
3.8257827904448014,0.24777950298629814,1
1.5477111946272808,0.1634510532735272,1
3.73941185127826,0.19219183721708907,0
4.336835370572019,0.13114378260239354,0
1.6606371438555938,0.28344712496995605,1
3.1036641979856934,0.2940579546750695,0
1.7527949807412808,0.03792987388841051,1
1.9469866069677702,0.6072950956635161,1
0.7501412897956907,0.25102052265012864,1
5.531549850333111,0.2882994700316696,0
5.131370349440095,0.11266070553529034,0
4.074867708454674,0.5026430504631519,0
6.944391903887627,0.31637534372746984,0
2.6215086068632165,0.36075363436077584,0
9.063524830221269,0.2069274663322101,0
2.5449411692735593,0.43531908695636423,0
3.510386703512033,0.18139373972497225,0
2.2044441721195835,0.7398693204807921,1
3.74465112012061,0.06732609634855073,0
4.671229855772489,0.17823483228548725,0
2.772167213893832,0.06395617930040408,1
6.553439694235241,0.3848617734453691,0
3.4782985692669213,0.2955673415544793,0
3.5409707722203985,0.26475728158810197,0
1.182004610972565,0.37983715230336956,1
3.836998149100769,0.3199304997402189,0
2.731945558381269,0.2987627221770955,0
1.7835205413254263,0.4435601837448316,1
1.4470511837032722,0.07359051380389857,1
8.34352675951337,0.4438986473761759,0
2.473045499641929,0.2601565629470411,1
0.08602915843746439,0.5283179686428624,1
1.603557080534855,0.5044014941660881,1
2.896864321047573,0.2934722415833429,0
4.09333406523297,0.10667369950206866,1
4.1095930434506265,0.09660679248313901,0
4.353229103553051,0.0895896517524875,0
1.7102793867253407,0.4815439334873725,1
3.6808808870030907,0.39683111589979836,0
1.247881071778843,0.16699680298735506,1
1.7607140339719767,0.2289065556117836,1
1.164582050999481,0.1736826801736045,1
0.623222290803461,0.2429987331070518,1
5.128418977716017,0.48974078913401187,0
4.377223401957775,0.20918431240779378,0
4.95333073995626,0.21534555709701597,0
3.078626132048593,0.04864092765527942,1
4.553615397730293,0.48454291708076214,1
-0.5225788092850898,0.31213776010577254,1
4.72617503609071,0.26301052743588593,0
3.3542396600100606,0.4960364399451042,0
4.254219200298332,0.38981434258151015,1
3.7600465980972264,0.14385848133378562,1
1.0258896909262267,0.1828578857381581,1
0.003920449217906796,0.23405991400231396,1
1.5758916676340735,0.06506689172364656,1
4.129834562545824,0.2946349309671632,0
4.38018283035079,0.5070159106347719,0
0.2641154452362744,0.07840253654262641,1
1.0378012650635708,0.44554653107983905,1
1.5535286281183214,0.31228386164006683,1
2.2853898794663685,0.29042439918985663,1
0.27589833829469557,0.24329697671498637,1
0.15589646771973475,0.46543976177195123,1
1.3563294071848921,0.17669050199945413,1
3.172507672450011,0.25641808049422454,1
0.6388113204930188,0.3693239437570185,1
2.768392980056468,0.10340630550974313,1
5.11710563228363,0.32514946868324063,0
0.3964405251729799,0.6110174036940488,1
2.587108483178921,0.16507136244502618,0
5.049513467501545,0.39327790198970086,0
2.1634632192723813,0.23331318565229311,1
1.8526606182831622,0.0937634538293662,1
5.326991628612948,0.48195734371590254,0
2.3875958420569043,0.2290055601420479,1
5.208990050411136,0.10007470632206902,0
3.857930782254398,0.477310286655607,0
2.3143106941803264,0.6213895094847895,1
3.9593810611950606,0.5319624425750412,0
3.6408990276920754,0.2381931937862803,0
5.041765642004949,0.2737131388398624,0
1.903308924269963,0.4280467839550712,1
3.0824121335632393,0.3461643080049418,0
2.876968640790725,0.36568448017305566,1
4.40829628327957,0.12966241186736208,0
0.9496416111116486,0.19778424087421528,1
5.033954096475712,0.24645070225152882,0
3.932657544340833,0.060816119078488974,0
0.3661498527341074,0.2865798352580225,1
5.416525650961001,0.22422002672135058,0
7.468186161595463,0.49146883519577245,0
5.003667939098816,0.6238209593646391,0
5.853969534452938,0.15439282646739766,0
3.170742763205176,0.3587727302814763,0
-0.3230098394770202,0.12625217662981875,1
-0.6882409023350498,0.21698603425123175,1
3.510164087735517,0.24874892209999117,1
1.81604238454004,0.1711431958523121,0
1.1708474433452973,0.2351213499592651,1
2.874506632062649,0.1537214796579334,0
4.231170575722576,0.1671565619554807,0
0.09448490647570562,0.6079471947857042,1
2.1022447594392304,0.27665880929415215,1
6.0197413662406305,0.3682819579838164,0
0.8494232395572507,0.10731456890661469,1
4.739522374329913,0.2601240196853601,0
2.030538476902012,0.10233127489363188,1
4.091587519699905,0.5184258587048138,0
5.194655014405734,0.43706939031276876,0
4.482563533970043,0.11117883191292062,0
4.818319204427753,0.23003134207192277,0
0.6968129331840878,0.25205510650169327,1
5.227319413482597,0.11343982725540828,0
1.2946137707303602,0.2504225255692223,0
3.519083531143077,0.521343518899766,0
3.5164923739944536,0.2609313914454683,0
3.9702451177391618,0.41177205016995094,0
3.673913352120381,0.315578603181725,0
1.3123800429505537,0.28425819210733666,0
0.3002651754085677,0.07450414755619836,1
4.744697359923537,0.12664998782892084,1
3.3716691550378313,0.22695527747449673,1
5.298753681915636,0.19499694549848248,0
2.910534131624264,0.5975280095503812,0
0.18967127864607924,0.3626216694791563,1
4.932259362008212,0.13756721649022574,0
2.259258780677786,0.5012665303090447,1
3.6840069148420422,0.3980802932585535,0
1.7050811430409616,0.06704812335927597,0
6.288603420467381,0.2604835523719859,0
1.2468703516336062,0.5581545668609915,0
2.325140491787651,0.10702836801729822,1
3.2148974053946326,0.23827122854287022,1
0.8156353458260837,0.5585541473475576,1
3.6610390571751905,0.3649068823713057,0
6.223820954934981,0.1959783309980287,0
2.019075678612579,0.16503321389660822,1
3.790285638063451,0.5897324877564605,0
-2.498870772077111,0.06292021986819536,1
2.9221415990303186,0.4542845327364689,1
2.373915428147589,0.2484829425507764,0
1.3630047951792301,0.37807220684968557,1
5.162900939257064,0.3301685086456145,0
2.347512636752344,0.24041229935598915,1
2.6450450258128253,0.2316028682693892,1
2.2456142504218577,0.48675256899904273,0
-0.833631743530153,0.5139235563217106,1
0.7360271198460779,0.08174532657098685,0
4.922186972240432,0.4649919613394453,0
-1.2199012937599436,0.28708184589081875,1
1.4673693007685888,0.33941544139254043,1
2.2005598874204724,0.3057460236996011,0
6.487243734583131,0.22552964518985688,0
4.537207530992738,0.23555168506646,0
1.885658945893801,0.04862737257094334,0
5.609027394231102,0.4788707217217166,0
1.5189683589977607,0.160756773951778,0
5.018199607468011,0.3842408929608466,0
0.28224550815396876,0.2013242437365848,1
5.146515663578315,0.06597927169753802,0
2.1877327090580287,0.45392228860582323,1
0.9429915181174606,0.37509707888207827,1
2.565712773847372,0.1840228145943735,0
3.55468835944043,0.2921916016883307,0
2.0105031389485757,0.615218184897336,1
4.107907011990648,0.09507369432114636,0
1.834012232671865,0.3609233768628603,1
4.240744787862716,0.11244499562680382,0
3.884444124073199,0.037988785062086715,0
2.8781538905841297,0.15288053194166998,0
2.1172353752681,0.1349117135918631,0
3.3030815915305323,0.4795072054235984,0
4.100507486067398,0.18590621494498882,0
7.123598305463217,0.2074380568211775,0
4.878840843596362,0.24539953185846342,0
4.951979899631683,0.33734724430253826,0
9.177024389720568,0.43631722350672036,0
4.0319169535356885,0.08995673429680288,0
3.9692870226234045,0.4031995798712055,1
4.408030148643308,0.40889383623591846,0
0.9820680448234937,0.4329395691470005,1
2.1121967271624875,0.38644042270741985,1
1.987661466615332,0.07038672863759886,1
4.295227954439124,0.32847767628213026,0
2.6516508755576025,0.3949557633770008,1
3.2764468509486058,0.3241326438848209,1
5.174909240296929,0.0516300560472387,0
4.726301477408278,0.13174511419564264,0
2.676557993917506,0.17517631920698956,1
1.660009806243555,0.6030308359111455,1
5.270549463306377,0.44586431057577175,0
4.547782361819731,0.3985831136955292,0
-0.2125136365907645,0.2625749804095119,1
2.3736921221834386,0.44487166583574866,0
3.331030924033525,0.41326740437782633,1
4.557659434242063,0.35074481187959283,0
4.820202989879542,0.5787674341172013,0
3.567812002350947,0.4571061190440403,0
4.170495062717712,0.47518133411106944,0
3.1282736047563073,0.2604479191543013,1
1.6522966236388787,0.6595283729070657,1
2.477471217917492,0.710244498324795,1
3.0379823732802165,0.17711681840719956,1
2.93064149996282,0.04648986222712529,0
-0.7711458088869412,0.49928050519494555,1
2.205033330141138,0.36135804882443967,0
3.112411306178304,0.11702702494465893,0
2.437260016188598,0.092536617118163,0
2.5063524089768285,0.2721254002610296,1
3.9759827416091746,0.17376363046492188,0
0.8420856259027323,0.27571904494860117,1
-0.25608442790242236,0.44307355289024125,1
2.3036604183266505,0.05336789710406269,0
4.528228811003579,0.03147429534219818,1
6.3751060789732765,0.2350006563730626,0
4.56425647818948,0.19771876890772352,0
0.06347248026230545,0.38376504491875074,1
2.5352655212464574,0.10362080764621259,1
3.513268762163059,0.3450229841179756,0
3.3551822338471844,0.33711232810357716,1
4.078609105885748,0.4611868193636041,0
1.1659021070784785,0.47413115979835563,1
3.1298861751014853,0.16730827154353775,1
3.840645659552258,0.3028114363361348,0
4.651341906607319,0.15785953402712838,1
1.388563666774416,0.24775854989713136,0
2.309686265514204,0.18363324519826438,1
-2.4076353601466804,0.389358262511815,1
1.7570760648444517,0.748306127872014,0
1.951170214057914,0.05684786341376276,0
0.9608309836651139,0.4380317262568576,0
3.3312243004653035,0.302516734938501,0
2.8881091359094637,0.37368695209734115,0
-1.5184277551552228,0.13721125785169494,1
3.431015938603513,0.05013501985010281,0
1.1433517384219452,0.16754282497770892,0
3.9713779183810303,0.15413758331676722,0
0.43629750454266913,0.5239325866934936,1
3.06001307706188,0.3514010497328664,1
2.4336733422269883,0.24766442566874797,1
3.606203769900661,0.2651570954574222,0
3.2493945553026937,0.5785739463065918,1
2.4896716499570912,0.2872838028252983,1
-0.07254462808848938,0.4063833710623654,1
0.04558407307793688,0.588416908361821,1
1.832226121815562,0.42023987459342654,1
2.983440232140826,0.2641234848869862,1
1.783504105601766,0.0629379030896329,1
4.250423861158931,0.12871258179705064,0
2.4415581615766326,0.11596681808435504,1
1.0699745504409794,0.3608864437723091,1
2.4438074140241812,0.5036759674879758,0
3.4517196726331045,0.22600693248683662,0
3.649769437649169,0.12071339141119065,1
6.756758263986258,0.31779613496317627,0
1.6621813199931612,0.31739983480222356,0
2.853042676819199,0.18073402458470633,0
3.852247893638853,0.5563744513184589,0
2.9531540815983695,0.5454857951049179,0
1.9987637080226937,0.24117932248091106,1
-0.09851435268848707,0.30376068592883465,1
1.9783308818939689,0.21992091645992645,1
0.852595174564398,0.24391254710887406,1
-0.4532133622475567,0.27151467532048396,1
1.408642316658827,0.11129667801331021,1
0.905816558467091,0.2492439187551029,1
4.167573090585896,0.4144604152121364,0
4.2021836748285875,0.09972397692047268,0
1.1922414208382504,0.07637829546022422,0
2.4795427388737576,0.34501072111712233,1
-0.7164853242250708,0.054038879391041475,1
2.0113200996346117,0.3550748586401424,1
3.7979638014046913,0.2525050608008976,0
4.649875779228205,0.2614189703761838,0
1.5739058366173724,0.2665477599800736,1
5.10370972105504,0.022032310818885233,0
-0.0313838430269433,0.26152078126160183,1
0.504744401712415,0.12024066407573056,1
4.419323731275752,0.32877204484767314,0
6.342242457126495,0.2822999060570405,0
3.986863976367391,0.20729971772971975,0
2.919315226931975,0.1950989321510855,0
-1.3903674930444172,0.37338719803715675,1
-1.0448941120869586,0.5982233178010951,1
3.258819073791738,0.40329000886361044,0
2.283874660857651,0.34908382754502876,1
0.7883296356957641,0.06178654596447165,1
3.1310651616601013,0.23518695189186634,1
3.2302627350156192,0.4078862420658304,1
4.888831737080546,0.12170546840415279,0
3.2732045660254014,0.191304487328899,0
5.456788736668769,0.5145868414988317,0
3.015988059097627,0.23667781909834423,1
2.769330010385328,0.5878944931564427,0
5.1286243724943645,0.6864798318958918,0
1.043118239917131,0.4597013261725818,1
8.628894906532324,0.09890214739208052,0
3.750514956333472,0.5637141317860954,0
3.761658505675346,0.08075016028232188,0
4.050191947945195,0.31584563542685595,0
6.754272950663285,0.22715262047992496,0
4.5850148233452135,0.24783832818122695,0
-0.2101119580078472,0.3744320158193406,1
5.806940769535009,0.11186011037826822,0
2.3182068411099657,0.4706915062666977,1
3.214310145678647,0.15753601323719954,0
0.44149205564946703,0.29058013826404605,1
4.0524040362477916,0.06256010188447167,0
1.6972514198648956,0.16871820034116403,0
3.2003392759869476,0.11841280460705128,1
2.431801989278434,0.16958892894653568,1
6.850025603471703,0.20046092810170915,0
6.964520600291179,0.16679339938553628,0
3.093026340429483,0.2669106004106875,0
3.1279554227377093,0.037763482181543295,1
2.2531140673009697,0.30944961056670545,0
5.212012583005572,0.1462984212585884,0
2.342160259333246,0.43422981397754334,1
2.1573254507086013,0.19369511312605345,0
4.957185727329929,0.32668502014857353,0
1.9234018093667011,0.11509015600520336,0
2.9244899311029386,0.38598143948826863,0
-0.1626215630219856,0.164210068018102,1
4.408380690246334,0.2555725932988775,0
6.881733878363738,0.3314134264914008,0
4.442450745599584,0.5386786255191727,0
5.92359833509461,0.18075762404126938,0
1.3077957276453382,0.12482935311759799,1
3.4726485640564015,0.2678120802620141,0
1.1136801512612209,0.15949975315153547,1
2.5444689088373145,0.4700977367264718,0
4.544422954705009,0.0725677115594724,0
3.203641226206597,0.31404979785912823,0
0.1747179547975568,0.2648746166692037,1
0.36994178892449314,0.3293747390423041,1
0.23767213701845247,0.22964737253979067,1
3.9829051798791806,0.1355310555035837,0
7.1277890713133365,0.16623827528619498,0
5.724916488000426,0.08130411372708073,0
-0.7919703982921287,0.2560747051811832,1
5.842151876139567,0.1951835852113659,0
4.872800834029294,0.26724660881194506,0
-0.09059989105751542,0.18287736395588033,1
2.393596766579005,0.21934080213798954,1
5.1910448229916195,0.40676904458130564,0
4.10086702186957,0.10139473780154128,1
0.38180989522402875,0.3199317827156407,1
4.221484311592389,0.43640660588517294,0
-1.2750011921611755,0.10148697199670864,1
2.5543556484855774,0.19492098225745663,1
5.275913538800097,0.27961680259963334,1
3.03678843114264,0.7323508898745585,1
2.002124900076108,0.04541998229453745,1
4.778692507544698,0.047968110548042016,0
4.949503630173163,0.5539995673290009,0
5.6200793857339,0.29461560384633856,0
4.748684856892774,0.09478921239855499,0
5.162749587874293,0.17338027363292988,0
4.465817114875069,0.4308920517607051,0
3.531057298232944,0.08899084762219837,0
3.179017999527628,0.24681862387271847,1
2.525480561805196,0.15207922935388668,0
0.5752634138805486,0.11836949704217412,1
1.0893769823603825,0.1530995172273894,1
2.4359710361295805,0.32256291398069836,0
3.4829043192048585,0.2089366228417103,0
5.881625196008526,0.41715214885440355,0
2.916405544248975,0.45071043157748547,0
5.006952581755328,0.38261916243574207,0
5.158631312864241,0.284121143769827,0
2.537106404622418,0.31280346197318315,1
4.189380422740368,0.1503827284168355,0
2.512943916550277,0.5987439504932804,0
5.644271788156954,0.33908794583605284,0
4.271686676531864,0.30479275222062124,0
0.6190324906232894,0.18930250398820433,1
3.3230493043076934,0.5697063986429575,0
6.29622432364776,0.1979707398528009,0
2.6375379309065976,0.44949787409414405,0
3.895430060190136,0.35870076352904934,0
4.0917576754782905,0.35632997084691276,0
0.926754201670799,0.1404181864340141,0
4.021415898427028,0.06415729527604268,0
0.21232969593074857,0.5142482748742063,1
1.7487517871972078,0.6831124175072197,1
5.151445934988384,0.2279012232119195,0
3.713512580616716,0.17104102185962192,0
2.3910443845069462,0.3508482761442375,1
3.8929220424903748,0.32672899846455977,1
2.879815504489737,0.5290597763769884,1
3.0251570047036664,0.11911743136337871,1
4.313637053440275,0.23485206025666777,0
1.5452645186817362,0.21647253730314087,1
3.0806728111093813,0.049137186816193744,0
2.375463610786694,0.08431290648784817,0
-0.17120674920051115,0.16566966820686146,1
1.1590884875014005,0.4603992417167723,1
6.136412894127664,0.2307825160444957,0
3.769446629170468,0.42710646863351215,0
0.35282339719722167,0.2995825346168806,1
-0.08070875169682123,0.5087754389904696,1
2.7756721997788323,0.01287186797144444,0
6.1223730663529645,0.10253596678502054,0
2.626483730391295,0.46465582942644823,0
5.613999106808032,0.2713559761629675,0
3.703861541637315,0.3685007764112424,1
3.942500915691787,0.28274819300983345,0
0.32855898139086115,0.36012954394949537,1
4.875045843499516,0.36113938317210353,0
2.330135925452786,0.34277436285636376,0
4.726184907221817,0.1224044763143979,0
1.371660036027774,0.07619953492263593,1
3.354098695019825,0.0897558835829135,0
3.704005907875263,0.4336766474106621,0
2.691933366848267,0.45099284400890716,0
3.8090903861723135,0.5097132968537009,0
2.4672058496149827,0.2054013479139026,1
1.7018804939174412,0.42345696514619047,0
6.210966765587929,0.7218465158550119,0
5.097905732722884,0.5889083074162365,0
1.4782705099036464,0.15001103191594797,1
4.136888611189226,0.1774299087033551,1
1.514642290597694,0.1917954862787512,1
0.6306307126753516,0.09712473816224679,1
5.0676188827979525,0.24250909230253626,0
-0.4081992512948114,0.19561112535229194,1
4.853711827153083,0.17445091824413625,0
2.494555374853883,0.7854250749581043,0
2.5769067938389427,0.23472311607451418,0
3.8195024392465795,0.688648022814238,1
4.162397623988505,0.2569487646956375,0
1.3473136463421835,0.3085117109170958,1
4.435451217500127,0.3375020394534785,0
3.226741076050447,0.24906772302697275,0
0.48789041426392377,0.15694675989441642,1
2.6602510328405216,0.145229348540018,0
5.762558031117852,0.13321823117700907,0
6.353189596491394,0.6006239683734172,0
4.434696915217355,0.14354742870285733,0
0.6193130236632598,0.5802662338931328,1
3.9812138049117767,0.483021378433262,0
4.7017218077183855,0.3295385978103041,0
4.451415966637445,0.12790623880841898,0
4.569908577375836,0.17213737273875745,0
3.7265261584950617,0.21382766533516376,0
2.8551753223389125,0.3985902582138931,1
1.7832650081919632,0.38106440985576545,1
-0.7958710370029927,0.03238668692971835,1
3.679283533426702,0.1923534234527378,1
3.3721056873043773,0.18841018862560022,1
4.115151685649632,0.19155443867962724,0
0.32491261341421174,0.4887805003908468,1
4.29003337863012,0.23921611131995926,0
7.109090189241554,0.08300715143801807,0
3.1569002615558226,0.42199990705257034,0
2.8766693615869183,0.26422328200860984,1
3.618004712171402,0.5375478801316885,0
7.064674049420676,0.33213264756275784,0
0.9527044766002182,0.2710574239749812,0
3.40641386678781,0.14059724482947306,0
1.4006851554047117,0.4964293717920949,1
1.90599055831001,0.35697038890115546,0
2.9008193842361214,0.21664449956953705,1
5.6946464832271175,0.3062200852613203,0
6.601981201377473,0.030106097120908705,0
3.896284289253413,0.21664404350394775,0
2.246810553953029,0.392180651461691,1
7.985477733277037,0.30292618415748385,0
2.1448910373409595,0.29892618964687806,1
1.8577281712805254,0.34226094136172946,1
-0.5498860891574537,0.4123726316111227,1
5.792183138489487,0.33202922502732424,0
4.936491184742588,0.31382764992037987,0
7.835611072232892,0.2518851473358801,0
0.22095329556374832,0.18473687629820737,1
5.916341614958219,0.5041264574104495,0
3.140271036732255,0.21917151408304553,1
4.612200433600273,0.14986191695229767,0
-0.2955542822089421,0.1783988179344203,1
5.936163645330595,0.14623060691955297,0
4.573033502663661,0.28266525042275853,0
2.922179930427565,0.13607123223563175,0
4.290225375322243,0.24602755659929496,0
1.4690093979155017,0.537861413123442,1
1.8411198288366013,0.3271194740712654,1
2.0731107727492075,0.26514747479487183,1
-0.7054557233805561,0.07133170323941855,1
4.723516988406734,0.3002627912367856,0
5.3831872283651325,0.01754839739955148,0
1.5973117004723167,0.42177414822884834,1
3.6964060318896377,0.05418610238357139,0
2.4689190507415275,0.05783315070947982,1
3.656547924162061,0.3206388129557004,0
1.7448455175779416,0.2648806030398495,1
1.2331496878247283,0.44285547189536445,1
5.104149772047485,0.432988461336674,0
2.872258829751015,0.15167209185226896,1
7.0442179017069515,0.2583644686166419,0
3.09261992958828,0.22287117906773643,1
1.1478439192990155,0.5214101450103596,1
5.453881752871878,0.3242930783176119,0
4.261600328292039,0.21081938227937225,0
4.453745727392847,0.2325380263473423,0
5.381201357735837,0.036603861585421754,1
1.694407412308411,0.5569215394148672,1
2.7454933820294247,0.6285035320828617,0
2.6571003370244135,0.610967549993081,0
0.4185069261687633,0.10753744456663618,1
2.4728196996835132,0.37771854070708993,0
5.672758915753649,0.41589996601329593,0
3.4746762075876942,0.4273020371966228,0
0.30787734431002445,0.1899065144768371,1
-0.11167882332987,0.2969761419876771,1
6.329552117496543,0.26757443471922415,0
2.81936197948974,0.4083542181250734,0
1.7051795885967653,0.43805747759972363,1
2.4520164702059937,0.17039680185439823,1
0.045384491365335844,0.12206325695564696,1
5.84619029902324,0.36861948564625857,0
2.2138941248279407,0.03334164837934118,1
5.734803055476844,0.4745719871611795,0
3.1033034288946304,0.4140802394402836,0
5.85906394913688,0.5218431786553257,0
3.513388998086171,0.25542320097696225,0
4.706465325738152,0.24624878823716165,0
4.438186092176673,0.23735551894393425,0
4.246582132503941,0.2752544021079313,0
3.6958689543654213,0.1800286437925951,0
2.5342985677688303,0.23406854065123073,0
6.83086938314572,0.5152662926198646,0
1.1861260298081986,0.5983911784997525,1
3.0086152846863192,0.11227626850573853,1
3.029771750415191,0.10179838126100137,0
3.804881506687043,0.6822052966227952,1
2.141054708210998,0.20057291567127028,0
3.6294926111791757,0.05308567315738159,0
2.6623148295940675,0.36394637536388924,0
-0.16390503487579844,0.19836502975056813,1
3.019104572513693,0.09552112622738211,1
0.7988693339396966,0.2839864764308977,1
-0.46877152489780194,0.22330891558544005,1
3.2737466413787697,0.3065835102386947,0
3.975766684039133,0.115429057931574,0
4.053396084209153,0.5357659843872772,0
4.134341414039389,0.38656465904357146,0
-0.8651780418812209,0.26600464969224397,1
0.27796614418506094,0.32411908740502543,1
6.947042873627342,0.29582150142859975,0
0.9055824798459278,0.3234836848806317,1
4.221682062273378,0.24224397404542625,0
1.626124756668308,0.33809054176491304,1
3.159345478535129,0.3426993245136369,0
1.7334915954528118,0.07343830871025561,1
4.123082309239289,0.3116006987594885,0
3.273548234633398,0.35014788435242816,0
2.103420452711533,0.2665555189682524,1
0.8996557606385793,0.21164376564132512,1
3.535548394985022,0.46323774251569083,0
0.5745624019148199,0.030821099771047075,1
3.854962084241677,0.2481033224933022,1
8.252969818073801,0.4289728422060265,0
5.700340102524024,0.30595623896264396,0
4.436695773788326,0.07430384259419744,0
2.8287854045177045,0.21689326432662542,0
-0.8775052540070507,0.20721229908170224,1
0.3554272081996315,0.3111220259082738,1
5.5655857122054275,0.16649074148229379,0
1.4204878397504404,0.24687281320691368,1
1.6014958036719067,0.25846561198039625,1
2.6686990486319573,0.21440054670304617,0
0.8759074823068906,0.23738021715225446,1
0.5464625308967275,0.037165136938363055,1
2.899051854437156,0.03506943655147621,1
1.2169410906559275,0.16883120935657528,1
1.5179628404422103,0.27718871006828333,1
1.437617947705988,0.676308020230542,1
4.0447204276689375,0.36785357843844685,0
2.5357486190092855,0.4227822793991845,1
2.6428560642122925,0.09024674910434846,1
4.193891794617766,0.27926377922013146,0
2.71592078353412,0.268684968361959,1
2.4434924630856543,0.2146046294901253,1
3.940900711140342,0.17100123892739053,0
4.336395687115262,0.2919130766073185,0
2.7058530009827915,0.4291177821643971,1
3.1612155512410434,0.09403592735699834,0
1.436419540533344,0.4899850185154522,1
1.278633913670949,0.3255985859331128,1
4.538295003933616,0.20027391497468,0
3.8898841250892433,0.12756446237852703,0
3.9105968768331523,0.3325192043974206,0
3.5617086974510443,0.09214749761530444,0
3.092406551629907,0.3119332729561206,0
4.392823781645538,0.36298407361714263,0
4.870217522045568,0.021964769221836378,0
4.822456010381295,0.32081621382176173,1
2.7984441681080265,0.055346472263422125,1
5.773985459817676,0.012551373240796292,0
3.4569213634646423,0.221550922269231,0
4.264752385131597,0.2914998433733758,0
3.5641757816697597,0.25052153333568616,0
3.4940134149683484,0.3371158919595527,1
1.5284960194993606,0.4880151219812456,1
4.402701676689652,0.49326184766661296,1
8.690588789815278,0.18935522424957474,0
2.2504098504198335,0.17087754931041063,1
3.1419894308498963,0.17651399194698603,1
2.1075894713054755,0.12299985851919228,1
2.023960196876131,0.26744805805347127,1
6.088898956237346,0.5171176971251066,0
1.6540579645450706,0.48655967931569005,1
2.0518390532672774,0.21669757054084024,1
-0.1749856474626026,0.13998803831471449,1
1.4847765509155053,0.2219589660974764,1
-0.4167997859066954,0.30373983676098987,1
4.263609398423858,0.3242243246923732,1
8.599394443674619,0.29474965638833706,0
2.266642412698956,0.24815206817051627,1
-0.33351586598047467,0.2742379058950312,1
4.7999993288594665,0.6483593285324374,0
1.5461500821396863,0.6609984448448976,1
5.598693861107081,0.22708520557571707,0
2.4359419044201105,0.219666657905684,1
1.7363686218344385,0.19584426858620624,1
2.644084888508627,0.5575951475499429,1
4.515553521872374,0.43223663538582935,0
2.545158738488687,0.0897618596953101,1
2.006550594412589,0.40504893238063494,1
2.602336794042256,0.5093548304961372,1
0.45628963099823006,0.4851977112468169,1
3.7940632045879603,0.13677069714843373,0
-0.5734531876898203,0.33419226064355584,1
2.111757091268969,0.18969553338053974,1
4.518770417661487,0.20053018217541685,0
3.6060965658654336,0.1840623442648992,0
4.18064114597278,0.05593343870856527,0
2.8699086545623818,0.2810741579080496,0
5.3394923619710335,0.26576952843407936,0
4.849398393539584,0.28930974043029845,0
3.892282008495349,0.38566789052709355,0
4.855091554627086,0.4830923898385048,0
4.500847108807154,0.04894684271570474,1
2.1210729733062195,0.11311825716420315,1
0.31220217661733285,0.14031408942269544,1
3.8407242516852476,0.5336742701999219,0
4.092178461662858,0.3959338550590129,1
5.180943982277131,0.3075541882758564,0
1.127357449909413,0.2672783560711553,1
1.1871378814456734,0.05102060017387886,1
3.9198005326155405,0.38482334472272894,0
2.857666022293827,0.26570124693695274,1
-0.7715232211422562,0.1002801331103118,1
3.7502163275083813,0.19419945653170936,0
-0.7048458299779092,0.09953328488201084,1
1.1094868962532476,0.3746586238331881,1
5.703362745720215,0.2111345488513562,0
6.64975803561423,0.3153235622750632,0
0.5686872630560766,0.42224202958107765,1
2.3412169251746113,0.12446400728773525,0
3.085245046157412,0.06033341098945201,0
6.562453855163136,0.06068734263048069,0
2.014262104351197,0.31946549069915353,1
2.046231953933444,0.5064178433998526,0
6.097451116925724,0.3369183911097749,0
2.250421694563484,0.16795501375373106,0
4.444403417932915,0.2784897290569817,0
0.04571406977514503,0.05424006351030597,1
2.6575345118153475,0.17995044844429256,1
-0.3191936766528092,0.534460793385805,1
0.8891324380885912,0.2155006560204575,1
4.6784027103045265,0.32749367616646596,0
2.9001892178265747,0.6589168321749836,0
2.3617885188940506,0.12582991549664133,0
1.5025007520381648,0.425489269868876,1
2.5586878535174344,0.2283671332309734,1
3.6022263342013874,0.17211732468137717,0
4.965832412923524,0.1223401932701372,0
-2.2502933681936046,0.35962464858599996,1
1.3364776514743806,0.062381349851495495,1
3.3181924843780113,0.07009537941990088,0
2.802273768075428,0.1255010104500053,0
3.80675248505345,0.3720553477774666,1
3.535080572253108,0.18720542722615463,0
2.3902642740131856,0.14657619935111865,1
1.9462936080256459,0.45098444439568747,1
2.508997020528998,0.06220598562767598,0
5.297484699645485,0.5260409861645668,0
1.5359841341885712,0.2660377504219923,1
2.874386553712089,0.20401305260808655,1
3.366684427996842,0.08872938941885343,1
6.120701859748916,0.25893081240479304,0
2.3993834835273735,0.10571580276352016,1
4.917613312021922,0.44845073153941556,1
5.463958806530044,0.33280215638621197,0
2.8724914700187036,0.566930256436327,0
2.578562041846475,0.13446901080295348,0
2.3418926559035675,0.08713525106793304,0
2.4883537315148354,0.10463282482778442,1
4.708479721153665,0.7202414418932843,0
3.4620199545110277,0.2888224701948653,0
3.4705794183397387,0.29209684582607254,0
0.7495529792403302,0.21970753303114773,1
1.065019845249531,0.4669895790564399,1
7.28689364955396,0.13242048653269933,0
2.6443485494226207,0.25176439026758196,1
1.4504560088432796,0.30912531248497255,1
5.862198331178595,0.43696358280005776,0
3.5636170973671044,0.36537760078744086,0
4.156309833729043,0.5662321369929668,0
2.7239058494369326,0.1249819505522993,0
2.3626538188463915,0.20014332073842175,1
2.6608272550054193,0.4774446786985649,0
0.23452365940274644,0.2688175524879685,1
2.824145181160205,0.39556401834207594,0
3.5920661540852348,0.2886350611664806,0
6.700926467687507,0.30146608338423686,0
3.171998130010431,0.06937437492522255,0
-1.66835408442061,0.34867170717195284,1
2.812029134430757,0.3394676565533225,0
8.479008266216612,0.0963759728410173,0
4.732732469970079,0.24296288368033647,0
1.3782221123828227,0.16030362219182984,1
4.1822130288611135,0.5900721734536188,0
1.5159731502205194,0.20068134561979029,1
0.29238496090628496,0.053226515074882505,1
2.303261273531856,0.4585326030450607,1
3.1830528784777226,0.3554171497443581,1
-0.7443110048667916,0.19710803925994413,1
0.7016814189227283,0.2788510960969513,1
3.0206711263647095,0.3242272906997123,1
2.1836536480220916,0.36371602181626417,0
3.7896225422921814,0.23398361063296058,0
0.5706633453828771,0.33063980036534624,1
4.428227497106601,0.40742185459128244,1
0.63248180587961,0.07962785050243737,1
6.28546860387526,0.1087041734058676,0
-0.43151656875663313,0.17150365111398685,1
0.8148914592331749,0.07624939004902224,1
3.8347416060636585,0.6196746859254506,0
6.328466502995276,0.10631668246814836,0
3.6300860722323414,0.4323336517140778,0
4.125715840364782,0.08540628936598725,0
3.035073803346117,0.14678190849848066,0
0.9472030917696133,0.4110217523395177,1
2.0197233035212414,0.5099206742871579,1
0.5761805600374466,0.09250283391978528,1
0.44258006444625675,0.38599490514311025,1
3.803497838639493,0.057379482907979174,0
0.7536440358240766,0.09178214859701661,1
3.6391080134467226,0.451723856786902,1
0.39635449555780466,0.5856924772358848,1
3.592766040233509,0.4746467857201411,0
2.022634862074075,0.4400950199025369,0
5.813231067301289,0.32447085660207997,0
3.64743779115813,0.20782281481731957,0
5.4715657859882825,0.5175929535229444,0
1.488706567149615,0.34451054973698125,1
3.1122866804883347,0.15130035984852147,1
1.0378256837674433,0.09512609066591153,1
2.1727895145111638,0.14014653435234103,0
2.475791554510742,0.24246379860490805,0
1.5482835586257215,0.19867807139592789,1
0.5689942823086098,0.4189950173865596,1
0.17296535269469437,0.11132113482573239,1
-1.6794962314147943,0.31648951955329124,1
0.8873070729930843,0.04176627041980697,1
4.254987793343689,0.1720080024983173,1
-0.19699706402656592,0.5045780910923896,1
0.2637543074933899,0.14987934291973398,1
6.58179714246583,0.39386521368749733,0
1.727007900303492,0.07442173278115959,1
3.6420920183296714,0.15286170729345203,1
4.284634293000989,0.28509224636354186,1
4.32505225956256,0.44236460877522876,0
-0.04462846121611941,0.27855019253456825,1
2.5378806402010197,0.3170430519574111,0
-0.23645453903678426,0.11384888292221763,1
7.892635717820647,0.28147210781236465,0
-0.18975052803120018,0.2877870003348428,1
0.9043195622603597,0.2205005354553628,1
0.9187982903169907,0.503963749930805,1
0.006679046554239232,0.117321259266118,1
5.705187819513091,0.06411611402949417,0
7.844895802166992,0.3100758572529058,0
2.0485017613747654,0.40474383570099476,0
0.3591537063111798,0.25933783776864827,1
-1.4738509974520424,0.35560262136281545,1
2.511782562955797,0.5836070933750468,1
2.367269153677112,0.17119272836463553,1
1.6974077472797109,0.08638121153348903,1
3.4427505079524567,0.4143105274879068,0
3.7903462856309726,0.17799548669657372,0
3.646166515875801,0.28405879134547213,1
2.3677502560630255,0.34224730688956684,1
0.7967563408514762,0.3639014942480051,1
4.3316661956134315,0.7711763936427894,0
3.025027518843061,0.3232571746692977,1
4.776715049669301,0.07571252026392254,0
4.580151098944462,0.6922314428639897,0
0.1564758619057689,0.5434657805987751,1
0.1315555850847936,0.331753950396551,1
1.4889185625189432,0.37754816549106734,1
0.8874691834186641,0.14667870087993404,1
4.510503551952201,0.3948426821907111,0
3.7026193519758355,0.12078302875641977,0
5.198367987570622,0.25428831721321404,0
3.792973634821837,0.16267539739517398,1
3.417299163746738,0.26178170938817674,0
5.39945956068834,0.3289938991655241,0
3.939454679470097,0.06521861428140265,0
3.1362019268754375,0.36805697250789327,0
5.960906067861371,0.08639926230726365,0
3.23036176630558,0.4157835731620525,0
2.391318790164157,0.3168390537998417,1
1.3243534824447007,0.16227920127970513,1
4.4060509180908225,0.08015224206357227,0
5.474101083684937,0.38028725407727054,0
2.89882519713314,0.45697704810206535,0
5.615831247559678,0.1689453101370941,0
-0.9400300639431518,0.2755868216969384,1
2.88909325038417,0.1971156862888934,1
2.9198101757911274,0.8056854171547325,0
1.546011255185306,0.1921247709913858,1
7.767722075963746,0.27556783625915027,1
2.8676147346224776,0.5555766508837965,1
2.1845384567911337,0.16840951723558564,1
3.05192422686701,0.2956723427541782,0
-1.0056274770516591,0.28931884054503637,1
1.4802641493101698,0.34474272776833653,0
4.966479938890808,0.2084668576985184,0
1.7421092901344506,0.6958709600479708,1
1.342249674399457,0.3382801994009085,1
5.6190512730288,0.19928637716199868,0
5.680508801903658,0.11431949453977829,0
4.033980944322284,0.4058461027947616,0
2.0897653319226652,0.31159780139401855,1
2.521057869767353,0.2990536569612343,1
1.391700076850082,0.40932699303153625,1
1.0104537619427103,0.2869254123009326,1
0.9111670233831353,0.23684382847177668,1
1.763891186429585,0.17977204190660595,1
0.93055801863051,0.46982485585286676,1
-0.12741023708629795,0.3716066570835197,1
3.4388053395078115,0.11863338367136539,0
3.469191161786874,0.3554820101524337,0
6.401585516856633,0.2661372529524018,0
1.6633232632905948,0.2920793164558453,1
3.5922011792465414,0.24017214721909574,1
3.6254251585496036,0.09198737279638478,1
2.492324877748934,0.18203775220886603,1
4.4886671774993525,0.27295133032937896,0
4.550458373701429,0.1958796386886708,0
3.65482219039508,0.3353733339434885,0
2.4887205899044087,0.2391981700793583,0
2.28493978289093,0.2843406351547296,1
0.26449220240588156,0.3432012650286863,1
1.3881644427646167,0.15186119712248058,1
1.7559849521966242,0.1402013091542987,0
0.7520564751411318,0.19098655580052404,1
3.8798479333753284,0.11730594867931067,0
5.39325573797402,0.3939794623711166,0
1.1838751353416999,0.4957326591473362,1
3.566882871489274,0.11357742133526483,0
0.9317777209405795,0.5544261917946902,1
2.390155658121676,0.4264417933533458,1
1.6193408416444484,0.2781121680688145,1
4.203791297212883,0.14975188272122175,0
1.6424236523156435,0.24060013026674038,1
5.023320827413293,0.29365892298292723,0
2.5085584526756017,0.1203334649048997,1
1.7007925808103384,0.3510722572139469,0
0.4933894753096739,0.10497379327194177,1
3.5064090205906995,0.30610371358246447,0
4.79043680445236,0.5910631734593724,1
3.5466425130737482,0.26920164252112033,1
7.477663332828848,0.16610224177247182,0
5.859574904940836,0.44087193789053347,0
2.384944470565969,0.5206917225031517,0
2.3639451323858616,0.3636377661457711,1
3.9393934389707064,0.23245078826344562,0
1.3239616391486297,0.5470775443327305,1
5.332576613064973,0.1241902860898738,0
3.723201043687167,0.42679259974189443,0
3.512917821717066,0.3662749030120885,0
4.373907335541633,0.1810119629171093,0
6.4456597667381175,0.17146501261036973,0
3.3419107043750103,0.08040196605808819,0
2.7739192582572314,0.1466051004392831,0
6.017439246645157,0.13638893387182502,0
4.935100831982271,0.08168149517567043,0
2.3580403192325554,0.28586071136456803,1
3.01037289731804,0.2134364249895475,1
3.3907618318775974,0.5217489589785218,0
3.723625889209966,0.29968698486963924,0
0.2868002981217721,0.38205510105806734,1
-0.08496921560312032,0.31620983458057456,1
1.2252199559950925,0.4611428128191084,1
1.0705231139773155,0.3569764147032773,1
1.712351972054995,0.18065219462721696,1
4.269421284180009,0.3417727132261825,0
2.6621416873505233,0.18809479306062188,0
3.3927892100203767,0.04569030948245839,0
0.5513931799154768,0.12248770967445387,1
2.0767155941581095,0.27606679963891867,1
4.174515323489681,0.5155023484617876,1
4.189904916353603,0.2560133622067721,0
1.5508523436241841,0.47050421651945407,0
3.3233247727591073,0.286585493170601,0
7.397695706964664,0.3000940294652799,0
2.964804141488724,0.22317591222737856,1
1.6136261077151093,0.3776946646161951,1
2.6524752212756795,0.2917132527381402,0
3.184354215053666,0.11463491132791175,0
2.697663238618901,0.7042636184417015,1
2.9372905986469964,0.4882129571811486,0
0.11310640612632072,0.4017783525427725,1
1.0747390498280975,0.42465114348443095,1
2.701329525857005,0.19421477737577297,0
2.6694640599551267,0.3042026342084746,0
1.8676214502799988,0.07812345535956619,1
2.645972827847126,0.26395787028685713,1
3.1220297108284107,0.4384266870803333,0
4.77882691304905,0.1686545950904674,0
2.8015765295478983,0.31620275872755726,1
3.7982064105965065,0.03542747285068095,0
1.916799397132158,0.27630881068100066,1
4.144191447196964,0.3068008186226587,0
3.7514605952247133,0.3514424849460827,0
4.731634006359639,0.3109949352674337,0
4.426920924888975,0.2797880585798866,0
4.177471245762292,0.665035161512265,1
2.8031651826844395,0.48635513443446354,1
3.4898784540889363,0.3735694846318196,0
5.127017856903053,0.5423302627221701,0
1.6958508611944112,0.20897372767953148,1
1.7431844426062688,0.27170249190171636,1
3.362862795900724,0.2189003818912902,0
3.830559380530907,0.23454934143858844,0
1.351787001471991,0.4025625850341462,1
2.850474873173383,0.22779394373103692,1
2.8120024515424302,0.3122700250277754,0
-1.4305602312069414,0.361736332022892,1
2.5608120214824805,0.49477134572023523,1
2.6853643343030673,0.21636391596217566,1
2.679414114353962,0.1767389602586345,0
5.831828549154537,0.14171908902309327,0
0.5684034029822493,0.5550022035734856,1
1.3507548575907746,0.24770175574678246,1
-2.224391596638668,0.22100682442490752,1
2.0381666676517187,0.3671981414129996,1
2.2087128917479983,0.14323699232441556,1
1.9800456473314876,0.5719222126344008,1
5.21535467896752,0.23801051881400673,0
4.721235044673927,0.4456952910559494,0
3.155713448534608,0.22152455740201515,1
2.2587738929202756,0.40267362544816143,1
5.052379336213727,0.27049495801945495,0
2.9604842803282967,0.2835819980303757,0
1.3634599221630843,0.39886319549098465,1
-0.43249735496910313,0.2566651751090732,1
2.1173710122086344,0.2701473627469741,1
4.5092872343452175,0.37449171444958246,0
7.553077379086179,0.1952600468187503,0
3.123220692378952,0.4275045506621765,0
1.4692889697593914,0.31041626575623776,1
0.6300695834315722,0.16079928847138095,1
4.103909792611198,0.28929266829237793,0
-0.5292321047685369,0.15424318431317466,1
4.100690202809776,0.25609850111410776,0
4.635423212525825,0.27882007557573335,0
3.872558906465728,0.03680565236678245,0
2.5606766561228853,0.31001745036759815,1
4.129881307093629,0.18616136652116166,1
3.3418767422566,0.18244526352908388,0
1.4437523162788164,0.3351147633266628,1
6.7008246447500515,0.12856539982885049,1
2.2966412407789676,0.17731568603659206,1
4.551504600899818,0.5317627366241305,1
-1.8372285653914293,0.09477359339967,1
5.552941765561858,0.25624936883303384,0
5.937527489309163,0.18054282144514727,0
3.0596675742532766,0.3182418042348212,0
4.117542069475517,0.16117764309751625,0
4.117030363215125,0.19977403830967258,1
1.7144328607185515,0.1723140532840186,0
4.094244610878681,0.4771887614192482,0
1.3827390602548892,0.3174411823039831,1
1.7824861527093478,0.1529734637257539,1
5.253886286424597,0.08575472341570235,0
4.949315381400405,0.1633216818378536,0
1.5872489957684148,0.5530858997973327,1
1.5328473129979188,0.12694035538146342,1
1.7088067950846557,0.25705248843598616,1
4.4652791329309816,0.2631018113642174,0
1.0000304383792058,0.26991087357710297,1
3.713425278071905,0.051683053526854664,0
4.493693621268589,0.06290421812948772,0
2.8235090994138,0.2814485928315668,0
5.020127393729855,0.24149089134167082,0
2.391379661020415,0.22629136487078635,0
2.5722887980121714,0.11315372614326082,1
1.045507537736287,0.3713337653999021,1
5.034354695240411,0.08187937772303876,0
1.4669591060422593,0.02053878037067329,1
3.6995436354301185,0.24902361870087417,0
2.8573678657481305,0.24772675239408296,1
0.8944338737766748,0.4423567400280508,1
1.7817937123533585,0.2209759666329733,0
5.7657444780814675,0.3506435735469595,0
3.403315085268961,0.2418403671891263,0
0.9816993172663162,0.42062048173499156,1
3.6106565746973835,0.11243691138041094,0
2.70777193681091,0.4747153087834867,0
9.908092804488362,0.1653275980384762,0
3.5702476826845446,0.06452257999029941,0
2.238750305867271,0.24827654288817885,1
5.8400558355742085,0.3659330022099911,0
-0.6820723345856909,0.1415883954579085,1
3.1886403127621947,0.25368504884673043,1
6.988856989362145,0.0628318305942815,0
2.7676014312804917,0.2895010295526911,1
-0.46660208929615754,0.05836157937530095,1
2.2081640711788046,0.02522559464533463,1
5.909036081918074,0.06822532022982493,0
3.7521391926415424,0.055177433392683654,1
1.3222877809749645,0.3269416842518094,1
1.629514385641952,0.29982584462603823,1
1.8805994577003733,0.05624122138659353,1
3.7223957681079924,0.43522768576386917,1
5.676392265877306,0.12393538671306338,0
5.104846025598341,0.07611443845210905,0
3.912024364218257,0.6320074831513376,0
0.33671047988503355,0.08907601455292673,1
0.3441349720131175,0.23312514938690956,1
4.0665040424275265,0.22007730285305077,0
0.30905780413421136,0.3680440414111016,1
2.5488659578627915,0.2244356849712133,1
3.608300892372354,0.17395856293480894,1
0.7248120092746224,0.6556477746527708,1
0.951475331282273,0.09421806296562292,1
2.811757870864363,0.2338093784988172,1
4.007300575048108,0.44432835614074384,0
5.1230375408275135,0.337569501609498,0
4.214106869541103,0.07774105162115658,0
3.147313189984389,0.3047974846406949,0
1.5076104928859013,0.41106422049979396,1
0.8581860083109616,0.18753592936755684,1
1.9782458233417048,0.08314564254456139,0
3.819871169961134,0.39735942104975713,1
3.6732474132546855,0.10492862847951918,0
-1.1998039714502449,0.42557260539253544,1
1.428645943464994,0.504023460520846,0
5.409015103212312,0.12572661424922404,0
3.1584300956082787,0.04245372150765568,1
0.16598217379402813,0.49022175005741586,1
7.711642363196303,0.0307576903805373,0
2.9421165353704706,0.2003768732330928,0
3.768667918626816,0.019859697664558522,0
3.799049512090269,0.11743659547131213,0
2.2648090676796278,0.06888789053912235,0
1.5448526363572115,0.5696579703044652,1
7.243349970131881,0.17686352206626893,0
5.006411739235501,0.21149919341431297,0
4.643874402217353,0.2517538848761344,0
4.152578383436421,0.5951554443856737,1
0.9933652192766309,0.0160025863443467,1
5.555060383480548,0.2928719543845923,0
1.3137346839765014,0.31585767318550817,0
3.5665735963012914,0.41945515638246605,0
-0.27877981092913773,0.295203506226983,1
-1.0817177012950392,0.07129731228878378,1
3.6365824053062292,0.36305132403166074,0
1.3818014656101838,0.1591227928642743,0
-0.9783351425945463,0.02384783649807373,1
4.081219005894151,0.21987584781700703,0
7.240161542101578,0.47117358789417024,0
5.779120517160123,0.12163416064786282,0
2.485364229468655,0.5349394215255849,1
3.017690613393891,0.5752553394436312,1
4.775412513567827,0.49174798167427086,0
5.244256039669814,0.42128948186529036,0
2.3129285623486027,0.5914469110569383,1
3.068355431449149,0.5191519739528412,1
3.601229613529073,0.25465889058235325,0
4.107752640557663,0.6399621208344404,1
2.733847115977466,0.5186410540211945,0
2.7598295098625116,0.7080583372752067,0
5.759664659508776,0.26144110329277526,0
5.419041404885773,0.40138992555753805,0
3.9548211468721766,0.24876850603504594,0
6.438218140045857,0.16998262577662787,0
2.227108475547166,0.32550810521739254,0
6.2459468972587615,0.23688982600634798,0
4.085030887071101,0.039837708224882896,0
9.542052244429179,0.2928848276823058,0
0.6150361464350445,0.1294387884916293,1
1.621309495565317,0.2829200563704898,1
3.8375956564010956,0.3135916154072683,0
3.794468105957984,0.3067977763646181,0
6.9002779683500375,0.14267824688731404,0
1.6632506334009323,0.21759769048184957,1
4.809837037387768,0.5408691960222485,0
5.324926009363992,0.24212268445525553,0
4.409295664441295,0.37114151536762546,0
1.07800731615136,0.11042127947853154,1
5.815517610508396,0.23685857527298965,0
5.4586498626308275,0.018400900264441925,0
4.199169039580755,0.5572413440996254,0
3.408695374417908,0.2905688583280447,1
3.4522160200887426,0.639671329788889,0
2.8425284155212447,0.40295583570009574,0
4.281570268505284,0.10167586075216298,0
3.062269705889955,0.6066289795421034,1
1.3029500492947175,0.057066556306235416,1
0.9028167103448159,0.34266455216638386,1
1.4959274926954158,0.3134794779575951,1
3.4442644850989037,0.25913149539883157,0
2.9460883271295852,0.12074041300648224,1
3.4306875865774984,0.7139000273212813,0
4.001626267092222,0.5529251291676838,0
1.7453581481662421,0.4046105186345349,1
5.931320336690696,0.5409716134436813,0
2.464578345905051,0.21696703966265893,0
2.133146030436982,0.23860988832408864,1
3.9647724746649047,0.15436084702424516,0
-0.6730204047501456,0.56254424523699,1
1.4189311005541614,0.4565787866374453,1
4.962145597383666,0.6966558811941994,0
-0.47484385812422136,0.324378483703746,1
5.235148393866312,0.2398559621675457,0
6.0222731327182695,0.15589883137528782,0
2.261089324352503,0.5467961977321503,0
3.58362553485262,0.06409412567467619,0
5.238174169702053,0.5404782271509937,0
2.0664216239129605,0.20748902507902311,1
4.7355510410523625,0.3121924572103622,0
1.6577024097386568,0.2325822401270996,1
2.0447954133336412,0.2940968573093096,0
1.4013270713500525,0.47971234335551793,1
3.685294398389607,0.02127168448177968,0
5.315938105131099,0.25116407528603946,0
2.6317741357656717,0.09861988089590085,1
0.45750168017519366,0.10290048127579639,1
0.8345863554263686,0.3745612352659639,1
3.7891988427410808,0.2197769096074581,0
6.688232826788539,0.05861864751301526,0
3.7874499986287953,0.09667446752174416,1
2.2262068986974946,0.26257443965181926,1
4.532367933700568,0.06354888202311383,0
2.5210027288265073,0.4401832434551227,0
2.243429565271587,0.6955077052768504,1
1.0830817886094728,0.11878826276529263,1
5.816897688492712,0.1363852159885309,0
-2.0784158349913273,0.23191882251087395,1
4.595718400558539,0.0961737399178475,0
2.072510124404926,0.09655848760777178,1
2.1793185370967745,0.0774575940295994,0
6.384630312235625,0.11391826131191735,0
1.5717378155998973,0.45273388782033397,1
1.6398616919431797,0.32014584129028534,1
2.7392115221609394,0.4484497659516537,0
3.8276947716244765,0.25025431369590745,0
2.116288435414261,0.25374930960059777,1
-0.14771786107177087,0.2136985494568684,1
1.2686036382364692,0.24583975090978033,1
5.562667712929039,0.2569301427095435,0
3.149553578271023,0.44563517135885217,1
3.902174567407644,0.170605453470846,0
2.477157585653925,0.22581024056398494,1
1.6810046076534608,0.22634074264808424,1
6.355138899750822,0.4150169313393449,0
2.623616285897839,0.49803737354307653,1
2.1132602409457464,0.2725598024271557,0
5.192284732710679,0.4969449097986036,0
1.5552792822652295,0.33981775485412546,1
1.8105453124520066,0.11859220065201706,0
3.020493368033796,0.21764316758677868,1
3.0005402081763592,0.38170075736642595,0
3.5192226958064285,0.09744327192748545,0
7.183338178790976,0.3155409647108534,0
3.6724964927047408,0.2638458810035064,0
-1.7561079255016008,0.4617297781426192,1
3.6525978868631217,0.08841155337315074,0
3.075759988979198,0.12589015628710665,0
3.0869000487029155,0.30431127690415194,1
3.491894618792341,0.4710855820598141,1
2.9426434246504014,0.33937256111018765,0
2.894775813889222,0.47344353568369224,0
4.226088419541572,0.46915238485398786,0
1.915838405610998,0.6620987672491928,0
1.1046273287216488,0.13207603359146639,1
9.047562905244781,0.39777711811192934,0
1.5682851124375332,0.3696073705515182,1
3.200285824920153,0.24439325769416298,1
0.008679498249265283,0.1273187009334615,1
3.232936830102844,0.5827028563967982,1
1.1335488986213298,0.10309891651778508,1
2.115054114299978,0.36706901501559125,0
5.090129331542247,0.10698469520210464,0
3.9440191367561477,0.12827959524462032,0
4.136819049149638,0.25259529746927756,0
-0.5424096767837256,0.46833700728438166,1
6.673790339658026,0.4446216074634169,0
0.6162373781162498,0.03705850232953606,1
6.05712162858773,0.5015970798753043,0
5.043087731962972,0.4276047255412193,0
4.15466548356936,0.1905184236471704,0
1.290030438183237,0.2465868469215686,0
3.303179689639046,0.16798776853792377,0
2.0581571787102804,0.4563174334604956,0
3.0580791430105836,0.1494087354567934,0
2.50025548182888,0.3111940211364606,1
-1.0772210131448166,0.3919462269191114,1
5.243568301969177,0.45172278232150037,0
2.837785686901278,0.3199954372596006,1
2.030399200995526,0.7141403381421364,1
1.8793455343404646,0.3539814323047047,1
3.7169191527335363,0.2420145058323034,0
1.2124873234110556,0.18605759547109313,0
-1.5103511169480868,0.2321836700809073,1
3.8142596064165524,0.45493719599096355,0
4.038205995913644,0.10711885112812816,1
2.600736350644734,0.17860682569135553,0
0.7041942496199822,0.43167827314541457,1
3.1778710817785707,0.19253060030346877,1
0.07093526337282263,0.24383006634412666,1
0.9455388066246813,0.16069366811082708,1
1.4986041269916777,0.25665097607308496,0
4.687878141783112,0.5819643094024454,0
2.274778099126166,0.5434674693438979,0
2.104267176447079,0.09724408201102787,0
6.9093850308224924,0.3751782815496533,0
3.7049249943774276,0.36923273492557923,0
3.677989020949652,0.06909141506235182,0
2.2605985095824503,0.09431412059794665,1
1.8072566647264445,0.43240666481095114,1
-1.3728128800343011,0.047747686136533365,1
4.937481063847116,0.18375500185272808,0
3.8966194115127584,0.2894188952262731,1
2.6416680135731734,0.03918177580028211,1
2.7255465963274883,0.22180373349058857,1
4.47228852452211,0.2574201840207822,0
-0.10942014615970619,0.2947422455878405,0
1.820237336892389,0.16080928290203933,1
0.7273942742149391,0.15194591847505498,1
6.543018564973492,0.38160961405385907,0
4.751311063706601,0.36357316762532527,0
-1.4053852822707285,0.21636660058527432,1
-0.0275232532799512,0.04469675665811473,1
2.7353086532850273,0.12381631306290983,0
2.0551195758551506,0.4224003683221476,1
0.35123558384622333,0.2599495199428517,1
6.889524475300979,0.15113140960046179,0
3.625079827965158,0.4198050499862331,0
3.949632645726183,0.3347964624997502,0
1.6159701015355723,0.2523224481167197,1
4.444548294356005,0.06489886514249277,0
2.2391344780359765,0.24992424444791453,0
2.433313652585001,0.15276652766436774,0
4.22200391965052,0.3996956751817846,0
-0.2579951301205994,0.27977320939728145,1
6.194055719701965,0.38115490699610255,0
3.3647784294477514,0.8251276968497848,0
5.561888417560849,0.25505337712807463,0
0.8491604867623632,0.1449400186279123,1
1.1536697519436139,0.19863497576711622,1
0.6761995568003756,0.5981597109655924,1
3.500595345329678,0.241482314266651,1
3.131966603836492,0.2092643807458335,0
2.071176361537639,0.32278446423691853,0
0.9718616142294412,0.11199817847411873,1
0.46680746053831523,0.15230075520580025,1
2.9030321990586883,0.19815605463266203,1
2.0688264408227997,0.3764767799200009,1
1.6287860152834754,0.26894131408718497,1
6.094178972263219,0.12817266543628292,0
2.835348643614532,0.8238719408212056,1
5.5400858678538505,0.3172789222847926,0
1.9334956346346068,0.26421951435485097,1
3.489552567597314,0.48882059181516296,1
2.8890479674873304,0.19402650816807954,1
-0.3952446190362453,0.290935345648194,1
5.856676612527826,0.10867882337906157,0
2.729692785935168,0.211746827614421,0
4.492836439265921,0.18876107070544765,0
1.4959425550768812,0.3514821711432386,1
2.6703112368404707,0.3746335171296799,0
1.2662952801532905,0.35999977082315315,1
5.471996965526786,0.1448641166296714,0
3.622818694901351,0.1025059787005948,1
3.734107053361776,0.2503246264162492,1
5.716368294209958,0.12356148606480058,0
5.312682593798046,0.08954544560412807,0
4.53068507227257,0.2720568213494351,0
0.15654530592507454,0.37034353987427815,1
1.6086417609666328,0.3346277123700205,1
0.9922237279772945,0.35877431404625276,1
4.4550673872515985,0.546217289498264,0
3.3413038835001028,0.14551700875041546,1
0.21897513273881053,0.5468171987496041,1
2.622511573977545,0.05581487160821027,0
0.011775328562443121,0.47778093063805666,1
2.89368702386048,0.647121830798785,1
-0.31074500797436944,0.2859181239704524,1
4.057654986769226,0.1597241258646176,0
3.755925252068147,0.1826404940922481,0
6.8158969866937635,0.3305983519213385,0
4.695746578994685,0.4570204023501107,0
2.1541714883549945,0.2759689021944303,0
4.636140186548972,0.4464085218169953,0
0.20467223810964308,0.43630845908915183,1
1.075054792637829,0.09686233726492952,1
3.66628506415022,0.17064580805984672,0
-1.3164993254958546,0.09381454055459831,1
2.925678430132234,0.7113177940586505,0
0.9594734157631586,0.5979404318030561,1
3.202614110306527,0.16304488365044112,1
0.8445272839054732,0.5218732587848648,1
3.8484962749103775,0.4219979560564442,0
3.0386548473347794,0.05541679131374912,0
5.800731833762661,0.4369610823149444,0
3.013469068203244,0.10095799679468997,0
1.4627143900770674,0.2518291496059143,1
2.5062282883454343,0.13443096907513913,1
0.31152720596653705,0.13376974177705286,1
3.81227450941088,0.27286556302919157,0
4.179700492630545,0.27029699236184845,0
7.938392073385636,0.311431404051397,0
1.7563280187911905,0.4967977495261366,1
2.4644108526496344,0.22672692947674264,1
1.8484829511235688,0.4132972424397136,1
3.4242274022624484,0.05499210457639672,1
3.7633810689592275,0.46212361500655347,1
2.8932503111429786,0.6099290954239706,1
5.172651833746064,0.48081379054604684,0
1.766040992490445,0.6485979355807754,1
4.972348095781424,0.34310322884306865,0
4.076995707282165,0.16954752765898495,0
2.975940160202107,0.4772276659452461,1
2.370126718485709,0.04372070327785738,1
7.853335517462739,0.1703384672426544,0
1.3659826985158412,0.0961599957329281,0
3.595866353936829,0.13961409371378966,0
1.499561859515735,0.3908101439857895,1
6.571241497242612,0.19044623215867992,0
4.773652657598407,0.23685209404862045,0
1.6433002423177119,0.24363121187915013,1
4.025189986862457,0.09545169444819127,0
3.5153914425531108,0.3515658705498483,0
1.9667504760505226,0.2151240185549425,1
4.516328434456346,0.4580268226444271,0
3.7786107822088204,0.29258092650247886,0
3.4313974277719046,0.24365425281528533,0
2.9161605775153423,0.24287032793243507,1
3.8621089851993027,0.4972929608195335,0
3.458775322984919,0.46829419205284273,0
3.118186666050035,0.4658116656119021,0
1.717968168024873,0.11223961592353653,1
6.387532481524985,0.537234857450577,0
0.8991601133029059,0.04830808978339495,1
3.8552724377594902,0.2255886980955028,0
2.3595185153971343,0.18341843249225234,1
6.5190945388985995,0.12718186102419732,0
1.1930349255523187,0.3515779417257287,1
1.5294734764793358,0.15877015003309672,1
1.0603638734763494,0.3114355711645925,1
3.6469301019012206,0.2545442327633352,0
0.2538986808627164,0.21301448167249068,1
2.0429430104844677,0.282291633236534,1
-1.3047316457085696,0.343339431008043,1
3.480842708256181,0.48297095825907815,0
1.9995702824874748,0.05806549407488015,0
0.02388651213629389,0.04749934587463514,1
5.171218805948117,0.13198650415208216,0
0.38466620323012135,0.22635316479823686,1
4.59388738005643,0.1782139766908382,1
1.5979183520243911,0.2266615346233304,1
6.203142755790852,0.5736445814491997,0
4.499101077852292,0.02426788828712243,0
0.9839042582519437,0.12936221987627444,1
1.1658348955793874,0.2583277650049145,1
4.21105041044862,0.04451965153754423,1
2.4752437385796666,0.5615215008700257,0
2.6613149859572687,0.8230468017353326,1
5.544477723544196,0.07585357726468575,0
1.502622253260087,0.12994245517132455,1
3.182587544350909,0.2799334616258576,0
4.909255587304612,0.40075147346032286,0
4.6182349767712,0.216242095852034,0
2.680774664958655,0.5355514206155595,0
2.4221882382946838,0.5525214539371159,0
-0.4776309250418631,0.349805140244686,1
0.8875100146696084,0.3409685902973324,1
3.6367184531494674,0.13125882947241285,0
2.7242356221155277,0.17385696377711526,1
3.1498541571324528,0.21350150539269813,0
5.078507219268121,0.14749777687232554,0
0.6253537818754511,0.3956516881674184,1
2.5276393955347,0.18370978359392118,1
3.3774219268224352,0.08686651774743995,0
1.591680124850968,0.15344559674074384,0
5.862954227854834,0.29386033914559173,0
4.817173603226295,0.625967744446482,0
3.580266654177511,0.5118866408475912,0
6.588463558657173,0.4826054039789409,0
0.0022094407797155213,0.18304057467478904,1
2.9845474377886365,0.2011402415424654,1
3.732673937868122,0.13040531289945573,0
1.1708899064121558,0.38004301402429974,1
3.6014290836354568,0.08546222806075753,1
0.7868350124242438,0.22434837705639685,1
4.3811146365485065,0.09999822871951913,0
5.115669536257814,0.3265426293734681,0
3.5446668022566565,0.4708741538725444,0
-0.7055956301298916,0.1826634170596304,1
1.0664129576679309,0.055530925641856965,1
4.129420006426321,0.4669326057769225,0
3.0423972870247318,0.2176411999994474,0
-2.388005235384976,0.25071002928497094,1
5.485660767736481,0.21912933400699244,0
3.2733130125076646,0.3808194460513795,0
1.36185067199991,0.15571880197777696,1
4.989911195133328,0.08956963947204113,0
1.6449199741862022,0.4629250144603743,0
1.6230957647915707,0.07989994395768873,0
3.7167053020280725,0.16287103707238446,0
6.562076918484589,0.2619890418175513,0
6.247174355945773,0.24353164272139186,0
3.719422997808213,0.5635280617837081,0
3.9247713177006394,0.3069416934671102,0
4.58299786416965,0.5453537860294922,0
0.48603264926130185,0.48137599952383586,1
4.2882966743039646,0.3961779722424433,0
1.5318530637129437,0.32442628923619876,1
3.6369561335931615,0.10261229873569738,0
2.5450647447853254,0.030145540999591165,1
4.002416654228429,0.4057022614643968,0
3.23620693001292,0.1075221195584015,0
-3.1460605416425995,0.4156537794429804,1
3.3577834234103614,0.3663319413227196,1
4.284305904598526,0.09071975096261133,0
3.8918566966769075,0.49003516679432657,0
2.7948281075828407,0.15311348185619963,0
6.284323383860812,0.033179672393818825,0
3.622746258243322,0.23252525645585764,0
3.8753466003862127,0.15163316742920982,0
5.088983788101137,0.39409614059751963,0
3.7251859993931977,0.2861325913614382,0
1.203964493171593,0.020099922196656513,1
-1.8766748275592446,0.12812099639109106,1
2.0457581959638373,0.6430198713648195,1
4.521891051762233,0.1692092050083375,0
2.293807337164388,0.24911322529131175,0
4.602356744563459,0.05893435637530452,0
3.297456351840546,0.041150498992251816,0
5.576132140524369,0.28959619490207666,0
2.409566585758678,0.14846710471014857,0
3.935229653135376,0.18554797157326128,0
4.011770129070719,0.24409134142834674,0
6.003203745262386,0.14075300482535374,0
-0.4132746126685558,0.27974709918551555,1
2.083183450893685,0.6089597160083813,1
4.6970322107770075,0.3055007182459868,0
6.091792959557296,0.15336343494149848,0
3.4801430252841605,0.04783461978890167,0
2.414591671157026,0.4379223649163408,0
4.51423673734889,0.022430780393627787,1
4.737405350463366,0.0775572133579488,0
2.2806766426653855,0.3634391464503766,1
3.6606146243550923,0.4614047771874475,0
5.361054524823938,0.22879686180879785,0
6.7809179865489035,0.3838114239631413,0
4.485209918470584,0.1313407985506465,0
3.0882777933311862,0.05667630672277576,0
2.8918496479241838,0.26445416927143783,1
4.114793114387246,0.5392777640900253,0
2.7686543150410996,0.26316317332814626,1
3.3792809980447767,0.3850762403348738,1
0.8842474709382504,0.6914495012143635,1
5.594114392982318,0.1222410023342285,0
0.7196305457026431,0.10294032922440152,1
2.135776479093975,0.25928300646147867,0
3.1951865217036275,0.22170802694968247,1
6.9819737597772775,0.2779221957221513,0
2.1546340302953455,0.13310753527170183,0
1.6679683720792073,0.0241388460907063,1
1.8983661653324124,0.15430876254461595,1
6.317794335222625,0.17968837404718258,0
-2.6246939870120425,0.5136072851187514,1
0.9945239757028261,0.22077201093925858,1
8.462577418319103,0.6582440471165203,0
4.181764146983274,0.4833190191521874,0
0.78803010132156,0.3251192327258472,1
2.916164035650457,0.3636582649730392,0
3.134909132135723,0.6311704405739759,1
4.692250491811212,0.11486066851790507,0
6.679004005645127,0.3599723995106213,0
3.7771033625584307,0.4487715362226404,0
1.9204233939740785,0.28915655041112076,1
4.574168884196409,0.20933707918931863,0
1.6034946062742779,0.4270628056961385,1
0.9333250080219413,0.3468951290263667,1
-0.5198177439128902,0.41692003617839135,1
-0.13025678900080173,0.31315942772265054,1
1.2071096877514562,0.30603491248318293,1
0.6444204645982579,0.2990348419929376,1
3.6264730547494346,0.2878877323210704,1
0.6011963483519294,0.3338775421252473,1
-3.287332604049488,0.20462634601707766,1
0.9121764508210686,0.08240980838231854,1
2.056280704557161,0.41254990752493265,0
1.7891010242560692,0.5124752136872974,0
6.039049358618369,0.3089378961523796,0
1.7729148814216997,0.15900948960607172,0
4.761846926398396,0.3634911151636171,0
2.9620348006382766,0.5647235457657753,0
2.9153905486548024,0.02496110404367095,1
1.329239422303926,0.15578885769875836,1
2.8824346968384655,0.12698775431057077,1
1.4698077462051662,0.08219728225931687,1
3.340048628509141,0.3986692427007899,1
2.5275007347526235,0.5297011299520331,1
1.1107441336167996,0.20209509577519463,1
4.98378867940119,0.07527261739608213,0
3.8536809600428508,0.26610737484682684,0
2.1038745317155034,0.3914248091671345,1
3.29098609407062,0.20345209906568396,0
2.8323549569960726,0.35833352722410317,0
1.2648181254734523,0.24717563503063236,1
3.140992458042328,0.40349215046570924,1
1.757976490385251,0.4566824827583177,1
1.1101323287598015,0.46882112727385433,1
-0.24553466053304973,0.40963347637065034,1
2.2827852929227386,0.6187187841257041,0
4.133941319167446,0.25656328517864563,0
1.6106812932422807,0.25521875041730674,1
8.041417384315938,0.21847422624198076,0
4.771371307305465,0.23824234693127566,0
5.608660265320957,0.5710972741248519,0
4.590486024147517,0.29542539730626,0
6.705729949877146,0.4320342504723566,0
1.4259960330549157,0.1684342677375223,1
-2.121474771317243,0.43857675154362735,1
2.107748783294234,0.359837426491343,1
4.1164371510950755,0.13617067104695693,0
3.303033943495957,0.49550501840417027,0
3.5509452219355673,0.1091534605118605,1
5.641820005339745,0.1092770803285575,0
3.7641151489249993,0.4495157913493155,0
4.597825855182043,0.19468547846414178,0
1.1208745162944822,0.32238773350592753,1
0.8092126215679265,0.10558546201750658,1
6.228227846048975,0.11784144432687478,0
3.201803070294136,0.2106445240676779,0
1.7535416331077303,0.12531573924422265,1
1.7572110129057636,0.1449367748149465,1
1.7017537567234848,0.30167336102128023,1
1.5820819579083165,0.5287699870781422,1
0.4337043947926804,0.2129282685416682,1
-0.0008408044410170845,0.19621174618917372,1
2.6099912446911615,0.3963565033606136,1
1.814148259359201,0.2757651616520367,1
5.21431857088659,0.24481130538882237,0
3.5861533065338334,0.13821092463029142,0
3.530635360155966,0.19505135754548833,0
1.5137591848910987,0.3932420802273202,0
2.7579431684400486,0.24843086652669824,1
3.7220022072628804,0.1041354339261056,0
4.432391479425351,0.44552437537242146,0
2.812216346963269,0.2881430742997927,1
5.1582475586484176,0.14034005639598485,0
3.0159786178158856,0.19282904158292705,1
4.5856942370353595,0.4147154028481341,0
2.0202955828216993,0.1318633407008364,1
-0.6251767331372835,0.2498996086719842,1
3.5367179760370453,0.3779174566383783,0
4.450648126293251,0.27466197167341594,0
4.150694663615139,0.26768300043782706,0
3.8443733228748798,0.1264602651379191,0
2.3028260680900257,0.32710758938963236,1
1.3865074971088154,0.30014496605956936,1
4.103456538087561,0.049226916528648176,0
3.85289483239655,0.3358042390655664,0
1.8782018183123474,0.5171101451022604,1
5.218848378384114,0.5310719292617602,0
1.234268970904799,0.2697675716130989,1
1.8329532424179191,0.19348105488737816,1
6.27285042468333,0.4366367708107528,0
4.737163875467825,0.2277252818514712,0
2.283981388217955,0.1759949395172692,0
3.574761419287101,0.616435593443546,0
3.3095844890476767,0.06290038779670543,1
-2.4912277299547565,0.49538624441238266,1
1.1870521010532367,0.20316168928043749,0
2.8983067657814368,0.3622394351581188,1
2.2867770468813875,0.2618719760224809,0
3.494205129660841,0.40371602609279517,1
5.25896462589584,0.24725658784424578,0
2.356928430692145,0.2170568838314687,1
0.8846904077542703,0.3172012905665344,0
3.6497033170220905,0.369567831670589,0
2.346753332864393,0.1900607182450937,0
2.6878729983561946,0.18660690285467244,1
2.4164525616938426,0.4498338258930192,1
7.4836756000219715,0.1917617705305426,0
-1.4814085219958901,0.23796054224373853,1
2.2233321937347075,0.4049976708846493,1
2.9926219487032157,0.38691968833738943,1
1.4377150154344425,0.4985916540378876,1
4.799651664256566,0.17126493077975338,0
4.6265153574392786,0.2759237620014971,0
2.9044907630229186,0.31126635403982444,0
2.4586524893126116,0.4380326643392215,1
2.776086331536706,0.08950490246734372,0
2.7904266927043784,0.08572162002722875,0
2.8432539437484747,0.08152328083730741,1
2.624001796966401,0.38963079396443306,0
3.5048986291847855,0.39464617656389916,0
4.506424129655731,0.27318182496722554,1
0.5394797048028463,0.07423462646497388,1
0.8986722015337021,0.625090535501209,1
-0.4970360589670473,0.29096408446687744,1
4.732794800715199,0.2638047749244186,1
3.500646586380926,0.3920058415817957,1
4.010535031865541,0.23977174750086372,0
0.1410035232730631,0.17893454730443414,1
6.569896245760276,0.13146546948588989,0
1.7822981837092846,0.3961618209951883,1
3.336411614222512,0.25529451921272295,1
4.708769321356744,0.35417790970774216,0
1.0260404884078562,0.3920169362940516,1
1.9073512829746664,0.39189829426446526,1
3.3583435492017486,0.508866539901842,0
8.714946150929412,0.30746243245792076,0
3.6022494857040486,0.33882657925990933,0
6.2127223012614365,0.5403278224585571,0
5.411346290383911,0.1618676259355034,0
3.7360200729890374,0.10694352693263252,0
1.0216084567386425,0.43195096265951943,1
5.11950722163647,0.39745327395570945,0
0.003779316703905966,0.05884514104191171,1
6.201750247354184,0.2234723094558521,0
3.4000106164365107,0.26430991490479366,0
-2.300447094596352,0.43853125945073407,1
2.3189878099363224,0.3362382148598805,1
4.307895641845881,0.13593456285820066,0
2.5259522539204666,0.49604866612140436,0
4.430011621987147,0.45033643357751485,0
1.299951664575409,0.11476545606039326,1
0.38803525442478515,0.6485592913975597,1
2.8571091939047895,0.3440728887764275,0
3.0631313345798294,0.4265559869459121,0
2.303231297875357,0.31495436352807277,0
5.4545822932843855,0.3212842808144698,0
1.2995852497218847,0.37008933404426936,1
3.626331214664699,0.39231579474440614,0
3.1359399423272505,0.47637097504498266,1
-0.11343190427216676,0.3509530111501852,1
0.36193963266297535,0.29032402053718137,1
3.0238220324972627,0.19015817657788506,0
6.962399997373928,0.0907140703065347,0
4.158539623797622,0.4187794914687335,0
-0.45126965028926547,0.4045593043369514,1
-3.2209761302386752,0.48449441443593766,1
4.4661071860087596,0.5775996636886095,1
2.807573034143602,0.21404505445150523,0
5.282531939020739,0.06463237868323468,0
1.238564158577117,0.19541657796531925,1
3.7004249957170523,0.16751335206106885,0
4.692346926055725,0.5415657425249498,1
2.1050727235870363,0.2506463406647034,1
2.147828859537869,0.7902255334987083,1
3.050525662196781,0.30357116799207023,0
4.085352693120658,0.37830716356860694,0
2.971331990976178,0.43656963908020446,1
4.947992675518973,0.04656155716183045,0
2.07612962146594,0.015308047078863246,1
0.34320958907378074,0.14904950141199452,1
6.95395073622636,0.3606514774580762,0
1.7907325269151073,0.23222997146461521,1
1.8631158325645054,0.19404097113572386,0
2.868393357855631,0.4763293376988919,1
3.1343622193079623,0.1783147695902333,1
2.226632715023434,0.062410249838572095,0
2.965132206101982,0.2256579122440918,0
2.920475537143652,0.13297436300195672,1
3.349638654041614,0.31462736411267495,1
-1.714974917974632,0.13830430479502948,1
6.761752614015698,0.4999243442240545,0
2.705423372930885,0.4515026355923045,0
4.1612452388939705,0.12789218562477392,1
0.2437973169319516,0.08877596044213046,1
2.0579994775014994,0.3387349115134485,1
1.655368267359171,0.0997222450787051,0
5.939447529017091,0.2927860619886448,0
1.8283727863282344,0.07454907255160229,0
4.516159973880183,0.3394686526666682,0
1.6991590946536097,0.5154640394235782,1
2.0947621206921117,0.273475478329024,1
2.508899669598628,0.11351475054747204,1
5.567690253658601,0.08343567050539258,0
-0.7797053180602371,0.33347178580791365,1
0.36867288945113463,0.05415190340382011,1
-0.8946103313796336,0.1913118254902343,1
0.8249957604770994,0.0723577142822297,1
1.3767998976157856,0.049290140731439495,1
-0.228962508180778,0.009782910495613653,1
1.531704506770662,0.34980851272798996,1
-1.02942896186683,0.10876284585921417,1
0.9640225524646375,0.24301837827260278,1
5.400840799820401,0.3484882763960095,0
3.8071761405622055,0.29426164544469596,0
3.3749353443450554,0.3630756332304516,0
0.994442887441771,0.20267203581020962,1
-0.07216991808944817,0.29951758305781173,1
0.7216878489314387,0.6006003581712723,0
2.91358034620797,0.5039552213879989,0
4.736353559453336,0.3263223072402312,0
4.804734834270641,0.10893717338975764,0
4.261224724966666,0.3507593763004247,0
1.5248862718641116,0.2214322676877189,1
3.0490996648079762,0.17215323387347015,0
2.3573149399255082,0.17018418367969937,1
2.5976204730104993,0.3460868886396663,1
7.074255793919626,0.230313815313151,0
-0.524000474007225,0.36701272381961925,1
2.5306463681554785,0.19198664624728085,1
5.423497814392313,0.43455951989335784,0
0.06821700993292357,0.10688019758932882,1
1.7125051494674992,0.37765645416748256,1
1.941923004864721,0.38316272128242596,0
2.553420555892031,0.5294927864052218,1
-0.1919143192124344,0.16513110402794498,1
4.190572120676078,0.4347781916385621,0
4.332574565026288,0.4616130799122916,0
4.016750650035895,0.19326415486856047,0
1.2592526514178373,0.18406764156143235,1
3.17302158157459,0.371048981933219,0
1.201119520861825,0.20692388472037124,1
2.3348066784569745,0.6252665257395007,0
7.306935854341756,0.1545951695877675,0
3.191390755192512,0.4088978310884533,1
0.6249468480256533,0.10224372806455409,1
3.3606706813278278,0.3410500541156131,1
0.29640814787338066,0.3030416311015562,1
0.6019792149699765,0.37789595455160935,1
0.9177537281024182,0.2538405399444473,1
2.1113810956086327,0.49944984415208593,1
4.873937991178403,0.5327949336001271,0
4.156796396033679,0.09423988889729189,0
4.045990656494657,0.4405497066882063,0
0.8021508688189152,0.056865373560096646,1
1.9173712891287027,0.10207257014705672,1
3.544002213766377,0.1460473217435834,0
1.7433600292231741,0.18781398602973245,1
2.4432671193978033,0.31228937456589395,1
3.882717385059899,0.17496182684749192,1
2.302454637597396,0.2133779049146968,0
3.4521191782040503,0.47173457035945066,0
6.185456912039137,0.3574379445535759,0
2.656282402026005,0.3105721229815349,0
5.358675619438412,0.314562575824408,0
4.1187401346147166,0.10315865143241869,0
0.0655160130264667,0.2515493884687283,1
0.7957259414729516,0.03773416465525399,1
1.3328082338602072,0.024290914802047186,1
1.2903301661344333,0.3069419016938748,1
2.8194205077863717,0.24867646416092634,0
4.2292880961636445,0.009915734665504536,0
5.510316833409446,0.1479600390165035,0
3.6163501774501645,0.3763421082179135,0
2.1086408878935803,0.5153755528967023,0
-1.1644824872597486,0.3706338815100455,1
3.141179150834676,0.3486649921344573,1
3.0515403873899825,0.26281921223974597,1
3.3658575070779153,0.3198347440796743,0
7.2124805954066655,0.051551351856135935,0
5.481193092386144,0.3545259934621367,0
4.570121836499972,0.19652406143544687,0
1.0758457398568004,0.42658024623035584,1
1.974010501606513,0.5150044558542155,0
2.8103107861429955,0.3209545250989626,1
1.4491857519792928,0.5531075011721527,1
4.000929049970236,0.34619402638973523,1
3.7138176984314093,0.07001779174488482,0
0.823384413890615,0.3806883513082916,1
5.393633418192248,0.2305028371876888,0
3.2046206676177205,0.4833243640672916,0
-0.4581422934845025,0.05529176781018963,1
2.897314283310061,0.04287324796236117,1
3.5624129118458097,0.1380804130735875,0
4.945584722871481,0.07393179259277265,0
2.3250471937467676,0.4463833756344241,0
4.655876534894414,0.43091583380628334,0
3.3742839735404315,0.15448645558835458,1
0.36989078192484115,0.43553959787145163,1
0.16966645303497252,0.07115074109367397,1
5.245119740298698,0.5350711671905167,0
5.391968356763538,0.3914456534874135,0
3.645818460809446,0.49826207943835604,0
5.991413442360058,0.24451909427509738,0
5.113219698083213,0.04433019432385666,0
4.367257458959442,0.2638070382287252,0
1.1773770225326563,0.17404039100759555,1
6.462857502064686,0.2615467043750514,0
4.072602864416546,0.38061000865957195,0
2.2283224507767567,0.5324252899815152,1
1.663459989389404,0.14168652363772546,1
3.513567563027714,0.46157169928695213,0
-0.34211816967690956,0.09750519522712661,1
4.399346550705725,0.24405643620283787,0
1.0928583706119464,0.343984242865772,1
3.7412162176485735,0.02294951524755466,0
1.956759325283681,0.651401420928075,1
2.4711625745505925,0.46145212669565955,1
1.4861802544698703,0.2403797946690064,1
2.677541137638397,0.32443514454209865,0
6.778759092034708,0.3905307070420184,0
5.770119254097281,0.15663657492489907,0
3.7089579099909136,0.05379429633251652,1
2.949411468870095,0.436146553253331,0
4.68840238138577,0.3887470989647805,0
5.259940788215113,0.15579470746389795,0
1.3403632355849415,0.1944437448587594,1
2.8451222647355956,0.26756874555457505,0
-0.6439164591361606,0.37582942745687975,1
5.24620422052179,0.30709102141860317,0
7.130048515401711,0.020627099860625372,0
3.160165249246171,0.12221185468567579,0
-1.2500202498060329,0.29834445559285383,1
4.217781033154062,0.2770634293531724,0
1.1918216677018394,0.17949547825585563,1
1.67330111667108,0.19351471892710143,1
4.253152779582008,0.02237900471981823,0
3.5091082510254488,0.7298071241503208,1
2.0237824493227965,0.37883192070725785,1
1.7007887347966713,0.3209117148382085,1
3.2516721104416657,0.3993119734385218,0
2.1810688949752652,0.347811115022735,0
0.7815257327939853,0.1743161083319464,1
2.33487363704328,0.060134494708602736,1
3.679185246510368,0.10751499145868172,0
2.6437930663607334,0.03738592523210552,0
0.1729828035036296,0.4194829213940044,0
4.978129242751079,0.5633523551895664,0
-2.4776228738866672,0.39302793539526076,1
2.10726968994313,0.1302173845973555,0
1.7596030908921683,0.4090636349735873,1
3.2963577557428296,0.31081220222190925,0
4.123323615605471,0.4715348646012538,1
5.253529616522071,0.6469145440172098,0
1.5751902532956796,0.2034344137261518,0
4.173164674666964,0.0883173709958822,0
3.3916367757629224,0.2652336300612181,1
-0.4230787503664466,0.23277701325850725,1
6.8010805108682195,0.17519783531864075,0
0.1224497455196012,0.23032637176357867,1
3.83899454461943,0.3681959865468685,0
3.7799198883954954,0.04910675061909602,0
3.551273564658154,0.24456839733613164,0
2.010846235676785,0.37236044210635744,0
4.654505302281004,0.5407765476124868,0
-0.12073494788619099,0.25783176730057933,1
2.8683424226521543,0.22461561574876251,0
1.872250646895083,0.17596628332147196,1
1.645404115865937,0.016830442942972812,1
3.8574955749070914,0.07279221563686944,0
5.154957085439366,0.4479128956525423,0
2.3134884763262678,0.3689890373566682,1
4.561362179851555,0.10980848898121746,0
3.099481330889197,0.28697213454037823,0
1.2145355815239829,0.21349019509008005,0
2.4840958135178726,0.012122952264492259,1
2.40102821841677,0.23196164020775978,0
1.6066801749891069,0.3984329522625388,1
3.8569658573116676,0.33998141719265923,0
3.4692923754095184,0.5685039990897763,1
-0.1812993965388361,0.20880167210468797,1
-0.30305199047871545,0.30899272501461006,1
3.8493689064115086,0.2527958956599709,0
1.3694271424109308,0.20871591346816887,0
3.604082310200648,0.10927144036483337,0
4.561863156218377,0.23575593708293627,0
0.4580943251888816,0.349325406419598,1
0.17692549084762987,0.5335496514101293,1
6.34886336479059,0.2937598558555247,0
3.703141565924918,0.6102465358561453,0
2.161518686653458,0.2614611798952236,1
1.1321190947074729,0.3593163629201012,1
1.9791183021854408,0.19226801128881957,1
0.6188553277733795,0.15392933241000645,0
4.7668243481811805,0.5750553130108885,1
1.4464976927873583,0.25244914765312093,1
5.187069176432534,0.11205800860091564,0
2.1987421604599775,0.6302850398817978,1
0.9132996327653706,0.2569600813155418,1
2.147396823972397,0.2208751878449567,0
-2.2483335550028336,0.057872732758823035,1
2.758462846651986,0.39819384977663724,1
2.659761617739683,0.4860337888947318,0
4.649485493095935,0.4369000690492447,0
-0.7726098559667589,0.33560435031997554,1
5.3237327217270956,0.22590890178775846,0
4.641198589995312,0.2930853139180766,0
5.504087127397325,0.20624144968358316,0
2.894557247991725,0.2886216382433674,0
5.027793668205511,0.36137831119847075,0
0.05751193018618972,0.3247820116883133,1
4.426095130409066,0.38488653372081827,0
1.4576744758001094,0.09242721722268958,1
-0.3028036648458725,0.04872680451436336,1
0.7517189636712787,0.4737202517148518,1
3.0110622772585414,0.5640162642992571,0
1.3514015835647932,0.3362816311461939,0
3.7521470633916,0.25002484291311516,0
-0.6164751100080346,0.33453736192884737,1
-1.2541950872317233,0.39735964250749506,1
5.744774868287152,0.4257221540720975,0
4.807600258802869,0.17837089088149527,0
0.901406328172385,0.2175987007455791,1
2.994000713058921,0.2614801955543019,1
5.039014120402648,0.5670116445134705,0
3.838401216581211,0.49230421685416764,0
3.2964461923669566,0.29523958767984065,0
5.190308162625194,0.21982717825140485,0
1.5385750495975592,0.11296533399033547,0
3.0623568973292574,0.45505913932003406,0
2.9643027234152166,0.055519605586063676,1
2.4544759046579148,0.6352939524079902,1
2.2203889771584957,0.3511393999426762,1
3.1457364756569817,0.4657617190869746,1
3.0688149919710552,0.49479695146354813,1
0.9031447149309484,0.5771351852269884,1
4.603591819800895,0.22474632709927922,0
1.0472295844674835,0.2603036591281032,1
2.5635331109056523,0.47125710863213394,1
2.409439054559897,0.35545788603867495,0
3.7162072253184317,0.3387071787789097,0
-1.2382078804346657,0.092913556677943,1
4.781819629858917,0.3040385894778037,1
1.6460193047756717,0.04739609990845535,0
5.4399265895541085,0.05819125894393008,0
2.0436701509676913,0.43729765078833416,1
2.902312828531979,0.29491428130213937,0
6.827572080136847,0.3397632333930404,0
2.445323582412663,0.353493601311377,1
5.477699769346918,0.5578792942717863,0
3.07809017112912,0.24703424755939007,1
3.830837660586979,0.17091246878956962,0
3.139917178822749,0.4584651013828222,1
4.695703252600248,0.09303787132989888,0
1.6289367742938974,0.3667664732570579,1
1.0319029539616291,0.19569755273489614,1
1.7228476192459565,0.15690071662322982,1
3.199420752648182,0.324432937968955,0
2.558362428899341,0.23488779201666735,0
4.420549752942353,0.1199838880274601,0
5.60946339964304,0.13213121319898602,0
1.0483233255299829,0.2650673421455737,1
1.5321024167721349,0.6757583753081018,0
0.1275211633742921,0.1903423736151127,1
7.060745981518208,0.28831114427536564,0
3.6093389982436537,0.3140429859948643,0
3.9596046401031555,0.16184025551733236,0
0.31958322993790356,0.4585404261046775,1
2.997660021986251,0.2562591274484163,0
4.018495968826171,0.27177614175279513,1
2.49448461893115,0.43535071751641835,1
5.151411249652789,0.26465521413236276,0
7.623662251285659,0.60782946602781,0
1.1058743458120963,0.33205206622461797,1
0.9558255080466065,0.3906700685490176,1
1.2444878689428467,0.674681188717676,0
6.212398320032982,0.6353066779443952,0
5.084710634059369,0.03619327742536572,0
2.728944364412703,0.3040174097382688,1
3.0731193288017487,0.33148250034275195,1
1.3669127476065572,0.013343259529485046,1
4.780054315486368,0.07850248220573404,0
2.2401963517828927,0.10309467979307381,1
2.4798469210900014,0.09038077822826097,1
4.2175795430585135,0.3093002778008721,0
2.624010123833558,0.2670920658073015,1
2.5300680130043074,0.3959800031164366,1
3.02115041105815,0.27465111209229925,1
4.590710827586153,0.17064987604896645,0
6.292986150967666,0.3652543052130435,0
4.170972464492164,0.30595269787467816,1
4.606628447248534,0.23558688482747178,0
2.600291875797751,0.4685310417460301,0
1.584404273662566,0.20304388459269793,1
4.307972464470231,0.2313026399401435,0
3.342481649201143,0.26974317154179966,0
0.15474270250050148,0.25055044721853076,1
2.343860753148804,0.42527927271485677,1
2.834205953036893,0.17816866949153953,0
1.9790842659430425,0.47231761811342576,1
5.963471189084254,0.2518769856249709,0
3.9596780738044335,0.5248829894233026,0
5.746349835777296,0.07958283972881391,0
3.526850523304319,0.4300599746626925,0
3.1627756728501555,0.4236533021743338,0
1.1268043647795016,0.21578204892150207,1
3.0238590663931335,0.08347161938132931,1
3.0261078513508806,0.23599952824591988,1
0.26577223193153365,0.40405500535943417,1
1.9209450604592102,0.2183108874085971,1
2.3534348029672754,0.12376125470052127,1
3.826959088111443,0.2717700460220624,0
3.9227002239714124,0.4549167024861676,0
1.8373630360695903,0.0582292309965864,1
3.9377392050837696,0.16457265648021188,1
2.635842141302966,0.30945723481682785,1
-2.739240049709913,0.1318675924188149,1
2.0305959360969155,0.28208072562537023,1
5.157977280284757,0.7293942389773939,0
-0.36361151325535923,0.7844690937382629,1
3.2253824008310805,0.37744475011186335,1
6.170522428370575,0.269420111880079,0
1.4787740939790386,0.5371655562594465,1
3.0042981608553716,0.27465966691863636,1
0.3919674855441575,0.3109173745888676,1
6.254462283327144,0.02238935712338382,0
2.8333347460067713,0.514051649210687,1
3.0932536855880364,0.16344980325366767,1
5.708600931011245,0.52852825735686,0
4.322956789290962,0.13587327100066193,0
1.2487425350065204,0.20560429849779044,1
1.7054441518253682,0.15290333442938867,1
3.989862609046597,0.12119528429302434,1
1.75175788987412,0.26061735647313927,1
-1.234486624241054,0.5127207074934319,1
2.8935184027218446,0.05294300362402136,1
0.03957467775038115,0.23985738295081874,1
6.232563507127452,0.3548570535599428,0
3.3535752755263055,0.2496125851141905,0
1.189649886512849,0.26318433079242926,1
1.6027351706750925,0.3770178105707049,1
-0.7787951757478409,0.14711968638053918,1
0.8010762264389926,0.07272643935145397,0
5.032646405081398,0.4744350769675674,0
7.463572290984783,0.4177504817418081,0
4.4527930263979165,0.054523379586855034,0
2.815914922757942,0.11344360711270497,1
2.1360812486921668,0.25469102791576004,0
1.0870083728472755,0.28221688031529657,1
7.119531798679481,0.06941534800774704,0
2.62250259627125,0.5028533355624637,0
7.2312596601250085,0.10020230907769562,0
5.787039019220122,0.0635686091852996,0
-0.4815928626925472,0.16403117966255681,1
1.6680952084814165,0.2211843446957204,0
1.6619097516523553,0.4167562463805288,1
2.840307271788521,0.4254161105791515,0
2.879371493772493,0.46078767774486695,0
8.992478190796286,0.2666791148036515,0
0.8455442510504825,0.2864139903082853,1
3.45793987132878,0.2933497941023395,0
4.233015484935606,0.24117464135851552,0
2.9968559910616075,0.14896996826794273,1
3.220361155562716,0.028144378278743682,0
0.9103822113868256,0.5511826263072882,1
3.2129723892053637,0.12331214218443882,0
4.022797992348744,0.2972154786984495,0
3.6552011685422574,0.26071812224466684,0
4.140401807824183,0.26353519166256506,0
5.8252158012724635,0.19476647411955642,0
4.873933083828684,0.32175380941659254,0
3.142589226994874,0.5435214699212375,0
0.6564832962334441,0.35058615054722236,1
1.7999894505777612,0.38371575306670935,1
2.5607376961651696,0.07917569948854723,1
3.5046916626828946,0.5954908720673961,0
2.04333447700121,0.33638230185269696,1
1.1285336016312968,0.42723286527543297,1
0.6236026217593258,0.24125387357987163,1
-0.302355518111062,0.7961115104911807,1
2.5300985924508623,0.35394112514319637,0
0.060669115859389944,0.15218194599395843,1
0.9989486316852156,0.09943355423859279,1
2.212196254311395,0.04408571085146914,1
0.32816538121713235,0.39161392166401715,1
3.759504376997394,0.20656232450969092,0
4.4804461272113745,0.43720391011161097,0
1.901145960449203,0.49759500302105475,1
2.1259453847799965,0.21355178643236003,0
4.074859540278155,0.07971641370516033,0
1.572009805530642,0.6064879979537581,1
1.4345321768054098,0.2259566573838886,1
5.392996956372581,0.4630357497349739,0
4.768375477425574,0.17100360662811495,0
4.203100004687839,0.08956240340089658,0
4.8512892427881855,0.339356869321514,0
-0.9545574507347259,0.26971216132662074,1
5.707671093586215,0.3353685559577226,0
3.7841242331674843,0.14457136362591624,0
5.02156276801147,0.16836013168758485,0
3.7743235582327253,0.6202174441711786,0
3.0978496493603123,0.5858173185844956,0
2.4493815752758907,0.24887315068164145,0
3.734288753772411,0.06394338888541475,0
2.376504182190896,0.16708832560578404,1
4.735752200130225,0.23851485837613767,0
-0.17291328910440074,0.4614195967234147,1
1.9168482764114445,0.23703275398740242,1
7.089646496953293,0.30352178031344007,0
1.7478390728552151,0.1951182712540749,1
2.522632553873044,0.13876905441083426,1
1.2348381332998475,0.49411525071553314,1
3.671691345771648,0.798702807390008,0
1.5274702197156103,0.5712463455276064,1
2.6287781303859,0.27008698069177955,1
4.697733072070141,0.37448857977558603,0
1.6024731623703683,0.07346971298917673,1
4.5772222385304415,0.20882044118534343,0
4.644458631120713,0.1570150079075315,0
5.109912189438587,0.34582029647778145,0
3.2810819898360806,0.20037510659679797,0
9.48251815395357,0.26836036130976265,0
5.109067393084164,0.2652762158634882,0
3.649755248813653,0.05976225326995067,0
1.2481511718365297,0.2350541437607636,1
2.805881748251718,0.1101751317858488,1
5.852653953800068,0.2388237511846714,0
6.4190692312525375,0.423623358833161,0
5.956658200880458,0.1983261494088532,0
4.57038461345924,0.31996904423557,0
0.4886795874088561,0.18463223042340543,1
3.97432363565134,0.06391405610279226,0
0.5171952438940046,0.24234045949540084,1
0.02505761323848299,0.13724651803933222,1
3.4783173691544773,0.12346796083549318,0
4.046398894539501,0.096347047101799,0
4.806754196961609,0.3306288600263405,0
3.994272480772188,0.5529827487463358,0
4.063171971485497,0.6168268095525202,0
1.0306948300152472,0.15334259826735405,1
2.790046630630667,0.12387664999053118,1
-0.01423357126897562,0.3846701714115484,1
-1.0067382588003913,0.33328625003093176,1
4.481285419686149,0.29517897330019427,0
1.4937512124180825,0.421852878719993,0
4.744997004286107,0.47281206405189197,0
5.216695155760077,0.23429474217340043,0
1.7613653507536047,0.25705915295064036,1
4.180622189110598,0.17840376554577567,0
1.6776865427727168,0.13854438461670454,1
-0.691757749253648,0.5746673967303055,1
3.2466188088849166,0.32214502209853924,0
2.0582522405684784,0.21539672601413423,1
2.1198219788257364,0.29486364677699894,0
6.950686235691051,0.3407779412259215,0
-0.05171396546534357,0.20332771073574862,1
3.765742270742942,0.14678254516228859,0
1.010385525710497,0.061571274963988065,1
4.816522818534649,0.18488401020473022,0
3.5968624723501317,0.13629658495955563,0
3.7586886983612273,0.3606481577525265,0
1.1102207647954803,0.26632464751898904,1
1.4688241734233531,0.6217636352515665,1
4.854501014691772,0.46116823865767,0
6.541595443455126,0.17122591562577635,0
3.9606156344483745,0.4138905783299881,0
1.2051585584571345,0.45935653622200967,1
3.6778770449241365,0.29017446682446557,0
7.854944088675219,0.33742781323154497,0
3.2048456214378236,0.18845562157567938,0
5.923681718787199,0.14251675729424865,0
1.519341268322576,0.09344334472745722,0
2.9158278967272264,0.12811845031711264,0
4.239130412251085,0.10746687250081884,0
3.794656616525728,0.12039568842829915,0
1.4672226397776784,0.1373232985210856,1
1.3809650857388007,0.1314139193205632,1
4.976568806205317,0.028083584339289695,0
5.38310162530029,0.17768233048396104,0
6.0242871162438405,0.13679386891599823,0
6.6078609665057355,0.1551526385224292,0
3.269238872645193,0.4772352497964661,1
2.377601511536813,0.19524398771516668,0
5.701981877556937,0.3647246180070687,0
4.426138563703173,0.09687036617093306,0
1.0350894826648172,0.3134985318269284,0
0.9327286689621772,0.5190202736653551,0
3.9838604027126183,0.06542372790197123,1
2.6454506770320005,0.4173368862033721,0
2.9471400905186047,0.22398195406648866,0
5.145066729420389,0.4302125707413845,0
4.518074289970071,0.3844140376617066,0
5.659746496836863,0.4697762397998045,0
-0.863072212746733,0.44162219532276004,1
3.5067958344424017,0.20799585906019097,0
4.389377044794413,0.2634529117660227,1
-0.05317171337536797,0.07092329891483065,1
1.6902087173800557,0.2666916117271635,1
1.319029675342162,0.5133886607718751,1
3.0433963421198325,0.5290406314365436,0
6.255707937388127,0.2680136069585219,0
7.045178809329801,0.6697480841221783,0
1.3714248938534355,0.37880989480529303,1
4.0531145009871485,0.12584175534876318,0
4.11759570428463,0.13124734729552173,0
3.7752515430294955,0.5305589550830572,0
3.797959269478468,0.05746115997966116,0
3.607485004902656,0.43088100141789165,1
6.37514024161284,0.33888803130389394,0
5.204933028736115,0.14355521222526899,0
0.8796922048034657,0.817357001798987,1
4.5914421617610985,0.23459157589438348,1
4.784746749022904,0.20805925059198546,0
3.6299345743035776,0.24482518784654964,0
5.262848741005459,0.3541201161950633,0
3.3761480685980745,0.6013224634021549,0
3.4009354421525013,0.10298764195561928,0
3.2424810893540865,0.2858520373202584,0
-1.0364881715993377,0.3251427537981462,1
2.8392032121882522,0.11692487343433863,1
1.6634988510908586,0.31468954213088185,1
0.6271040436148856,0.20435039702141278,1
5.868036569479045,0.11255209822475828,0
4.008415037068915,0.5177382017703084,0
2.940337838110904,0.46935509263894964,0
1.8703932977951474,0.27343178574976434,1
3.5923391692574804,0.16613466557210058,0
4.982872186635026,0.2599315901102658,0
1.3460683129061184,0.04696069281182361,1
2.99034325544678,0.5265904016465148,0
4.736132997702345,0.11102370031987266,0
-0.8720022581682598,0.2196131269734482,1
2.8848604751891918,0.3191090973017305,0
2.141417258904923,0.6465759755578975,0
2.732340284489932,0.3947281242899236,0
1.996742887256194,0.37654134188044314,1
3.275249210414591,0.5218110970751844,0
6.847254440845436,0.24685352646050754,0
2.3521550521428978,0.3324618970796243,1
3.5834220181882133,0.2550893686729832,1
6.989492836818226,0.6720178954375148,0
1.8999688432548894,0.40705564032759445,1
6.629350697857938,0.13992103451824636,0
3.0106460132542145,0.6254158722473603,0
6.563792451729853,0.15493243096333081,0
4.500402249892638,0.09806252879558097,1
3.6142167251648436,0.5168614356670508,0
2.868738636226827,0.41111664296237604,0
1.7519171202415789,0.36124312346404125,1
3.1515830999287053,0.3291083229019994,0
4.794722918040049,0.4266562369524335,0
2.9737771380066587,0.4024898840609593,1
2.3667543898762844,0.1954507736442348,0
2.498434931644454,0.5394473561234817,0
4.984953227166106,0.5210148511960249,0
5.450322910199711,0.18908017882394862,0
1.6656989724632592,0.47107829575139587,1
1.6628242851050206,0.2823298000149142,1
3.7587178393342247,0.44290872936231385,0
6.055064129514509,0.05983974643488336,0
5.2919806166251195,0.5198177341709901,0
0.4962955756401768,0.13165560773697807,1
2.471848060016276,0.20047423450127685,1
1.1387928906209754,0.3018698923360083,1
2.4649749561694834,0.25365817538105995,0
6.208819992070708,0.37588283015688484,0
0.15479870243396565,0.16626964640426684,1
-0.23773058656038026,0.32387500755353693,1
1.3428916931327952,0.28677333571395736,1
3.5746212051519857,0.46693793662735517,0
4.241509641281514,0.05555580844471572,0
3.8748968697230666,0.28450625858681605,0
5.3513708064620324,0.2880267023951636,0
-0.5261711884678584,0.16162407240687557,1
5.376673076717874,0.10985436676699162,0
2.375809359907417,0.30544569438606933,0
4.462988619609735,0.14416633502058385,0
0.3531491464735912,0.23650362345947962,1
3.0099133940181404,0.30133233889817007,0
3.4725415411780274,0.0540731893080256,0
5.311502074996836,0.7508219757634788,0
-0.17050924521553057,0.35725637201049515,1
3.061505097069808,0.1963622011078004,1
0.829529417715714,0.2838885127488487,1
4.01099208841655,0.1282095499829664,0
4.554433072912253,0.05532845308103755,0
5.574340485016176,0.16397249688123228,0
1.929941091383251,0.15429578538533137,0
4.854452971377581,0.16727562489166087,0
5.721803174954106,0.48238575963271574,0
-0.2864939397109336,0.4088651626249601,1
4.224689840196901,0.14852700186867057,0
4.917022507560212,0.03545882761980576,0
2.482547227225125,0.4132995702758591,0
0.578452844949783,0.27385909653190366,1
4.885911512219327,0.49491097187791183,0
0.6009823448844864,0.49529248978516754,1
2.6432971309781954,0.2119747487353724,1
2.919751884393342,0.170676210833162,0
4.431076103407999,0.19178807201909495,0
1.7467368809749348,0.3617456712714856,1
1.63083262234429,0.2322599334543174,1
3.1978309575262216,0.1461709351928817,0
5.012780955239498,0.15662385665119774,0
7.574900001306294,0.11148478392183903,0
-0.014962399557548967,0.5711647699566563,1
3.6306840355731564,0.6114549134147272,0
0.8269299475314162,0.17670442572291425,0
5.037622486413485,0.44754634008643585,0
1.122910905381534,0.11971736622582313,1
1.6507035636353524,0.23114140964955163,1
1.8214582818720075,0.3755320477930947,1
2.8476021225603922,0.42012855586016534,1
3.646395193717415,0.3352348871556883,0
3.9674027872170274,0.12888069758338166,0
2.9884649076344334,0.5309522512876138,0
0.34021795511883735,0.09879909700180675,1
4.4555723006203785,0.31816999609090346,1
2.894082672673944,0.734728149695476,1
5.323469580029398,0.179802045736966,0
1.5845224410401266,0.3913071828911606,1
-0.20454945470198904,0.3290791102275633,1
2.9319479946338496,0.3597789523993352,1
5.59190537656853,0.3095600332444565,0
3.3218842732321017,0.37661892667693864,1
2.600660401654287,0.2657074097241578,0
1.2593059646851337,0.3258124174157518,1
6.515532933361644,0.40719337902186853,0
0.9407948102304413,0.5857145404590026,1
1.54921148474352,0.3800048399318795,1
4.140068392168046,0.18807886810416918,0
-0.7120413797735794,0.25424619595573783,1
5.549181330762679,0.329124300330028,0
4.248386228434711,0.2021273399666023,0
4.79846214362222,0.09603159870285494,0
4.116234023899308,0.224289912548048,1
2.67775296508726,0.2236154177874848,1
0.8737025796891542,0.1251380424475853,1
2.719849117550079,0.17650818346666566,1
1.0495273764947304,0.02539704005079217,1
3.972310620152767,0.1862712210671179,0
4.613559661096203,0.2989441085288692,1
5.953617262396415,0.1989929044316813,0
3.7435352811057263,0.2106329472811197,1
4.849150713190372,0.7020429828890032,0
2.4057105255397158,0.3549006552916691,1
2.0434457239836106,0.28980390026909575,1
3.9473437816336028,0.30990325475409336,0
2.2270542545661822,0.24766340180629498,0
3.5383715776553153,0.22051609091423627,0
0.8776156213291579,0.20563778117365586,1
1.2367446350473978,0.11481480394968778,1
4.270818602036581,0.48243577258981446,0
4.7733801508121925,0.15227319960561445,0
1.028687662066639,0.3622004999756708,1
4.341228621012841,0.030067202834466577,0
1.9345286539294506,0.20209249833786747,1
3.03301035240062,0.34233689371847154,0
5.8338888315812945,0.400299230475094,0
4.614974468045897,0.08559869036499662,0
4.591743976044386,0.21620985641293855,0
6.817580716913933,0.4341054375008874,0
1.5922413179004045,0.11388198521067626,1
1.0282500500149085,0.12220027620586088,1
1.5557554595428187,0.1575696559557311,1
2.49099789318677,0.37295666257435633,1
-1.709101228583787,0.3039893818490918,1
2.5851435266063794,0.3428528023465966,0
1.9108585362101762,0.12178401509058548,1
4.567519534795598,0.07393528024603864,1
3.70483875802008,0.5790561114778362,0
1.798606744461326,0.1592852918372093,1
4.179921690725807,0.06076255313409265,0
4.446526119647539,0.19159987561741335,0
1.4629084204171785,0.3929740402554276,1
2.013951489235163,0.3923263672193006,1
-1.4507263741959653,0.5264970523843339,1
0.8186800512614303,0.1197889841375663,1
1.5150608791528433,0.41115218173003876,1
3.1483323532120435,0.06886426076930188,0
1.1092346412803695,0.06548045939227866,1
1.973096025901782,0.32768298548107117,1
0.5493386368348019,0.2770694930921984,1
3.342227797062541,0.49663138906768106,0
3.8514291891698154,0.11252792853735574,0
3.804730696839645,0.5939219397833148,0
3.0247222638105185,0.39586259543429503,1
-0.08214599300278858,0.35593471066247595,1
1.7600926722142982,0.08852933906945222,1
2.185386655363031,0.41053030812655356,1
2.1934093741587493,0.5328890312318141,1
3.1499624359796727,0.22302483749244942,1
5.851082744742038,0.5832944218826273,0
4.624192425369199,0.08095560406548864,0
1.0249644403026108,0.11115632580202939,1
4.356805750593267,0.1330566110125953,1
4.2806047353314725,0.07385666464648023,0
1.3878650540968702,0.5403776817736242,1
4.697731845270878,0.08122846901119017,0
2.679246728109473,0.1448812125691199,1
0.18009301997111038,0.10248108439922417,1
3.9104054492742835,0.5050402819838664,0
3.4339236472290486,0.3808496439709306,0
2.5446447416283444,0.1372900347065892,1
2.925093830033401,0.1299861054062978,0
1.561829042223076,0.5153368893563065,0
4.220261007594219,0.2482563243752455,1
2.913098730982148,0.16257481358552786,0
3.332897687896456,0.5435627653898738,1
3.714283848857745,0.03954347536395994,0
0.6908287711473502,0.0943359468920823,1
1.211433956235896,0.11727215855695534,1
-1.4198889192324184,0.13455120256906333,1
4.129484516980814,0.1698020294519691,0
0.5755799525064673,0.19319011453813636,0
3.2651394197913044,0.5175280019925982,1
3.7419764498791057,0.26571186978510963,0
4.20470567778504,0.07594726139174687,1
0.5919661723278815,0.23092053008444183,1
2.869676763718618,0.11073845311963512,0
6.340560841575498,0.14625364571833852,0
6.428629359968633,0.547073627679459,0
4.974646188053901,0.3361028668618128,0
3.674986277637679,0.525391845014843,0
0.989787222309245,0.2372322212502392,1
4.437243250782106,0.055782816582575966,0
2.6839575425063185,0.10361696458447876,0
4.121056550545688,0.5194118681695488,0
1.7343130902957666,0.4352915086909982,1
2.654133774320142,0.3659934223500883,0
3.3282947201528494,0.4398107028279154,0
3.492556182987717,0.350342303536905,1
3.987445428920496,0.2587708353580932,1
1.8416100309502013,0.2703335759322271,1
0.3134310957795945,0.06407296673365326,1
6.2495700797995895,0.3138169894031462,0
7.978508338046716,0.17698905849293828,0
3.8948414224047574,0.016563280240486266,1
0.35201581053977904,0.21662762183156847,1
1.4536097663142464,0.30551379424546327,0
4.018235138101938,0.26974986192364536,0
5.682231223362572,0.6085137548576525,0
0.5742187309162876,0.3822244125239542,1
2.7513343583021976,0.47576925545272236,0
3.391864128887938,0.5882513643850956,0
4.7291569025717495,0.16090594824237384,0
2.3127978111992413,0.5100793781321237,1
-0.12762938264384927,0.150502902393754,1
4.2423951189058045,0.1373141848872872,0
5.249591930342476,0.3104578582159578,0
2.8348170765096787,0.2585030137942299,1
3.8104801826128627,0.5525749171916774,1
2.0510175411458587,0.17582859496182338,1
1.3084544105482114,0.157537567399512,0
5.052851361094437,0.19525390149314967,0
3.774991695628922,0.05364385606788497,1
3.980737198803765,0.04575788007734558,0
6.004230295989226,0.2585894940654266,0
0.8903153313628538,0.6072079524465942,1
1.8959474636811557,0.07775604312180881,0
3.315866697669391,0.2854489175439472,1
1.8713735244775163,0.5529637531001549,1
4.5662730705449,0.14044329916954898,1
2.625201558192032,0.1702071331681552,1
1.0149343850056207,0.4036799793229111,1
3.131543350375323,0.3289746650141096,0
3.3406775416135757,0.15546065226068906,1
4.869364125792661,0.25502615171829657,0
3.7862818062948485,0.37330664479514825,1
3.9222927827196714,0.4809710586588684,0
3.6405833680144495,0.1585881750630614,0
2.623554957416139,0.13009472261107838,1
1.5675617697774706,0.38282053792977255,0
3.577676703318752,0.6003452895858626,0
2.3337504682327186,0.37112843071206747,0
6.379645240882031,0.3493424198186095,0
5.684364589546437,0.0509435340637501,1
4.265678264703217,0.16336758749067504,0
3.756933878585971,0.1443377526905613,0
2.8240818980376456,0.2832841406712936,1
0.47775253730572986,0.530393599373481,1
2.5676555533560688,0.37036623678670844,0
3.2028000668105134,0.5067590629946482,0
3.4589129488893247,0.5096558896041753,1
3.9390727340316523,0.5835700112444866,0
4.84266039575537,0.1030363007876516,0
1.6156918566142657,0.20312007086443448,1
1.6338487855819774,0.2870223739840558,0
5.901713359486317,0.2371405840411245,0
4.541963178386297,0.34635285961096696,1
2.2184581157333576,0.3290829935152028,1
2.7855776620955264,0.2907785875241536,1
2.794572106650203,0.17034361657573666,0
3.063148244562766,0.07303369636797387,1
3.9453661844772263,0.150725058442453,0
8.069985492199663,0.12029687884050713,0
3.3795131223253048,0.1832974370484671,0
4.325196300850502,0.20424431018796338,0
-0.37295341238028534,0.2693964659894962,1
2.03020001444233,0.1270418038723586,1
5.45763000543321,0.2477219358336295,0
3.8046307827132315,0.30431538790284307,0
-5.7782291697296735,0.2198255220275579,1
4.3480464046323934,0.2655976508374957,0
6.8363287892575375,0.4330919036432212,0
-0.9918151722395865,0.446211849920951,1
6.038775351291024,0.2961339977502725,0
-2.543911261251856,0.32655179220093766,1
4.875997890106826,0.1523221072647113,0
2.9827027479755195,0.29855061026662794,1
-1.6999424304892328,0.18878489947771196,1
3.892275654479573,0.2790953698029294,0
5.301679498304117,0.7628183807580318,0
3.7277740076431463,0.4319573018059876,1
4.169655274119226,0.5901632626951399,0
2.176647775321877,0.5414960913707193,1
-0.7227795104420438,0.31702305484345067,1
4.383728044674129,0.4410454006122857,0
6.499507838892591,0.149892021337073,0
5.2591617084549185,0.33243714807083546,0
-0.9757516592026922,0.2498066448196454,1
-0.02978881442186765,0.0671502374926375,1
1.308064516405319,0.4602920078593639,1
-0.18595090256028657,0.6081103360961371,1
3.0883798391120783,0.20517941901342013,1
3.7868316103610455,0.17310173600643744,0
0.1394934335152649,0.37827155496832265,1
4.554256918551056,0.5440116789042032,0
4.202207888040028,0.07629080544622747,0
1.9036817503125938,0.1701543034227818,1
2.6549560280320317,0.38815837496924066,0
-0.8996023513060631,0.13693850053199313,1
2.335475687425852,0.2249008393758639,1
3.0147699482606516,0.09551344944584803,0
3.337495190456379,0.41334102128277583,0
3.757753824040348,0.227720281113613,0
3.4884834864611447,0.2886431017686077,0
2.471312605468659,0.19839536039690073,0
3.5723898851086333,0.17780342507470984,0
5.004063986620496,0.4608676265943797,0
2.809003853380711,0.3660005867954354,0
3.6351897816633536,0.08177172951813673,0
2.627657874671763,0.4624465974933469,0
1.7064821670408574,0.04423880570673694,1
4.045759333835209,0.39011074261807227,0
1.8895481116595896,0.18365461939088007,0
3.772293801984381,0.105731809649776,0
3.056510743020091,0.18963796354422505,0
2.3921306469597137,0.20611538680158245,0
2.3437143357066788,0.22881767936010688,0
1.9837580151686263,0.3377372651636363,0
-0.29160234417802755,0.16426595686721854,1
3.765790190323384,0.26090979655383434,0
3.463093650556641,0.31931556822581286,1
4.699340504896988,0.09199018335262046,0
1.9370861953864102,0.5459595192310439,1
6.790767250953335,0.41655160778850703,0
2.2405281043007337,0.3668961222361529,1
1.2497807156106082,0.05591646626040926,1
1.0126301603146703,0.04952514133961854,1
-0.4678448064593246,0.6376005306816065,1
6.065255784786256,0.11325614375131592,0
5.742134781537324,0.29963235366765545,0
4.201490325769516,0.19863120805251133,0
1.2078223844484404,0.5185757854911931,1
6.6225353631182395,0.5087406198540159,0
2.296561676956688,0.3111232535831315,0
2.461948337546695,0.5130103653933887,1
5.874518160872152,0.5063830144138242,0
4.3178211689617445,0.0813427020090305,0
7.402206277509187,0.30682922607468005,0
3.497444520638039,0.14733554916815733,0
2.2059384008425504,0.10237631818285525,1
1.7763902330804084,0.40042037902547367,1
-0.6939923543812538,0.2778722598547032,1
2.442808454387591,0.4195024123958754,1
5.289186677654762,0.05340154286209114,0
4.197668345312138,0.23567969465480967,0
3.0406160131208115,0.5539705149431096,1
1.0101311123673415,0.24478498094052675,1
3.4537460360254744,0.29701981078892814,0
5.025627410390746,0.06641547186871627,0
3.861438512939969,0.28936450159676647,0
3.3334703392667184,0.06512624110823423,0
1.406084693437588,0.4735908352637276,1
4.734363628224026,0.2662942836502822,0
-3.263809637488362,0.1557636334674927,1
3.76569141773029,0.6429397957703774,0
8.140643961889197,0.42082095375036416,0
-0.01674677466369401,0.3203121433229295,1
2.517261090597268,0.3024110720285529,1
2.984178019750547,0.1394627938676142,1
2.074834371886846,0.6380505411016721,0
5.072748485117959,0.1505916787911368,0
3.944902028710602,0.15449283134527686,0
3.3046007450946386,0.2690710280705483,1
4.594545122338561,0.2594905861865232,1
3.0335014181434845,0.2554531956672986,0
9.359728977647027,0.46955354208906447,0
3.302693867313482,0.19217561803304073,0
3.3905641969794087,0.046077829202698234,1
-0.4209360991465507,0.5045246778025095,1
1.9130993453931524,0.36389886621871964,1
5.294755363599619,0.3654057454592168,0
0.329086299280255,0.6767370186535975,1
-1.3151143486039096,0.20056929001376672,1
3.0646309423751497,0.3359948422453014,1
5.741489014949956,0.0954528079327253,0
3.084762457392251,0.4954983360829988,1
2.327750794747313,0.2474634359112306,1
-0.71697587548196,0.10202848310291239,1
3.9045082454043865,0.24846865457441983,0
4.322550217766089,0.3957089372890701,0
-0.5634649982022006,0.35061953311123234,1
5.269064897394438,0.18556494748265628,0
4.531391051784218,0.4748451885181602,0
5.2646318850946905,0.34925070313977297,0
4.167050183666683,0.2242394052165719,1
4.307365417622637,0.3034355431827376,0
4.041441797403477,0.5299568263686975,1
4.736944643002391,0.2934176861759277,0
-0.637515538247837,0.3900062780627992,1
-0.002118867243029232,0.15655462502833561,1
1.5279841996204566,0.0915364315681333,1
2.7403596566548933,0.49771150705896783,1
3.776273846616359,0.5392330761998236,0
3.6493633064577002,0.4088765478369528,0
5.2342116229120625,0.05962721724657588,0
5.296990597160702,0.13581794116943202,0
1.2552297834124142,0.5366976962809421,1
3.4771522201009426,0.15403882931522805,0
1.3043369045563236,0.3881745636065366,1
2.623505923292867,0.5613777090241433,0
3.6435827380969896,0.031410747643853335,1
-3.8174241529433814,0.17283758094756774,1
7.822488079279369,0.1806765448527102,0
4.13281735479495,0.22097563973818315,0
1.808593449173188,0.1425408915938592,0
6.8547395104604565,0.23350689401889302,0
2.3051376590276114,0.4333049696744266,1
3.2650387716561156,0.44758204795403145,0
2.0257683792047456,0.3829383626107665,1
6.303983674886679,0.29521447917027266,0
2.790030587388239,0.397677379316086,0
3.2989682014790187,0.6509463179172685,0
5.407564306050892,0.5249971886765706,0
4.170278914922153,0.5371894071056795,0
2.891303869731856,0.6803768389011295,1
5.2207819447149255,0.5290262177058135,0
8.076966458855903,0.43284601656531774,0
3.6348208975988427,0.1408200525823179,1
3.2335201757451326,0.10516600208550193,1
3.341254167238163,0.222838600133777,1
5.620859001663035,0.4215361553033576,0
1.8016045299341552,0.40773566457479093,1
2.443364880576678,0.19756565682917882,1
-0.07488589825328251,0.1289500209934188,1
0.6322642747200526,0.14781115869107272,1
1.9643999946040591,0.4822477858726594,1
2.8881260118791547,0.18044924427761744,1
6.538166651540239,0.305125398399243,0
4.071985609850449,0.15554451520331555,0
1.1758429796204124,0.2518762767514169,1
1.5440390292717694,0.17347642402528696,1
5.749497366461309,0.404563804145609,0
5.253220697258385,0.325115558611248,1
3.056299820448406,0.14781961617019115,1
2.1149470689223353,0.4445164133291349,1
5.249865671409285,0.06279869912296547,0
1.013345746550627,0.4413809416510063,1
3.784060796115046,0.2933396298778677,0
7.5453179817866625,0.3286063912348759,0
3.410711364502915,0.3474141502269723,0
1.4487810414767914,0.15113417805801974,0
3.820737405343076,0.23320107332143888,0
2.0599825619693046,0.18185115466563567,1
0.21176831249317107,0.09218154677879696,1
4.402072053744213,0.08024560444154732,1
5.235668801099445,0.10210999363730208,0
2.378186655854855,0.2235998167295078,1
2.2455286518074535,0.3242274012267323,1
1.0768692177563408,0.24605959045755027,1
2.700128799064867,0.47939174710223964,1
1.8752632341536182,0.40204593706365555,1
0.977934626593489,0.41888062573411633,1
6.784337660799212,0.12346586127981188,0
3.9329856334990145,0.5524455548243729,0
4.144790216058705,0.38977308229541713,0
4.766799137864854,0.10742636624431473,0
4.5420724335196105,0.19144359320860793,0
2.1737800944065704,0.4708965121143207,1
3.5451052459429344,0.06507620862988807,0
2.4619390314786793,0.3787669102318709,0
3.87692724955332,0.2927262532216376,0
3.6833817719163284,0.3803163444169017,0
2.2346794782715964,0.3647651629077782,0
0.34140255415640164,0.060015506530042534,1
3.292474113931015,0.5127446601928584,1
2.591461024385402,0.31172463562988917,1
-0.7807444954175167,0.42352547271506574,1
4.0153235377774354,0.07654974608405597,1
4.930684224485551,0.21371291090517355,0
8.0567129504179,0.1223772559610556,0
2.2176049933586777,0.5831996536189172,1
1.9225762069018646,0.49183052549627976,1
0.7811579391215173,0.15166844307429558,1
3.417283812974014,0.35526721438372855,0
3.4046363611167103,0.07324104186457908,0
1.3774073304265018,0.1542158043965747,1
2.65014023599232,0.46290781813173953,1
-0.9573313337787135,0.04623003822795723,1
4.852753495666493,0.25605822958691726,0
1.4586414806556665,0.2617564065143385,1
2.9306872971740416,0.5259337611956878,0
0.1466131574044418,0.18125828712528433,1
1.8352928010768532,0.7035443741181233,1
2.4408176929649454,0.23467203375382834,0
2.9774183060783397,0.11621373954570509,1
3.9594650310450237,0.011156109350462214,1
5.878150166972441,0.3666447358804683,0
4.465421885538713,0.24018445408038744,1
4.92432908629249,0.06223325005938834,0
5.892208219886276,0.33379075217307447,0
4.139415763045395,0.19947983098758626,0
2.9265856087620095,0.35174999406386664,1
5.018223812510111,0.15027146731811822,0
5.146018571923314,0.25088575128956775,0
4.297131675932071,0.26851222504344907,1
0.09074480592779421,0.2526896920599786,1
1.317079693810705,0.3481043443969901,1
2.450291791939032,0.27004836041440633,1
4.559242041471799,0.3060191079239557,0
2.9573071618588807,0.17949096426131844,1
5.273737266901127,0.11609647321593228,0
5.630473257488562,0.08912668098928676,0
5.398340937354412,0.4549510373538186,0
5.411081128960573,0.12757378623278387,0
0.9260121906825636,0.10333874258684482,1
3.9652709989115515,0.878080794744083,0
1.7849419180891675,0.3164478966871775,1
-0.2981326627183969,0.5963100504370876,1
2.425057735888328,0.24063015013821681,1
5.649473931254503,0.05417810079095522,0
3.921484020236927,0.02299659821852815,0
7.035618743211784,0.49972694254354916,0
3.354460290536223,0.09407415603615535,1
7.895605507185815,0.17726928162211184,0
3.3550424510341026,0.20467838797973245,0
3.0449605923074725,0.437711677485857,1
0.44121982415700733,0.2940082921385425,1
5.221125480585536,0.15317383740782117,0
1.9957497421190422,0.13566482433189578,1
1.705904721182546,0.04838231137403626,1
5.562461127525144,0.5767031806980594,0
5.316445337591914,0.2405713696665084,0
5.264102734421358,0.023617293400793316,1
2.275617731890038,0.3689325717549803,1
2.8980482693894967,0.23006498976137169,0
2.880291204608297,0.6709577069506246,1
4.565036361344796,0.41325208476487135,0
6.10712933698846,0.1398660425851364,0
3.7362931103968138,0.347179359940933,0
6.949782170714717,0.15285365761694952,0
4.794388836066123,0.41189955297338604,0
2.5304012117711636,0.34098235146332523,0
4.65742281225795,0.12259916193932435,0
6.411880557417547,0.5061150727902866,0
6.996577966682668,0.245603213475593,0
5.373782689198162,0.10757993598862535,0
3.0513489073159983,0.1795305695268378,1
2.566613491888159,0.040190409464391494,1
4.1521390071227815,0.3126237413298106,0
6.3479489905420925,0.14494966574645313,0
3.867538244428903,0.20380001808598705,0
3.909063743737622,0.14255936804801242,0
3.1027957086341846,0.34695480872856926,0
2.3442178747375753,0.11626914789929814,0
2.6757309867121646,0.2568509828550354,1
3.27085197049106,0.6751070930340018,0
6.4361999924796445,0.34480578032662645,0
2.5205724429383967,0.15593738678117008,0
3.1052241518227612,0.12497870399657614,1
1.2692446791869827,0.2114227267886438,1
4.433262132946311,0.47426455672629453,0
5.733358357436565,0.4505065714038541,0
6.248995691913512,0.731058571937214,0
3.406729049391421,0.16198061539020722,1
4.148708566558471,0.1167586671210427,0
2.692899355659924,0.3187713397415011,0
4.056037359389045,0.08936562506676814,1
3.627930304998429,0.4500699268230759,1
3.116528774502975,0.5144058574263531,0
3.275507384554259,0.20399985143429927,0
3.9038445667872974,0.2248665743519614,0
2.4116951303088716,0.26556060000267395,1
2.5150064158439336,0.27866842221166277,0
6.414724027343107,0.37738444260444737,0
8.421093537692766,0.12891067690128083,0
0.5912661029319124,0.43544827832392435,1
0.4810575912478825,0.5247786803765173,1
1.0856943443837004,0.20888693050039253,1
2.7934231699228897,0.30942015903893993,1
4.791561022074514,0.29900471181024424,0
4.182505884096544,0.5875576396936972,0
3.3440622735609367,0.32842034215556226,1
4.057871093915798,0.05935225923380885,0
1.615827686743261,0.7128599699878639,1
2.5117544564947623,0.18730443929431032,1
2.9598109032484063,0.12773977197941044,0
-0.1684326777437053,0.3029334934793058,1
0.6773795905548079,0.2926653650737347,1
0.756867877444682,0.11271441353658669,1
4.528216447367549,0.13993357371626394,0
3.490709897144833,0.43462291200823017,0
4.222122400147886,0.42895727791832045,0
-0.6793099796049287,0.07066982794693495,1
0.03286662789679351,0.06780567291465069,1
4.326430880512991,0.4016537838917859,1
-2.5573392833321016,0.15943336823938617,1
5.449258715199609,0.11368258688680513,0
-0.6466342870455799,0.34651151385801343,1
4.686689783849957,0.20300888109864204,0
1.2228307504860747,0.17371754878591122,0
5.097807430343165,0.21794357604007666,0
9.41632182783299,0.2624550471458064,0
-1.546355260242251,0.17469242871658344,1
4.390754295721297,0.2631852150787161,0
-0.6163254271874794,0.4554818309424662,1
3.8535378444350084,0.6411805539532673,0
2.586455672896212,0.3581205036627522,0
3.2595646449236866,0.330191632356913,1
1.176627447343526,0.3088920498417225,1
4.5610822189930005,0.4185743324958515,0
0.10328432405923804,0.35633648349019625,1
5.48327452579748,0.12066626967580818,0
2.1814993867796346,0.49137739436585653,1
0.19461864519382077,0.1393945300417816,0
6.189873646681397,0.2027077530259208,0
2.8653146943816936,0.46204631938847335,0
6.8152719408840525,0.5159111397282343,0
5.442712258626685,0.28276138181946797,0
1.40370859042713,0.27170616676092374,1
2.830020398126502,0.2737314924962413,0
3.2420758793271487,0.1649380983838118,1
6.052606399972879,0.14210074577733617,0
3.8750354267342297,0.32163049799564614,0
3.3525852421929185,0.085114007978933,0
2.6002408258033847,0.16067486966547775,0
2.898885928290722,0.16564445079932766,1
5.609184171356649,0.17003487969261236,0
3.0074107015949485,0.4843912255167114,1
2.2100054574036507,0.3070178549690471,0
1.8709856687726263,0.11482369624768365,0
1.892469692327676,0.22239598894079995,1
0.19580800791446995,0.16867818230547355,1
1.499249383347042,0.04935344637124594,1
5.996840551300647,0.3367233455637925,0
2.5868014788650067,0.4212469599157071,1
4.408823337112197,0.41027827129065236,0
-1.9575130358016688,0.509010468268761,1
4.136622617931758,0.26350995916208075,0
2.6772945912617727,0.08218341033670638,1
2.0371199542189826,0.2116874022843924,1
3.3619199148422636,0.194304132697616,0
2.0083494923759444,0.17722531946048328,0
-1.247749839776712,0.1318981422096237,1
4.844495882343875,0.24163412806592854,0
3.486035122696386,0.37013691080075745,0
2.3721150905042965,0.45842503490730296,1
1.0676292558551252,0.20588106042904172,1
0.060284967785730004,0.1049210842575405,1
3.4477854141361153,0.6034622902838196,1
6.226881920450718,0.08282171850457429,0
3.4063329534820763,0.24566591447590744,0
0.2344767878143479,0.22567777265834874,1
3.450233454076805,0.10781184267741303,1
2.8933140755065443,0.6413535441309542,1
4.728087252148461,0.09548783244431658,0
4.213466354823453,0.28331771964291613,1
-2.971645068219847,0.1944809722957665,1
4.090484408856914,0.2581435501915123,1
0.9930411809918325,0.37694929689691553,1
0.15654251710260203,0.4361065754820128,1
2.6230531792528726,0.22430932362160727,1
3.8219422180600233,0.051548736659071975,0
-0.28146922057364865,0.501121562971334,1
4.409152834115103,0.5529221144942142,0
4.526677695063199,0.254691123882574,0
3.0939523925989953,0.3464713159597131,0
1.2647527395459028,0.24691649586653708,1
1.041243991621416,0.3065338277975518,1
5.051864263160455,0.25954630045211236,0
-0.02244537299180971,0.5868569103644599,0
5.128940921638357,0.29072042242905327,0
2.6696016817391266,0.4085440107039046,1
2.808331000714286,0.42411266163513517,1
-0.41617541082665,0.15896493838852832,1
2.7065667397428266,0.05018520300662421,1
4.227171032022752,0.14075818911991375,0
0.32717982429603776,0.09011137558645582,1
3.997271734503691,0.579129841533107,0
3.1780245073580455,0.17989793048307132,1
1.7124887723353863,0.37193328040022444,0
4.709346172982609,0.18250499090070207,1
-1.4045135379571123,0.23410993214126466,1
3.693361497487418,0.5210885295009584,0
6.238870316146585,0.6687980412371688,0
5.879886278201323,0.08918110801502496,0
3.779613441077045,0.36892584385513066,0
2.396638447738308,0.05900749062853236,1
1.7283948869047383,0.264438223259637,1
2.394148412188716,0.3447002764175235,0
4.087614495835812,0.10897981463455791,0
1.3855123890811676,0.29160378397023884,1
4.514847636100762,0.1196751717825558,0
7.266321036006648,0.11785213439798024,0
2.87623352974521,0.5331868715742557,0
0.3112103934333894,0.5754981690102338,1
0.31051050736717434,0.6211528274618673,1
4.553131103423151,0.32825208139733064,0
2.8805076420791127,0.26150140133059224,0
4.753661792128106,0.16745610551129264,0
1.932731501681301,0.0809453585163775,0
4.661247095079663,0.6250907282579575,0
2.683401653100549,0.15489915719639705,1
1.5349918893521017,0.38625409177339665,1
2.1980030423952313,0.2910197909729286,0
0.6058912891535271,0.47731341827223817,1
6.978719117163223,0.371963073057057,0
2.807236372883026,0.17072781951028415,1
4.289028177364392,0.12528243956582819,0
1.9262617342584014,0.058985037048434455,1
0.8961443560403537,0.07375760058676276,1
2.5322389781641297,0.09690537018696652,0
5.2023850667583975,0.12583839817114462,0
1.9585364172034327,0.4509600141619381,1
1.2589360545411692,0.24320220362821343,1
3.310928488738287,0.4959753486121768,1
3.998045201435488,0.3143879397496053,0
6.285696337706366,0.20622017379232596,0
3.7075009567449895,0.26723077588965644,0
4.28798535706247,0.18549212981995136,0
4.438550473840643,0.3470365240975711,0
0.6939692361347394,0.15591721664122699,1
1.0733358590609114,0.1730167743830145,1
0.8322074207886994,0.20641349977459114,1
0.33570848861670877,0.06364168750135328,1
4.590919749740808,0.5562645236967508,0
3.580100183327511,0.3086072115648818,0
3.1589921261828993,0.4953896341783684,0
-2.1854330308045373,0.3386064109827232,1
7.110953717237237,0.30986009893823874,0
1.2114559916928886,0.3367974789023529,1
7.103625511877915,0.10826104221018078,0
0.10151703869736783,0.2661468144954532,1
1.3751976828869261,0.12168095760253972,1
-1.4056987650192596,0.5266100899788762,1
3.724249951885395,0.1765251620901934,0
0.7974863583775353,0.14466481629733335,1
0.8539996918032915,0.2074650449245204,1
0.25497156565120527,0.0916357756873988,1
4.554710125475726,0.09249640919772535,0
4.422927303135094,0.5075887792492055,0
6.624067782157571,0.20812598311133604,0
1.6285867578540534,0.10748747642813904,1
3.4376387420936005,0.22497976023460617,0
0.42132960519609686,0.5411284001804114,1
2.3299219545293637,0.11452710763792331,0
1.9623093734376449,0.5061479459103424,1
3.9288999149908417,0.14444300159250031,0
5.034043612836382,0.17351507698248972,0
4.982133381663,0.32985027914542003,0
1.3143754555647784,0.5507280211480939,1
4.996935809245999,0.13030079639761313,0
2.911829725784406,0.20584517235741026,0
2.35080620820597,0.22415198184759919,0
1.5829770263621632,0.22978651681418363,1
1.880128411276896,0.7146356490916402,1
6.484627692392467,0.2833903071850496,0
3.614821532988047,0.08051358368831225,1
3.3492236950024097,0.31091802983725786,1
2.4755062829261067,0.4588260400029786,1
7.891957222876057,0.3167884165923193,0
5.61002097769285,0.3254255623364658,0
1.5578757704024147,0.2227547829078257,1
2.4527698905907513,0.3995235252327736,1
2.5715109132581793,0.23921703349912307,1
3.291743956565199,0.12982742601227346,0
1.5975480147371295,0.31278307178715464,1
3.8776330467233935,0.03117949877889277,0
5.904176264078629,0.45584614161399684,0
0.37274378199167346,0.22443984666893857,0
0.7437065258158659,0.2243671325502502,1
2.033682889405386,0.41188985773317544,1
2.1264088797843406,0.30722278895952676,1
6.9969317494918615,0.11166761415812476,0
5.0034184400296775,0.24405907496798704,0
4.888644704236528,0.1958502755779685,0
2.471268612973199,0.18639011890683435,1
2.427373186426372,0.12952268227295005,1
0.09658917246920273,0.3929945254083578,1
4.563480456095634,0.6110286709421042,0
3.9821092096175708,0.4550298079131094,0
5.571994729356567,0.4624489339912082,0
2.578340573287665,0.07654835809906961,1
2.7164417075992064,0.03545178368325933,1
3.3400910571212714,0.20650673448761064,0
4.783795151014191,0.29342496520194333,0
0.05956875580504217,0.5875476053502682,1
4.472112267476749,0.11194911527176903,0
2.959008875654339,0.2149056269624585,1
0.8827254640926072,0.3867090869701466,1
-1.169211505308133,0.10634856088044899,1
2.727052576243293,0.17369345289219762,1
5.8954259665481406,0.2047122195978355,0
6.34936933348279,0.19229121816478717,0
3.710752421340193,0.45688627468077736,0
6.924011327684495,0.16348299019520954,0
2.91411783408651,0.4114968060059295,0
4.9066071032855625,0.3334482766311258,0
2.0975382221871453,0.1193574837536015,1
1.9708023214317028,0.1486037202747374,1
1.6449817662387274,0.113948329453843,1
-1.121057894248625,0.05099574378682167,1
5.574184519893823,0.2948773405366161,0
1.7167351217239675,0.27521360626688396,1
1.3971224404896072,0.5506978346343537,1
0.640056636774649,0.07175789751987771,1
2.591281126927434,0.2159191117790438,1
6.526984621119485,0.2470612194203471,0
7.187557701645435,0.30894853309538317,0
-0.3217337516041665,0.4291252387211983,1
2.2911040080474354,0.4234069232204864,1
0.9312844598126029,0.4469355212708439,1
4.9766754824230395,0.13045483771869817,0
3.5731870945878534,0.5619053656304719,0
1.72686134524033,0.6269152948409309,1
3.145146161182038,0.22999241384416538,0
2.045162757184583,0.25723276919085303,0
6.228492188749794,0.5130603236117659,0
4.093919030032077,0.33964891397271546,0
4.3396468418328755,0.33584173039770626,0
-2.333834956065795,0.16692618812505589,1
2.8664226423423784,0.8237709170776176,0
7.166421918118068,0.26797188571004565,0
5.652258140073369,0.46432380593831374,0
-0.6941791718406063,0.16068307006964325,1
2.3731483346328117,0.4826375463164094,1
0.5969610681625572,0.5341223372502996,1
6.42220312072574,0.5508035804134306,0
3.488556564551817,0.4123995414040972,0
1.464408880537128,0.2683553554902166,1
3.068315887081578,0.6890567690499564,0
-2.2147310581369677,0.3204650062600706,1
0.8300773930868468,0.08854776813634906,1
3.072887451652619,0.5349134023355229,1
4.691350736906645,0.21703484612868865,0
-0.8826282411946815,0.3006901341694203,1
2.237689384595141,0.030126740668996174,0
5.019371477037644,0.33720079528168867,0
0.09709335125345575,0.254021111411661,1
3.4583656695683462,0.26161976707588314,0
3.131949006212007,0.1186966893966542,0
6.428760640713205,0.378688100902082,0
2.5397276137767246,0.12052406513877853,1
2.6567988032498593,0.27707713506410114,1
4.709919506329377,0.26266974228575846,0
0.3473026639013108,0.36460204965469056,1
2.558233586898283,0.23869347635140187,0
2.088549978318979,0.2630391770971877,1
2.7221763745897993,0.27880048740534724,0
4.6968128979256765,0.3427494176298033,0
4.108322970164346,0.4211581972137705,1
1.5026353829426475,0.2953989233892069,1
3.273398406654425,0.5357276561514753,0
5.980883228201048,0.24215297474539296,0
1.3372686024053895,0.1475981794410991,0
3.2903335607940254,0.6240145455846827,0
2.613678646122743,0.4014312229723577,1
2.873989968326446,0.30910565689336617,1
-0.2613152444988014,0.2999246349402499,1
5.821525708624408,0.19965759455902005,0
1.4512961982236334,0.07283880880741579,0
5.052143940307065,0.572054296481244,0
1.7572467839049777,0.5783946510253675,1
1.7489906962084796,0.10357658879423744,1
5.426246500930933,0.5219441755932218,1
4.987769206955848,0.39456736782490814,0
3.417331797927966,0.11751456470270595,0
4.52230109961264,0.2532029838153593,0
2.4228944394872,0.21014944681531034,0
2.98326474456222,0.2579364811173487,1
1.6767512150723618,0.19549323748709332,1
4.808129898600519,0.14119812345722021,0
1.6131733376652952,0.2576716181338007,1
5.970312689875706,0.35522458912202515,0
2.368331663360351,0.198457240499788,1
3.0410171280326685,0.6495372064627808,0
4.517456041308669,0.3209915375164443,0
3.047728842379164,0.5555686655705672,0
2.4041833714293794,0.11711723222342088,1
2.939953104383057,0.134859232663494,0
4.787636707115167,0.23070312091547257,1
1.674295555726589,0.48244638778632326,1
2.7475259854534704,0.31712381837370485,1
3.0205734546749508,0.5224216925088171,1
4.7291703910553125,0.03912201925474802,0
2.8003092522571267,0.3033205108908456,1
6.616598188987444,0.8505729794394231,0
2.6869228445698097,0.09130241837879907,0
2.5246327231894403,0.2689417372385503,0
2.6579357567645365,0.22573190443371968,1
0.3667171426839797,0.2336479692638372,1
0.92654630648263,0.055651722067912884,1
1.9386662205218135,0.6057827472347771,1
5.27165969770026,0.18212419929511975,0
2.9337478812759796,0.09314188753357888,0
2.030711620768587,0.13152384541911524,1
5.45306949121319,0.11281240961229462,0
6.102354265784522,0.10106353782706104,0
5.510764921815521,0.25158770044177803,0
1.2938200055296847,0.4559416004735192,0
2.0095027596126886,0.4254105750384285,1
6.627472140629438,0.17714719849105287,0
3.4822793840000443,0.2693014505254423,1
2.464745870207843,0.20560249811348666,0
4.4366959226616745,0.20488630850735315,0
5.014598134716225,0.08028116629842748,0
1.8571008581434711,0.15554920733787952,1
3.4388799172398627,0.25954118633938655,0
4.853120138434117,0.2661862071384517,0
0.6794257080802937,0.5123670975687817,1
3.02469091485228,0.45757780351177,1
0.7712206938985693,0.43042360204894575,1
1.0328390061463781,0.3894331050769115,1
1.8737998450393918,0.29609321375174263,1
3.9542390757589407,0.6797252736345022,0
2.3559547427237306,0.44779542375588643,1
1.7031637500631878,0.11984185977188297,1
3.1031091266499184,0.18351751805601083,1
0.7060745434671407,0.454329631706519,1
3.85760643566782,0.08043287784200659,0
5.26277352391662,0.27744746077279386,0
2.841591918023977,0.32303026853733563,1
2.5947020133995835,0.680224680095817,1
3.746880706431139,0.640246827596273,1
-1.0569388376630897,0.2320279003053658,1
4.073634913195734,0.02580905996955672,1
9.203771607489728,0.3241618820116847,0
2.7546475577705594,0.015736704563923665,0
2.7617499325673385,0.03590184930609636,1
4.487214000199367,0.1723340096673646,0
6.290665336395924,0.021857023261300085,0
4.94993568886827,0.13565480486123932,1
-1.311213757167101,0.41721667809493235,1
4.126797675325494,0.20586551957622878,0
8.14386029048335,0.266098800271969,0
4.24488209351893,0.11609901873860311,1
0.6907961734565009,0.5008223455427994,1
3.563659248837228,0.3546692684840471,0
0.43862549731786604,0.10607535124914012,1
5.465607378537719,0.23283637989092157,0
1.088234823944149,0.34202695346602774,1
3.148487269384046,0.09814640383515463,0
1.2844399960163047,0.07284104839931098,1
1.907103884904018,0.10536027485636729,1
5.97230129172099,0.672810639234921,0
3.2069143297873945,0.1630425243248659,0
1.8815950525485599,0.12923853642241298,1
0.7095440582265544,0.10618135604065182,1
-0.7434029727988727,0.1293739547867383,1
0.4974387329546266,0.18317264245810128,0
3.223918482888756,0.07122312248717612,0
4.960467537445327,0.632404481026635,0
1.8792970151555979,0.09704439280703234,1
6.1410872014380296,0.21435935660854735,0
1.5649991555435463,0.066095785687062,1
2.5239765542402415,0.09674278698110479,1
0.8408465593254961,0.12567197678410835,1
4.981523469135712,0.8050547224945841,0
7.195021228089136,0.18972926960837452,0
-0.5236339218723955,0.08852373638441074,1
2.3076758627306035,0.3735573700882136,1
5.529559694100071,0.446860856861117,0
0.10610895714879742,0.3371583890228784,1
4.133367813942173,0.100534870019808,0
5.442944400415142,0.057609199110970774,0
3.1564576287136745,0.3953169154495258,1
4.100526141880265,0.4010186736628808,0
6.521804772255215,0.052840691291584266,0
6.8968531082022935,0.04345664642431952,0
2.876065573931034,0.2988030974937127,0
1.9352443014015337,0.134154484526879,1
1.160039777852607,0.30218754469728915,1
4.9539283008574255,0.3107830164645027,1
0.25644888441806346,0.4194463513020442,1
2.4948519240175955,0.21403764296556368,1
3.2053795419089317,0.4259585141435613,0
1.993994974562491,0.2732153798753804,1
3.559640530038248,0.29740836329832115,0
8.129026636585516,0.20846474823048822,0
2.756802819306915,0.08774190714161274,0
2.1291887451452207,0.2967511187857383,0
5.0306636487637055,0.5499474438842372,0
3.479167288291044,0.23556247127084312,1
5.878671542422753,0.428133148730337,0
3.329375239639437,0.3491809888931388,1
2.5031535840579333,0.2870892801670173,1
-0.5674497761891106,0.5195576153510542,1
-0.23946938762348013,0.166190764954924,1
-0.6713973808542053,0.28992691443223323,1
3.758678332568479,0.47759918729484485,0
0.2755010402650808,0.16406649926355563,1
5.511154731838766,0.41257974794414254,0
3.0604931297119076,0.32297406627852054,1
2.5116261617966624,0.15932875128410257,1
1.3122898495913238,0.14411641538089703,1
4.244517496540412,0.22645129809733558,0
1.3910043609151772,0.13520182306938078,1
1.0292439918602385,0.30606016936067704,1
5.376699841210698,0.07512081470427534,0
3.709242321550045,0.23160853167192647,1
2.5301411435034558,0.06724582551877295,1
4.282865969467434,0.04280230068547895,1
3.0178637462213973,0.3379149278038919,0
3.766026300903367,0.04818047131038432,0
1.36630419524909,0.718501313201401,0
7.140797217821245,0.2792118887031089,0
1.84076006464755,0.40143056227742574,1
6.112032653899954,0.37895315569655896,0
2.622262301391047,0.2811377373453289,1
4.6141942313099245,0.06007931993273602,0
4.468446998052273,0.14780447887102557,0
5.293703510300091,0.39434968630559897,0
1.3187525856717104,0.32472028022133576,1
5.151270802557724,0.5692942847519349,0
6.69287970182288,0.2570312167306267,0
2.482614041516286,0.42490838238182127,0
3.069412134284245,0.20976517154065485,1
1.9531067150396917,0.22010447150285356,1
2.3071274956298002,0.4823743072691856,1
6.422845597864981,0.06377522631028001,0
0.9915309477395917,0.3283633372511457,1
1.115762356298456,0.31504884032794556,0
6.221801872828754,0.21829778153537555,0
4.2490968517767245,0.20729112531530666,0
7.2407404980850485,0.16359009978194794,0
2.0991227243482937,0.6685340236625587,1
3.252562274475139,0.16561654944746113,0
1.6786461124563912,0.4229911047126393,0
3.286602337295392,0.3605177884875211,0
-0.5481933945686075,0.22568424428745854,1
4.369909113310016,0.11205212223977039,0
3.646948166984676,0.22078876485046928,0
2.884890675068162,0.1806149751313217,1
2.2192713508006703,0.38178389333592966,1
1.210492025263801,0.22252702392422738,1
4.4554258240655225,0.41110436098102554,0
0.657820028593187,0.39075672592615956,1
4.0237918240984865,0.45856656934620205,0
7.148902789618915,0.5564303313715615,0
5.9710429772885965,0.30860615674254055,0
-0.010255885341306392,0.6497357172937954,1
1.9265238793133943,0.4099159075879627,1
3.842901481110675,0.2386912531182301,0
2.8594361559712995,0.22739725904515126,0
0.20118856343515779,0.6740851775758216,1
3.7706319029469824,0.4098972306997627,1
2.9799662097674013,0.33866137822489784,0
6.8286508172075635,0.2928686654866688,0
2.4935425947651066,0.364903457343862,1
5.3360067706531815,0.39840943030935444,0
0.46582319374004877,0.2786917205855124,1
0.9439814042069834,0.43410953875405944,1
4.4433239196189795,0.3285882116710863,0
5.167461561214749,0.5132050509934144,0
1.0852145478512154,0.3753333808148216,1
3.0481548129678235,0.4506801059791214,0
0.23684165294184423,0.23651636632815373,1
2.637560347389041,0.29589674393294546,1
4.673845571248252,0.19155418799185878,0
2.1300830017277104,0.024206944872627322,1
2.5019305881123945,0.45350659213385724,1
0.7404092034078964,0.18984152075836877,1
1.7032831727501485,0.27771174542325455,1
6.516221832428677,0.40006364971238817,0
3.1458497834342656,0.29502925567100985,1
0.9953844666988036,0.105615095500208,1
2.3704561001640165,0.19591632691781632,1
-0.19485524233312423,0.14172189357752601,1
0.9716806157195754,0.09276222209642673,1
5.720679478092906,0.46618513871358463,1
2.71503515122679,0.3237412288502603,1
6.781460352202412,0.5669841784652039,0
2.809304323007888,0.37380076417419805,0
2.9280426076170083,0.34740627800377494,0
4.281788317084247,0.23123859384998294,0
-2.3451751644388024,0.5071936980226693,1
3.4098786473071496,0.3237977314081815,1
2.9020270238780967,0.1140427003364552,1
5.972077787030295,0.13617218969303563,0
4.929358788327234,0.1421902428591778,0
0.7326166289063987,0.20887752862601072,1
5.484277237255161,0.6564096900801374,0
2.47537094883801,0.36927038553225355,1
1.1910935474079098,0.2140024605400116,0
3.3942065017424046,0.15050088403496487,1
2.5944612886723637,0.15261219459884062,0
6.076930628057047,0.28071124596117986,0
3.68124405698242,0.4889849814587287,1
3.4113178417720116,0.5359494944348194,0
4.80129416571088,0.3801231000308759,0
5.185743236185424,0.3465101442775163,0
4.567210188594599,0.051318365697011356,0
5.8389269456299076,0.14396412480443263,0
4.217364825827577,0.34988581311235495,0
3.3353029294534036,0.5851267241989029,0
5.478344124176059,0.7485252426083648,0
2.8182077198357227,0.5052658962906706,1
3.066493032689323,0.0692901842230392,1
6.443153834593829,0.06237418790286085,0
6.243848255910462,0.22694821666344833,0
2.9836483861533543,0.5156036025719749,0
2.0928968453887666,0.19420734260756425,1
5.926347000416997,0.34465084802093965,0
4.600836715830428,0.6648143316631426,0
3.631162508394726,0.5077337520632585,0
2.356254579620111,0.42198253316602224,0
3.663393157429188,0.27997467998244485,1
2.9565830802245947,0.2240692892007114,1
1.6713236408540084,0.3292927436411574,1
3.25808465717447,0.14518897391747942,1
3.530848091279215,0.3600250951534557,0
2.249209866159538,0.5922963023147411,1
4.8076513772190355,0.050277366410719525,0
5.5776647846219785,0.0508906432998001,0
4.939795387310825,0.3485646843166397,0
2.4475032295720105,0.11488604530497502,0
4.511643008376744,0.21083031092264667,0
3.1559227949200803,0.6360434019123872,0
0.5285080428680966,0.22363494816818646,1
4.345458756995491,0.4675568446780697,1
3.2922632819138964,0.2330837402743147,0
8.187096004138615,0.3439705653388097,0
5.91454172655712,0.29788260140218725,1
4.422300313869048,0.427704045787424,0
3.4983410025763595,0.11455919457253902,0
3.3274445101160364,0.4094379717528465,1
0.9926211927337847,0.04188854186405066,1
-0.47797445439982145,0.2805531078477524,1
1.2548817818368698,0.17235815313084363,1
2.9045659636591394,0.7489462938923093,0
-1.2110785564179682,0.37338648402513436,1
1.9113564154545017,0.09621141309388952,1
2.504773933751148,0.35852946601934266,1
2.569146893029084,0.4044797058281289,1
1.6765528036237105,0.22192509392770218,1
2.316972371237199,0.4489237550449872,0
6.447787656247724,0.17719848831821222,0
4.324290562981206,0.39434211206739306,0
1.8793984462037006,0.24583993714828034,1
2.863304423276073,0.7449591577137452,1
2.943373328695466,0.24534897184494184,1
1.4640891325196979,0.633735120837464,1
1.4617395645122908,0.09432974183482008,1
5.021048040653426,0.27603548378255716,0
2.160431244966368,0.05558406855677305,1
0.8106072259382571,0.45620443069450145,1
2.9137193118611147,0.45817061592630176,0
3.236019506258247,0.3726877236097214,0
-0.9454084483876706,0.20050542310743433,1
2.918507284365614,0.06681288611816946,1
4.73595986869652,0.628457719468492,0
3.902458771043666,0.08498974326144675,0
7.459590230389942,0.24150790443505973,0
5.502218964624358,0.5099495664069277,0
5.897868049501707,0.22473170514272015,0
8.600171871828653,0.12401976872293995,0
4.516312523549196,0.31498826664081514,0
3.326140415865402,0.2823695192891398,0
4.947480586862664,0.13828961726913747,0
1.8815271332100125,0.5676556718126136,1
3.2153726389899386,0.27162097531110835,1
1.7045447138433727,0.3311377624206351,1
3.7959691151257635,0.17004883774141355,0
1.6961818239603597,0.28719061400262785,1
1.6261430002765647,0.21191201778529548,1
3.826946586211009,0.22249109548381688,0
2.724577118438866,0.42940696993689353,0
-0.855042271433494,0.5961696951348701,1
0.08888615737582084,0.14620188938706485,1
0.7054670170770732,0.34372027183542986,1
1.2340561877720513,0.3674268681311465,1
3.8288466589572763,0.3527281908663584,0
3.4378776941432716,0.11819490193487456,0
5.130558743398398,0.058254174948108924,0
4.505603645883542,0.1861882303253576,1
5.143805912365316,0.4005690007265987,0
4.216792382918246,0.5630702689741143,0
3.4193586181829794,0.06282811276096072,0
5.1987034845753115,0.41310371587122235,0
4.838825583480199,0.11048873244978312,0
3.752190735107982,0.6663069172316605,0
5.542143741720285,0.2127226378515725,0
-1.6915764850067934,0.4588518213488936,1
2.4190736517191,0.20629345548662079,1
2.388419068696538,0.6046800837578451,1
5.305365754963141,0.3072055232890398,0
6.142789993901539,0.20765797867641617,0
0.0996412595794749,0.01863395841570907,1
5.822334348298552,0.2678473843386756,0
0.6571096279474622,0.5570439317205051,1
0.7175695088783547,0.15839004913894517,1
2.5314285953452704,0.40042151333855386,0
2.363587055734831,0.18998209446963035,1
-0.11683455943375298,0.1435682551469682,1
4.299755946985134,0.07803142916060993,0
4.358804849453204,0.2523952726569447,0
5.108083192327341,0.27946094827925955,1
2.1330893404442697,0.5167994176922218,1
2.920834570055103,0.1446391286869166,0
2.9391456701947147,0.5267447747412954,0
6.375990882936929,0.037046729606369136,0
-2.6684895652664364,0.069629176147404,1
1.0861113020217932,0.22674639554161446,1
3.011081685583595,0.03459752287500307,1
0.828859530168994,0.13977881260052402,1
2.483359285457765,0.3777272328276148,1
2.7478489272601814,0.14589835020062417,0
1.6846277824150624,0.44612431185951,0
3.128937852205345,0.25848957912627146,1
4.2562985555156265,0.27023724379181435,0
2.527467109937996,0.051235900474897934,0
2.0936105320625287,0.20439926831457916,1
2.6684701666922557,0.20594671387910082,0
2.9851273067088213,0.29341837728922726,0
-0.4806391306688438,0.7137054989237552,1
3.9231078359225573,0.4047741516215309,0
2.097997541106411,0.1672529683622828,1
5.523070149622102,0.38559352873379826,0
4.18210695128495,0.2183467730535618,0
5.340132808439311,0.35669968203816865,0
0.9779924125701833,0.1723261082451458,1
2.257226717625147,0.24111503971150183,1
0.5150830250851817,0.41765040238677736,1
1.5896175821413479,0.11792939442271269,1
5.504210849017183,0.018521542412282654,0
5.97498115584499,0.2356186948451244,0
0.7037334103910804,0.37274194891351753,1
2.083444663365433,0.2608328214503565,1
2.8476086559521017,0.21424088862918736,1
4.171211283619563,0.5871923146877817,0
-0.519620527072985,0.28291819880706875,1
-0.20600016305687685,0.0364620789987634,1
3.9792522877448047,0.3057936350116849,0
-0.8980771378358487,0.34471759884792963,1
2.1064051877222596,0.4339537633156737,1
3.3241836171176815,0.19788692543985983,1
3.8313319398662347,0.2759014821337166,0
2.716563808912336,0.12770335505823907,1
2.268486561904939,0.5486923115910604,1
4.689141719432959,0.1588403743822978,0
3.570411852731515,0.31247069592129184,0
1.7059667560970802,0.31833174669265885,0
3.0754457933644765,0.035675687533465304,1
3.7663380453123856,0.252019302960723,0
6.436474482902763,0.3702949025376392,0
4.572647336583159,0.31936697786184476,1
5.429113711907887,0.44103745455869053,0
1.77878520740074,0.23303036551477788,1
1.9516341874899947,0.5360158626003155,1
2.52924001437402,0.3613407706994289,0
2.712854706723672,0.3959498519596096,0
0.9839500843942193,0.2649820240482548,0
5.531867253113637,0.43431388613593097,0
4.7667032755175835,0.049171398612625664,0
2.3886442773969856,0.3790743439744883,0
4.283421298027707,0.36203336507128475,0
3.445798326007676,0.02426065976134095,0
4.43965596186275,0.36001676963338547,0
0.3113857529487398,0.2974653717951186,1
2.7086778536051304,0.21074056604717523,1
2.8839229441884093,0.2168194828517396,1
4.247284199223302,0.059873881780753826,1
1.7431247976357334,0.13640836353380345,0
-1.9998614481647925,0.174239272695559,1
0.8366005646341588,0.2769871040848215,1
2.877904028578185,0.1789357005595144,1
3.1277684510066632,0.32619316849635216,0
6.367496245249969,0.4620465268641783,0
4.165492881316198,0.3095705640541441,1
3.1630605584629787,0.13063672383282743,0
2.935217446437125,0.20653027911438324,0
5.208366764339386,0.18861123399905172,0
1.8197790956851236,0.44737208223069225,1
2.719432424518802,0.37395641265301516,1
0.8214837597233968,0.7045840166124291,1
5.837812097390608,0.6475690772097449,0
3.7849978740032273,0.20398106354005538,0
1.5849534079921082,0.17281091033626628,1
2.771089979363384,0.4118902061699262,1
4.01930152641256,0.10905163816352542,0
2.498562174555449,0.3953818754484296,1
1.9310587565747983,0.24192714537904983,1
1.6914526280313371,0.206793064162236,0
3.6779237984822295,0.04467345143855296,1
2.2838914415786298,0.46559878362627133,1
2.0924845304745077,0.055495803946845744,1
0.3278764898891886,0.2765428059924872,1
3.1552811530543394,0.220232632708063,0
2.6375531224161834,0.14293714039634936,1
2.3567033027160704,0.21480844142512381,1
3.3975413549774367,0.25182387062012157,0
4.496004525471796,0.3890720930457698,0
4.403130943880937,0.2779895021510141,0
4.105457001799525,0.5501154008031459,0
2.5186594427285574,0.3976040054933246,0
1.8660033281175161,0.16262869126539323,1
0.9121687173551254,0.30421160776366407,1
1.813686985323836,0.09320096453686803,1
3.0393001902731394,0.21319550950283472,0
1.4274277566950346,0.2545139930408277,1
3.192114278234886,0.06820760408915752,1
1.0690866441762714,0.1660341489450271,1
-0.3219837780140442,0.455005178656678,1
4.63881224172959,0.4239974183140812,0
2.051170809268311,0.19457547608622983,1
1.3259326935522178,0.6521622238529368,0
0.8123057174051231,0.4443166788577202,1
3.846071949460801,0.3884041137481875,1
5.749815422935935,0.10246651415800473,0
2.193852277987711,0.15336105718834037,1
2.5688732506748364,0.16133803559445736,1
5.143263679778144,0.048773981336226464,0
-0.6208914087166244,0.3054918327400263,1
6.933737285825334,0.12018219572536802,0
7.888200604652739,0.45101717009924247,0
-2.4126750588401658,0.3442636362037212,1
2.804993542166486,0.43744874836144315,1
1.562105936260873,0.16407258791331716,1
2.470456458190532,0.3726073335982924,1
2.163229860768153,0.5323985750083273,0
4.623518196958717,0.2519661227871588,1
2.7748601860640183,0.3297562278940754,1
1.1781855716000869,0.3281396113460595,1
2.6556296774097516,0.439880236946692,0
4.02956847392482,0.25734124727987934,0
0.6325573444694363,0.2006563484930797,1
-0.2924673779399609,0.08072507022018544,1
6.98548560167064,0.16610831096207748,0
1.7151466405831275,0.03304299205794459,0
2.7252940261609546,0.44806701032880125,1
2.204409188348855,0.047050699702640975,1
4.096175408164284,0.3826234222980956,0
6.545579846182088,0.5685319872949874,0
4.159867683458568,0.5388197602711919,0
-0.036730295079982156,0.20143446597892653,1
0.23175314598294028,0.10275584360323038,1
2.202070449346167,0.4068636978117846,1
2.463533600933467,0.10927484226274867,1
-0.4439025390932012,0.12165288059827932,1
4.638681840348881,0.3906878106260568,1
0.827358884237043,0.37738654667206084,1
5.986603124251511,0.629685456630504,0
6.641265194411441,0.1765987717030455,0
2.5034929347356454,0.23566802356103697,0
3.8779452808363697,0.1991577074763883,0
0.5361055558315968,0.1007837842310591,0
4.247352652958229,0.22303759371981852,0
2.00361515313126,0.20188107868270458,1
0.8255293568232931,0.1353602378558141,1
2.421330023494032,0.33662266699128246,0
2.068503983189274,0.08594696551210347,1
2.3496811939924913,0.17902784622578363,0
4.899359805632718,0.3175429468269606,0
1.4293848147285346,0.7291656112105097,1
6.470045999547752,0.19758160334998823,0
0.3498807343492927,0.055652290140437315,1
6.23086054635719,0.41643310005810025,0
0.9669787561866126,0.1800971889475778,1
2.9979735349267687,0.41945803261643716,0
2.0196077730439606,0.5526984978357267,1
2.3125426569242906,0.09609462014564267,0
4.602714472711098,0.21538699063067338,0
5.999653594457621,0.5504582000528792,0
5.381049409911284,0.18939239346127315,0
2.1902873353163046,0.31488121388821966,1
3.3685104448091066,0.3078859545402913,0
1.4358442526632758,0.0006787400030289947,1
1.0168993748506103,0.35694982095549915,1
0.7073981885426623,0.30130456373836123,1
2.1248533860317416,0.3783625602940797,1
3.499211262029884,0.2102110819610764,0
-0.8236303195030095,0.2764061532458581,1
2.9072925948384687,0.6262866600201498,0
6.032050249099049,0.027538529826274836,0
5.24382213814825,0.5062635029552275,0
1.8296318469466684,0.16134268568853086,0
0.20625418143442786,0.1770469566764876,1
3.919660612929653,0.2508217985279046,0
-1.6348565004150002,0.47629648213935766,1
5.220308231765355,0.21726233001753548,0
2.572825084233519,0.06534321827415299,1
6.6626006411548016,0.5567489352205245,0
-0.4539309711529316,0.3911200699301617,1
4.836292450415667,0.3357463454292174,0
2.798982326371603,0.15195053164356406,1
2.337898937055839,0.07256424276513221,0
0.260313069575711,0.4529965049735336,1
4.191495813423433,0.08593319382506906,0
4.352274769553715,0.34964856773872427,0
6.570255603931779,0.276936141025428,0
5.016100525721185,0.27021343257811004,0
1.81220934208853,0.17357910304764038,1
0.9922748327649704,0.3474273765395586,1
0.26301713295522733,0.19646372640199222,1
5.94644869127894,0.24048468346550916,0
1.443651431444268,0.27068149458446683,1
5.960459737942614,0.4620124583774447,0
4.050144081724133,0.3864270816518678,0
3.659805763187921,0.048787178912062974,0
2.3862633748794035,0.5278636604264841,1
4.321345826004501,0.38171794434939993,0
2.969058474326396,0.6479252650711661,1
2.261573417062379,0.13353599815194692,0
4.3920095732964,0.0702515230994587,0
2.712055781557739,0.18005060492873576,1
1.4033304425223463,0.3301527398743248,0
4.199653550921303,0.06777604377930363,0
2.8720286887428697,0.1432863062596649,1
3.977820023515609,0.34114971897118157,0
2.092280283291627,0.014491868901953774,1
0.5817573906380882,0.2096535164434396,1
6.4701479250285505,0.34138273980577327,0
6.0932228215271484,0.25229410741831637,0
4.767569922523922,0.15284613720917123,0
2.2243786292514534,0.35980634598076205,0
2.399364053677855,0.03246799315757287,1
5.7646548917929294,0.635536560060606,0
2.2923399248651735,0.1477359073228258,1
1.734887927305405,0.050595094482303066,1
6.744469351272906,0.35836591913963967,0
2.9046446367722556,0.5491534154534888,0
6.536850657027691,0.43507424952359136,0
0.20321617861999597,0.18290997290621444,1
4.036369765569003,0.6015438823498492,0
7.14216519843323,0.22898672816368085,0
3.0595014893177237,0.5938626652265049,0
2.4719910154644076,0.17408327146124644,1
0.6644961648031606,0.6614947516996956,1
5.1646861088704945,0.36798222822152027,0
1.4597438347186251,0.7381969145496495,1
2.810382881220023,0.2541182734012549,0
0.530995440414777,0.28940520032407524,1
6.113789200194866,0.19120859400107848,0
5.309770621451365,0.21340550310583817,0
2.936830501573738,0.02563642260885074,0
0.6917021288261438,0.08756936218406963,1
6.071814098485264,0.15960634565916393,0
2.2681365459057057,0.18926031890219708,1
0.7895903183649629,0.32649481763908555,1
-0.5242360249450879,0.24175432821147225,1
1.7080697362124502,0.03867781443839329,1
0.09072375494012075,0.14194903370348522,1
1.7543583269543508,0.07444120376030118,1
4.48881746739543,0.240244566589109,0
2.2491996720495333,0.08039835158597619,1
3.711386764227422,0.057320881369147945,0
1.5533306809355363,0.10482306745663429,1
3.1303381327284625,0.39316720359572216,0
6.841801644172042,0.47952637198042225,0
2.303027843946207,0.27319053607824895,0
3.7688588752393173,0.5884141094867886,0
-0.13105445493687684,0.0999192872488892,1
6.040212244833741,0.6067434606861315,0
2.0455867421102694,0.12019997167372873,1
5.1010672998130016,0.13712571301227947,0
2.7536394084821896,0.2587844815123929,1
4.223158730041613,0.25932374556622545,1
4.342024854422001,0.08685038524664059,0
2.095119320974566,0.1780295814451703,1
5.183812871523704,0.3332423562698709,0
1.4820302720138008,0.6112304946065198,1
4.555868440055086,0.44312914149088495,0
2.219589411666938,0.19914372171720313,1
3.6991158972641203,0.26293874756857066,1
2.0760139952914782,0.48310733446804216,1
3.099951949413191,0.336385330691569,1
0.8506125966164659,0.17490054509393135,1
3.4951139693775883,0.24909107419862417,1
3.088375669919172,0.5743521310441212,1
1.9196928918550549,0.1337573272629968,1
2.8899440672194077,0.5334375100399613,1
3.26800895233582,0.37002285488495734,0
1.7672858934697755,0.10463590023003554,1
2.7424828485406616,0.2020903403869289,1
0.9888961182101581,0.4495882447672496,1
7.691466077922015,0.41587385205796545,0
5.11823732041637,0.3075974877921279,0
3.546188211263102,0.21972817021966118,1
5.34422585495339,0.36287712516479054,0
-0.9585049533675556,0.043411747148395144,1
-2.1153594756680123,0.5127072391872511,1
2.2014178765001877,0.5470773546682773,1
0.242871712795782,0.22970703638964932,1
2.5267889511033417,0.34907996687092413,0
3.4113132811897975,0.11229649100923791,0
4.840828996681223,0.431222616807012,0
0.7234720314495728,0.12059123825155783,1
3.799261372320143,0.3235502899328003,0
3.028779386304465,0.13938431299898738,0
3.695018619866169,0.43070217812626505,0
1.9604560984928003,0.4897625846535161,1
5.766270279724241,0.1807029617709843,0
2.7929827031405474,0.3983287411913866,1
6.548364447007538,0.1715819363072369,0
1.4192226926355527,0.11769802926901844,1
4.485654679911107,0.414980011292601,0
2.880663038878943,0.33786149356314676,0
2.3445151666664725,0.1937572472077786,0
4.264630680935094,0.18560205943575464,0
2.401653041620821,0.124022606570171,1
-2.3239306743146564,0.41296095567378166,1
-3.125736246348615,0.42617825061756215,1
5.544844320568098,0.2927593512157522,0
5.460516915759392,0.18430582197621231,0
6.774681892511893,0.1795526590326726,0
2.964943503435645,0.17807855362600744,1
0.41473039600421746,0.23163571700886207,1
2.160832314697997,0.36616498174588996,1
3.0228490307226257,0.20461600953535578,1
0.9859235514297815,0.24297451176221913,1
6.297149445947733,0.1560298039625923,0
7.479005759287474,0.03585211346185652,0
3.9565614014603554,0.17992320840000425,0
2.978272506603608,0.5507344735895587,0
0.4100660430511356,0.10479006417470783,1
6.092867792312102,0.2970192719641016,0
3.152613621698093,0.13990526656749286,0
2.4216712031787755,0.27280339846058554,1
3.9623481773490754,0.07318900511595003,0
1.828576942021629,0.27189417615896844,0
3.293750346243637,0.5136698283283446,0
0.11506629830868009,0.1373254566965166,1
5.174174378504868,0.2529837528357153,0
2.7911779177286538,0.2989417094477037,1
5.317601721268024,0.12692205804815196,0
2.597727644316761,0.10776381591466191,1
2.7276005824320433,0.11833932931102405,1
0.5753651434160849,0.25541954050288995,1
4.5195139460362865,0.0681315122614712,0
1.2483200919538169,0.5940188180359712,1
2.027155253601543,0.37092263855959356,1
3.0020943721650735,0.5189526447152935,0
3.2424483673787132,0.42203471843288115,0
-0.4121938804355181,0.12927637117452395,1
2.538388269023967,0.34744045922308636,1
4.590460437287427,0.2689293772815077,0
2.2433239309521946,0.32942654022876594,1
2.550536491573357,0.29858752629192253,0
3.324812101685453,0.3949919830711594,1
2.748079134906002,0.6151049035239933,1
0.938968995224791,0.5336830941363893,1
2.927307752666191,0.08289208813873161,1
4.9881463400117925,0.2372050196114645,0
0.897648105465819,0.41547579448083716,1
2.251036221028364,0.24396617928648853,1
0.23673735212984548,0.14651607679102585,1
4.88276390098069,0.4258774168937866,0
2.8152835863242425,0.45573551450447025,1
1.2996007327882735,0.5054875501253525,0
3.184531200286355,0.2267939415059186,0
0.5927995702090945,0.47090759824060197,1
0.9330089370791872,0.23738293071780345,1
0.07973294029643885,0.17060729495684437,1
0.8664415248852002,0.7474745725435085,1
5.714675167999612,0.3078074407444608,0
1.533763337434808,0.028121063703252257,1
3.9324502453029577,0.1566794579500641,0
1.3273971600881567,0.24388881653673666,1
4.519067491526439,0.31875320824968884,0
0.9478359981373687,0.18283217505857519,1
3.078455855523513,0.4107031715463646,0
3.1057026197378974,0.4625761241173748,0
7.655610672853183,0.5227010768749947,0
4.26085057596033,0.4083160233610185,0
1.8141919713414532,0.1815642457022378,1
4.370097927301028,0.25542239203551176,0
7.276348940970416,0.23347050101306271,0
-0.25927218096859006,0.5046296408809445,1
1.3150359148625466,0.32059288001724645,1
2.5262048817734124,0.1343297087888281,1
2.1658235457160977,0.20316026093394632,1
2.3344866033402507,0.33066680983318975,0
0.391535468813514,0.1704325280371828,0
5.807912107100025,0.12758012232324423,0
0.1547828030467615,0.1961015680890949,1
2.599574380755002,0.18066856435247558,1
5.091661183521396,0.2044402745626242,0
2.9396302857082945,0.4110188353858699,1
1.041211666194462,0.11792645111061026,1
0.3026486872520846,0.35813182281583855,1
2.540001607944436,0.23720278935634975,1
1.4859408682990671,0.3483445570484996,1
3.410462183405956,0.5722278871086849,0
0.19709770455164088,0.3722082890357088,1
4.6260714737752435,0.17167750738539383,0
3.231099046328929,0.35533445866646685,0
3.379672788704954,0.27647480772098243,0
5.882153556480034,0.35069904136313196,0
2.124409003256268,0.10410192739704559,1
1.548366610533552,0.15465189990392925,1
1.9044727433062536,0.5288046593749932,0
2.6149468609534843,0.2274298783254102,0
2.8180702104173427,0.12929287163964118,1
1.3386045267964537,0.4891449875061746,0
-1.046170506066118,0.1788541934062312,1
1.8781419982419236,0.1889461178658039,0
3.71965133257378,0.20929814237127328,0
3.2725166125069847,0.4394702856278648,1
5.399108939651654,0.15927334573116111,0
6.910973087927577,0.15433534593099887,0
4.518667542916937,0.0666574967518975,0
5.765041284816451,0.35535529851203707,0
4.53354858452624,0.1858393197332119,1
6.419798511854767,0.2594462798400224,0
6.701707268582535,0.12251879330759413,0
4.902330341557853,0.17803062672216266,0
4.412760292849171,0.1484932740030998,0
2.589535656125265,0.3155864492241714,1
2.9173254380721803,0.27092377209067475,1
2.324325337299476,0.10708045567191775,1
4.242503221790112,0.5845677408358466,0
1.559303925281303,0.38009879133915137,1
2.6177875804401802,0.34990275905772356,1
-1.7103397703566001,0.3219623723180066,1
6.446179789545019,0.09699568503042236,0
2.5590508348273633,0.14149364951667093,1
3.9111608746731537,0.029415478620601624,0
5.915573389422805,0.2013244741403967,0
3.6005868748823597,0.4391225970041674,0
5.888687404186863,0.5949075064012698,0
0.5165243756972662,0.10147541874230924,1
7.794753179195404,0.14083396317072785,0
5.174220396977532,0.23224415617117738,0
3.418404984973282,0.419016166860919,0
5.850158665250891,0.32940178904051326,0
0.6627302280212559,0.14096963487113437,1
2.4227702424610125,0.07817827444097178,1
5.888500792804759,0.08099494318043253,0
-0.7341203617899295,0.11626410969403878,1
4.12091554991761,0.048997469905181064,0
4.0643523196903075,0.24909891433461792,0
6.938451633644325,0.347456496319964,0
-0.16591083944447282,0.253752548142901,1
6.219262114063266,0.5286059896055578,0
1.8810585137021945,0.37428707112162607,1
2.1059810801762904,0.5872990942721359,1
0.5559912260804136,0.08632282753673884,1
0.8242959250661497,0.006872249457834428,0
3.807044694907845,0.21290305968878592,0
0.775336170437289,0.1832803278231975,1
4.480568667305831,0.03377912855362346,1
1.674067906060493,0.14713750913298873,1
0.5739323883027048,0.7186941471710959,1
1.944381707280211,0.4785031378783439,1
3.6734143835126116,0.16232544509655508,1
2.4452934761379614,0.6086736366836007,0
3.0684202366655966,0.22353738409747542,0
4.392414923672168,0.35301674222993196,0
5.164842903233897,0.4974738308234595,0
2.379809382821138,0.06898788083344772,0
0.9115559688476829,0.557389326178435,1
3.1521889578450324,0.22300334869516392,1
3.9412991722081436,0.18189775697202823,0
0.07854938805609901,0.512284955798211,1
1.21878340598483,0.3830264166141643,1
1.5616262080741181,0.26382536994855904,1
2.584355622559247,0.44166704753481983,1
1.4779321927464284,0.16273461064551503,1
4.414081450193799,0.30297806275268163,0
-0.21026640291683485,0.13092323962131566,1
-0.15943739438884919,0.34890342767218263,1
2.332222376977075,0.2936205326839492,0
2.6486943917202868,0.3879231063143932,1
0.09071225428379259,0.14231281482015332,1
1.7865023147048704,0.09867276466125999,1
2.1979123651618213,0.21115960153933164,1
2.213404105955709,0.17020830688798977,1
3.303762966578583,0.27701548350060407,1
1.6768422311528761,0.11852166203374814,1
5.9556726000165465,0.1820084694255264,0
3.9764092794671444,0.3302686071645984,0
1.3857729587173562,0.2800801968775354,1
3.189022986735146,0.07024056504193729,0
3.24803063721121,0.21754469566750378,0
5.429442948995562,0.2621461608758201,0
1.7992351421672979,0.04988906131726406,1
4.534677395441147,0.3610672535504411,1
3.0837089515649554,0.039158608078343836,1
5.983133032897532,0.17084623522389228,0
5.581782905278816,0.1951676616974931,0
3.3939586091852005,0.2079367857322254,0
2.475434757967879,0.7270948738476373,1
4.0132118193589115,0.23753560068499785,0
2.639099945745668,0.3113992628198299,0
6.36061421195667,0.16466483468288343,0
3.156940156354024,0.40145535511965835,0
2.1887147349743254,0.15949208714486623,0
2.0807698278521487,0.7679558642215729,1
0.5739288296025853,0.278328550173183,1
4.113118256186645,0.2511196315821652,0
1.3599775947209949,0.6934305240630176,1
5.1962965043754945,0.07378396471237209,0
0.4141298919968537,0.29517901594811274,1
3.2544828979465006,0.07074207868169796,1
5.3004475169949075,0.49835641074444786,0
-1.3044941292472725,0.26431120421779974,1
7.036531087584372,0.28134785884533514,0
2.149429605603781,0.331576241664569,0
3.2821907643242785,0.37515678811620157,0
4.142898451032687,0.1684718970200166,0
4.452258112231107,0.06860102320395212,0
3.547767876519364,0.0808209614170955,0
4.994769167412735,0.31256628537572556,0
4.038141425843625,0.2087712739129763,0
6.521762280064607,0.44692712133718593,0
4.044655085709195,0.26665024682731053,0
6.929271039766174,0.23096989738844942,0
4.802157680475312,0.4774520049399242,0
-0.6115002515365253,0.39736945030638493,1
8.222205356775682,0.3005115333222488,0
1.8513117830455623,0.30624379655274564,1
5.99108803040347,0.06960076205382897,0
3.0535868862388766,0.4340143124931701,1
5.122180515205159,0.4205787494698414,0
1.623042178268412,0.25372151691435585,1
4.251489086179176,0.467889114290992,0
2.493618909211189,0.4839669774579918,0
6.158006223179777,0.4327779760018636,0
3.877336334834019,0.23932594995497233,1
4.871885282603133,0.3549885837452078,0
-1.3281537429461405,0.26784083588431196,1
2.8288546404227493,0.1840371747137592,0
3.8211032701165917,0.29002337826733965,0
3.4472298128794145,0.7015508728550277,0
4.922314427435701,0.05343869040043479,0
2.268191509725091,0.38542529736713826,1
3.0975742100692614,0.5341326443131558,0
5.362453528829984,0.17898783614199568,0
-1.5573780068907137,0.10551687479302063,1
4.178701003276682,0.1367882576360797,0
2.332230348012893,0.6996379748953557,1
1.1753637508927572,0.6094303065765803,0
3.67308844855196,0.36476749754310145,0
5.454902593617311,0.4234696197051487,0
5.078287662968362,0.4457506262378259,0
2.7297739381867427,0.14634295480440743,1
4.751481927521898,0.5809754046837544,0
4.736135796891689,0.25013921878822515,0
2.8252574590136663,0.20665910289615813,1
1.613838896023584,0.2127942545354894,1
1.7295319377553402,0.25695940322948196,1
4.675706697736274,0.554342670235554,0
2.9157063725746184,0.26904123413159675,0
0.9076355605388233,0.1035193415297809,1
-0.3697256710182497,0.1387598256796678,1
4.663662904192758,0.4355765908393006,0
1.9064431554715524,0.37646488070746265,1
3.6607755113119635,0.5398448037183945,1
5.479413814138248,0.31444996647416296,0
0.38215104629302976,0.08682874644243922,1
2.90972523897431,0.48131249879665516,0
2.658611707562261,0.4742264443099879,0
3.759485751255921,0.1331565333631459,1
5.478319996840869,0.5879565724887357,0
0.34109637067518417,0.11361725912218464,1
4.139595897411533,0.20257761092546525,0
5.063047549987402,0.006133790051985392,0
2.6272458720864345,0.19120333041468127,0
2.725106014213753,0.4632465962170735,1
3.8368987379698445,0.16957701429757835,0
3.6896341557795767,0.36919043019670955,0
4.164705214734245,0.2901539196300842,1
4.122561052802434,0.18806309700604032,0
1.0360553887686976,0.1941878212320678,1
4.980532995409887,0.26354443288331325,0
5.3335663243804765,0.19126111104708524,1
3.3721657873805966,0.016299168280565157,1
0.011689386900666232,0.2871635729146297,1
2.770508587999819,0.6014879516795077,1
3.3888117538811366,0.46499495867659096,1
0.7107995244263656,0.30205621636966784,1
2.279723872845973,0.32668835038317806,1
0.1812612248829164,0.3339242741228071,1
4.214584449972888,0.36570339962477777,0
3.331910629804103,0.3431449972819413,0
-0.29156632962848894,0.13913002119196316,1
3.7029297231639613,0.5207885757881676,0
2.8869821052194173,0.3335002472746902,1
4.03282856550881,0.21816962562473033,1
2.2169351324891444,0.2871700465051996,0
1.3970411985139517,0.14463246131271687,1
1.4583107470843863,0.23996112447281936,1
1.9236595669031906,0.18109225732790213,0
3.037650193162094,0.2687805187004535,1
3.295916930849584,0.45771745888254456,0
2.6185602443837945,0.3584309398348585,0
2.1533609020069617,0.3449022177972197,1
2.2971934639890366,0.01618028586048003,1
8.015449571013866,0.32922665393230516,0
1.4585496970035825,0.1536537300716739,1
1.884055982907615,0.06141359370896215,0
9.587708216736296,0.3915502092495096,0
3.842026604921105,0.2771512224389476,0
0.24003866819260855,0.13525650087650598,1
4.6853744079545265,0.13317827606620636,1
1.1799222215977048,0.2365335441182327,1
4.818123015610194,0.012837150499111502,0
2.5780754412586373,0.2503548774528285,0
2.120408301021185,0.41136339574551056,1
6.218329937655166,0.13646138917861886,0
4.13280270531849,0.35531440917907176,0
4.945978874898415,0.560297774141341,0
3.8698393590398927,0.2624348735019016,0
2.111110952413803,0.4919577644296874,1
4.222708840516416,0.21121629700634265,0
5.418430785368921,0.12413141057411635,0
3.2694760870351067,0.21040166173725375,0
6.603285208693013,0.20195612973624935,0
4.700974406403818,0.27717975567148684,0
3.423965099543224,0.21775705364570574,1
3.5029730620356356,0.4508271481862072,0
3.2744742579352497,0.4443838082501249,0
0.49752242881001685,0.2474795332715387,1
2.81985560838279,0.21808831994975467,1
3.4423729706823343,0.102239088833091,0
2.1678297574669427,0.5686432079568927,0
3.67535403740939,0.10301633072078649,0
3.0426149807102223,0.5469137150889922,1
4.547383782197537,0.28678893718024684,0
4.326224762131462,0.09881732699705109,0
3.3343065751696823,0.33822210629565785,1
0.2655742173960034,0.15961261385217432,1
6.581445477362341,0.502821904306225,0
2.7162180028577136,0.06437123718016084,1
2.8382270926097366,0.470722918225745,0
2.314958302601225,0.34297309497789724,1
2.023176687868927,0.10913236842838196,0
6.088116096001048,0.046526655915920596,0
5.772088640772159,0.2144383643773399,0
3.8887868071553418,0.22072407769845231,0
2.784999691138549,0.4281509172126235,0
4.238235970027507,0.05234694262793913,0
3.1475939635387453,0.027730751091263557,0
2.6195541633538024,0.7169066485591472,1
3.6762118430126605,0.37017849989137697,0
2.1176845061091103,0.5550175359069647,0
3.504528528006865,0.40755003579566773,1
3.4084418512432713,0.11132648593201341,0
4.205872042515849,0.3150866486928983,0
1.7617260850487824,0.5276569379372575,1
4.4202727057530815,0.5310203805920714,0
1.1873770140989897,0.07484914369489652,1
1.8548666967575227,0.33862997277076307,0
1.9421498817085119,0.1888905592021738,1
0.8558964552526436,0.026787866224599877,0
5.031324566771326,0.34269163537724545,0
1.0618950476204054,0.1470886972013079,1
1.6021673251866564,0.6681986094243367,1
5.510815420973284,0.24252362588774998,0
1.858834596292699,0.36009046194292993,1
2.6237146297238065,0.33383605089118507,1
0.9759419981669284,0.08311419648068959,1
4.66590241524537,0.3583467613184685,0
4.69347248838213,0.5070981946836334,0
4.477891808246893,0.3937057994300002,0
4.075059656387888,0.09386405242595378,0
3.1471782220389533,0.40679140257224405,0
1.951246666124031,0.3646509423829516,1
1.370061386667958,0.24176321590995498,1
5.579811053523341,0.166163276052067,0
4.52960854345318,0.4957746859755218,0
1.6133915455991514,0.13936365592586475,1
3.079663536446269,0.6408630639831638,1
2.3997698140299732,0.37923090797504594,1
0.7435785885884996,0.04913902359912579,1
3.3553027532426047,0.36680749012446595,0
2.1690146715216083,0.28912020615386325,0
1.0949266674086289,0.25863524144863537,1
0.04173489171647615,0.2304094936771811,1
-0.12760700041134232,0.5144578224876788,1
2.257147744610721,0.185109302522051,0
2.829810059150169,0.23640205299151817,1
1.2493983796753678,0.49159340844975524,1
4.301478855314455,0.33445279249484516,0
2.8689069164340752,0.255050861190942,1
4.1537706211973004,0.32468249735734434,0
2.6341784196245843,0.11696327395908146,1
1.4257647295857883,0.15501957383702603,1
3.228235142277228,0.32565370452514514,1
0.47465097596335504,0.0782497596961405,1
4.078877041273296,0.5532903799223616,1
1.1257015869737326,0.065432339803745,1
4.836465053066898,0.15962626033641597,0
2.3230885075161707,0.24170199058703173,0
5.1250670326198335,0.24493835407043613,0
0.7547536228233693,0.17873770389842628,1
1.6444605985423593,0.5365072935414068,1
3.761869893697141,0.4176312879367306,1
5.340994186853511,0.034602370533117086,0
6.333217816629844,0.4943356277542605,0
3.0827323273617457,0.2872545992740456,1
6.675491261573512,0.30467819669847024,0
2.4206709003491387,0.591729224837443,1
5.197535244725945,0.19237646944605855,0
1.1156380060813895,0.6504932341919659,1
3.8404010137265083,0.4292342474591888,0
-1.6833860817128912,0.3801871658577504,1
0.7568179766937524,0.4264732846453788,1
3.93335359616153,0.052660775843402896,0
0.37512229559895305,0.3491284170950856,1
3.853899221578369,0.25110815571926215,0
4.812916241624727,0.4691214681760812,0
1.9973596145634438,0.40447055962938583,1
1.062094088651604,0.2879974572665464,1
2.0516267682905225,0.4533725605432038,1
1.068375361631629,0.052338701444853974,1
2.7975728839681646,0.33232110741546883,1
3.2041812497761635,0.3748190895494836,0
2.3879797538063823,0.21229678460128296,1
6.348718480373643,0.00877482982164118,0
1.5611923606260494,0.6020461449783913,1
5.782866358510624,0.015643465382570006,0
0.9175215273757726,0.22971680513027623,1
3.145555139883098,0.18469183559914412,0
5.366210817096139,0.42168581492834417,0
5.262714304506636,0.07219127937915505,0
2.1594842045995297,0.5170262178921545,1
4.1101394401426905,0.22616559213329934,0
3.8423581673284524,0.16772937586645292,0
1.9201216428145202,0.45907532285014674,1
4.231899874296149,0.3878512999552287,0
6.724984344104746,0.19602804688286252,0
3.943401330125261,0.1082519262103053,0
4.132712758141341,0.3053352868245149,0
4.344309956401415,0.28727757637824436,0
0.07804678528971909,0.2276015114747826,1
3.920449346412578,0.3434633240491448,0
0.9664808503229452,0.5810932580063337,1
1.8202261186044004,0.26494475155815017,1
7.323883562377006,0.07650360208768747,0
2.49347678068238,0.2018056102427501,1
1.5196517914115455,0.31574696597161334,1
5.305165157802785,0.07499637548775476,0
1.1046459943152462,0.10684228061874555,1
2.105161711620646,0.3947435984651099,0
5.498104335972334,0.38357313792176895,0
3.0855351306159187,0.61959907641737,0
-0.12319409025305861,0.14288258251108943,1
4.0879792286452385,0.34104923054392944,0
2.2070682359069824,0.21523881670821043,0
6.07970297306049,0.5346023672635293,0
1.7876261047317328,0.5571554706300419,1
5.102451947451852,0.2059604622402146,0
6.551396064731428,0.027554006031383305,0
1.2981135523768588,0.16211583852402517,1
2.6135739584836144,0.46768207188905464,1
3.777250548288901,0.2518884078424522,0
1.285308494891651,0.2777256337660044,0
3.540589893415661,0.3437934076964477,1
2.5501594249880153,0.3354415718841619,1
2.5098648568132695,0.5260418072161576,1
3.097876785416223,0.32192009147735046,1
3.1425294311571284,0.2675869882358146,1
3.3277615381520804,0.26882986972948797,0
1.8023473090864315,0.04925409297376641,1
1.8896565513004933,0.18521489290199086,1
2.762824822350339,0.268922877877494,0
2.9104847175284094,0.21237883705015742,1
2.1223013201067666,0.021266961321787688,1
3.6478792841720367,0.5144645894507561,0
-0.6295234973503936,0.22579392995002798,1
1.5390674821820967,0.15931500657226771,1
2.4401443475942908,0.15695364257020997,0
1.28776962593879,0.13669448262468967,1
6.258396029617782,0.4138790754146387,0
3.0377236934499035,0.1285652333728532,0
3.353539356451807,0.33386452519014936,0
2.0335385840690785,0.5776503885574726,1
2.968442159254078,0.1526041912319558,1
0.5694930713945321,0.34867409733972826,1
2.660365927809853,0.6258341280250633,1
1.1259831428084883,0.3334098906960716,1
2.445192830487675,0.5576496802732928,1
-2.1198331326049944,0.23410468831110018,1
0.7439935831129487,0.3452199388930245,1
5.927852809028667,0.3723380641811772,0
4.6607954982150845,0.20281346449886026,0
5.6380786718304625,0.41946422371281267,0
5.775442539341848,0.4606674660791056,0
4.345974848328955,0.05493282912799229,0
2.09426262924173,0.4516259840202734,0
0.9254981074687545,0.14909526062794434,1
5.293489210899393,0.6247707429615357,0
3.129135948774781,0.5989026475901964,0
7.988045632763813,0.08205084031644588,0
2.2698040479784916,0.05284436660469779,1
6.94579170956096,0.0867043529471633,0
2.6864164186084896,0.2458103136400167,0
5.6720971945174,0.11243313758954303,0
6.39338347446491,0.17719776012790725,0
0.9541001436385752,0.3486010398456214,1
2.030003843418263,0.17591884544264477,1
0.9340415486029383,0.11978717426217206,1
0.5401110234835529,0.44155638547495335,1
4.3341337010499,0.21017061598887082,0
2.606743259501957,0.35860324989431536,1
3.1047326463802722,0.2416046843578085,0
4.1124782699465605,0.35126510812875433,1
-0.7147736674298293,0.04595570118830952,1
5.5735320079141095,0.5818064964563107,0
2.301811673320165,0.15539253340870043,0
4.064802612475715,0.2482080590468158,0
4.2414256784570945,0.2548891078447411,0
5.741593121527681,0.059537758298543776,0
2.790285224433933,0.38626407859148737,0
-1.2472749180858616,0.303006351166917,1
3.1142552269071215,0.39123365925520825,1
3.4014137163232023,0.5428761615626924,0
0.9314782817197655,0.022131598547010797,1
3.2949813088658773,0.22134616911871183,0
2.277963130547416,0.36038727396051246,0
0.3144921014349791,0.06755511482521617,1
4.342969790018568,0.003951707159515018,0
1.8725496982044079,0.5520242424754094,1
2.187241570525862,0.6766096432119961,1
2.0748423054258307,0.0980183739508971,1
5.470957194928293,0.3101118715851202,0
2.9181676764532156,0.44500598529562896,0
3.158199641091643,0.31015762543434233,1
2.118727691227206,0.15231068995725056,1
3.9257336445098105,0.5390743801278153,0
5.698636096901343,0.2629411112279304,0
4.295721634973013,0.09043187118215898,0
4.373733922669713,0.156186701297044,0
4.212460411768691,0.4959148692636568,0
0.2395147133776736,0.46966935926832837,1
1.2477623366017232,0.360300877122264,1
2.5900252128017476,0.2334664314889722,0
1.5482719150135489,0.05465022435519713,0
0.870925950488004,0.12681835235341993,1
-0.7443514817411478,0.3710271146335294,1
0.3069415737317178,0.5772001180154592,1
2.486948885314799,0.08862375760053387,1
2.861147266362231,0.43997213289789716,1
1.413892447738849,0.08332756101358804,1
3.157850425366452,0.4109250092463234,1
2.1323327181832474,0.4860038215193337,0
5.1811471747476965,0.3667397596712115,0
2.6767484719503254,0.3884439496395546,1
4.392661762803431,0.2510276921770438,1
3.406427524589385,0.16558672593359267,0
0.19585792151189008,0.03062447091199721,1
2.8186836485256492,0.4018902216040605,1
0.5287518013426329,0.25717844881056173,1
2.7837583235661576,0.4462825225715501,1
1.5097383655386216,0.5843992257031276,1
3.7639260669696166,0.7115637437312734,0
0.3152913250675975,0.15119282883939578,1
3.0294036505588746,0.5703666543204897,0
4.144831165126388,0.30163758844633515,0
4.81519113861799,0.16490942584556428,0
1.4716644842315543,0.5047345031883981,1
3.0355019444143503,0.16883666765199593,1
3.368293945823147,0.3295884804836906,0
6.094252559085536,0.09628191981195838,0
0.03733987849972609,0.25648450100154435,1
1.1777949098579021,0.3046408039822991,1
8.60892498547216,0.15154336743389504,0
2.4538054320880507,0.22997848282213046,1
-0.7819876198065492,0.2570302899532342,1
1.834899713303668,0.19470783005884976,1
-2.537746442928724,0.07405731101152001,1
3.4818414249123064,0.05962896714657054,1
4.619569520556437,0.17390032483603765,0
1.1766752476624935,0.19541963629212952,1
2.0585521554969866,0.24293365709719178,1
4.847308310737825,0.2948735837102789,0
-0.5004309296921408,0.07342908911731691,1
0.3568575756009089,0.6019219467770625,1
2.5437696365687206,0.285555728016765,1
1.4953303250663632,0.6217653156500127,1
2.4122662050528243,0.20153173833783375,0
0.47249936118695635,0.13793876108422257,1
3.4286269718430153,0.5252617712004962,0
2.7015338296400224,0.5743644920679558,1
4.098380988466065,0.15596236276436173,1
3.400799000960585,0.2492062400391278,0
3.413380144992047,0.022107294465571792,1
0.10738529093977256,0.15217102673024818,1
3.9851831032897445,0.2692982817926954,1
2.338267196391116,0.6335390134623866,1
2.6668033847007644,0.14260267955553793,0
5.096528752781619,0.06432058531417005,0
1.5611288869662097,0.1993365808420528,1
5.702368656918001,0.352463888433691,0
5.888950598746186,0.11193675797874106,0
4.505568874728744,0.0371970858012501,0
1.0387583784651562,0.4132674700201415,1
-1.3725864912538634,0.3196014204755629,1
5.157669828519882,0.3021008273167271,0
3.2227701226621592,0.3142406373921101,1
1.5096050583570753,0.2875369246785919,1
5.347124687511205,0.21119955084740327,0
1.2768822382443812,0.15946426341526798,1
2.1516894835381146,0.26908025461409985,1
4.049780728633988,0.3280739772230416,0
0.7727943367702452,0.03845384272500862,1
2.781038180785865,0.08958656336546658,0
5.178274367826723,0.4494614623090052,0
3.42222148724226,0.277972671731311,0
5.494852673647362,0.11889676907874816,0
5.267204716011996,0.5816207253046701,0
3.0154766688432386,0.04989649509882826,1
-1.6734827527147766,0.7296088943149541,1
0.7884554095693868,0.01866901640881082,1
4.526668224768979,0.16144536997611328,0
-0.10050284057057413,0.16837372063476497,1
2.3466148228261,0.2900234084978289,0
3.6769612273780647,0.19340717677060235,0
5.9391413915230205,0.038695724674454736,0
1.8499606070911718,0.3978622628552479,0
1.7130245818337413,0.36982953298201326,1
2.895108467008999,0.34290306337880067,1
3.7018259396202047,0.16307388220225758,0
2.691506345207812,0.18584430688905867,1
5.098536697771621,0.3826031025241668,0
1.4017123339430562,0.2846411503933661,0
3.240321866758087,0.34274867294838757,0
3.8904254204940383,0.0708491594711915,1
2.199534380188287,0.20171694371199994,0
4.679419873119933,0.38755936840612476,0
3.297917082484699,0.32349924093305843,0
4.577691426304548,0.5618910294727479,0
3.388208216097664,0.09424909685901574,0
3.752809142974456,0.4617145525311049,0
1.7352164863012893,0.5384755382807586,0
1.7384565896175532,0.398897214678336,1
5.4487929598575535,0.2790853700728008,0
4.271020889040665,0.3486437181041093,0
0.9540696675551965,0.316252318612353,1
3.361726849309663,0.29878119055383645,0
-1.7475521070708515,0.4322980263615244,1
1.8521196726011668,0.41333491908536496,1
4.922055353239812,0.35227113010035926,0
2.749708822577681,0.049712445785446424,0
3.2358253393320626,0.16334516081837724,1
-3.0327624930404227,0.245877737899807,1
2.2154927637276964,0.13428232158492676,0
3.676544447654425,0.4798449327935647,1
3.9305797507966793,0.3140499021048534,0
4.924711422668729,0.2141536542289809,0
2.5794844964531434,0.5758343283818569,0
2.6686883747517016,0.20638218388305585,0
0.33576514118027534,0.26392641335300054,0
2.590956921653604,0.3476332091429103,1
0.4768498752044028,0.17171817114016977,1
-0.6957402396108336,0.12207630442484291,1
0.8296412597788434,0.023937101782533835,1
6.0173698156079425,0.35393043948789393,0
2.458877596973447,0.31124392382524046,1
3.4397547260467314,0.35400318398299596,0
1.9730074976038878,0.23255646403049038,1
-0.5811020389037949,0.05406959962000934,1
4.872226249859414,0.3986589688930393,0
-1.3443962797111775,0.15203175511927164,1
1.890414646416683,0.13378592786784968,1
2.890770238299878,0.10280365617458578,1
3.4609792868597102,0.6042941187910456,0
1.5470607909422602,0.1712893313330631,0
-0.6759229661099488,0.4925505901041292,1
1.3978134153291235,0.04051204065657628,0
1.5024840247606752,0.4858459627594861,1
1.4538130096898394,0.668082978912486,1
4.940117180415207,0.3115406378428194,0
0.5727944437217154,0.1990685921379507,0
3.6019585488763175,0.5371083030888408,0
3.3165940744358315,0.12406047513652062,1
4.92091015494334,0.13103768948642575,0
2.7337362565261376,0.0709005270242506,1
4.582261934395117,0.2658101231406705,0
2.655559723811804,0.21659646307159128,1
3.8687850531696006,0.32763954916100163,1
-0.0058821744944812515,0.3650216150044905,1
-2.2765561525822173,0.1698350010374711,1
3.7550937071317065,0.48575089978967295,0
3.862366252078459,0.33332239950181497,0
3.9510046663037652,0.22076669652024192,0
1.9501349704906417,0.22390239815720583,0
5.979444504420745,0.37672440155466663,0
2.080244368525956,0.12611423350581086,1
3.841758039344739,0.5747524160240854,0
4.189272450008157,0.3801925644355809,0
6.437480319498221,0.7277325811193295,0
2.365940760420333,0.503770870614973,1
1.6936141875416943,0.10036724261251763,1
0.0037092311693536217,0.3549317097284782,1
6.104734013324946,0.08438144655694546,0
3.8428218140970802,0.2638157542003032,1
3.9061222117886043,0.20921164605588138,0
9.233408482647839,0.14173603483899724,0
3.6500894823725987,0.21398437636707582,0
0.3953571897999355,0.20069187625121923,1
2.608192850014048,0.17340757179357316,0
1.0504351823026936,0.7415411292790126,1
2.2082632108344553,0.2906042763316511,1
2.1948207944907856,0.38819540196888275,1
1.825951217865901,0.04529381016905265,1
0.213434989289206,0.1197994365921926,1
6.185003267344593,0.37684202921751037,0
3.5976960888767877,0.2766932424408429,1
2.5490559305995233,0.2656482643965014,0
4.515275659031486,0.10279756906934862,0
3.942134549698782,0.12332693417575083,0
3.551381465484095,0.2033423817258098,0
4.369996145533653,0.5099961147335605,0
3.2678694875173133,0.2316590536017343,1
4.340442913983183,0.22702474478688878,1
4.50622460175555,0.45734412460486124,0
3.325437470065606,0.1101662500342314,1
2.5592110130077685,0.14369906922927336,1
6.060795602907818,0.12235445665224869,0
2.0441969204531327,0.3550716040897723,0
3.7826272008546917,0.4391448726800252,1
3.827816821478133,0.17891175807147325,0
1.7808842954727289,0.26570747242214404,1
1.3843552293770134,0.6461116294386309,1
2.292295958260298,0.31637418042410614,1
2.015566293648784,0.409832131960465,1
0.08373887672226932,0.21103987585703754,1
1.6970098349614489,0.07505417766017221,1
3.5324459692691246,0.2774490617586743,0
5.531887168297198,0.2359576831528338,0
4.108782670347266,0.34400915633082113,0
-2.1990689967404764,0.5018994312720776,1
4.2826074295146555,0.43799997052949613,0
1.8836964282085644,0.16914453312599093,1
3.906160149375526,0.02965417460866231,0
2.971729481578744,0.1189549178101637,0
2.6146247478263445,0.09204089164114292,1
2.7955285440757174,0.18146853139709512,1
2.9551513834604397,0.18143756225334084,0
5.688809944180488,0.5308844137520751,0
2.960679625829825,0.395605744932307,0
5.171072266362401,0.27879129255939755,0
4.879811731691314,0.487239326308329,0
4.334091095167306,0.3511173383247787,1
-0.5732376402593551,0.054669956302693654,1
5.233265312323214,0.2958571559229528,0
2.084197411728824,0.41883856100845196,1
4.431454562149545,0.193402798359573,0
1.054934333519173,0.3913279171688072,1
0.6298519133934883,0.5139509618722335,1
6.952777473662398,0.3030002907245942,0
1.0860338663237714,0.5254906680850099,1
5.292213278103494,0.5778872205073562,0
3.2368406428730423,0.39030508247031537,1
2.1597598832796567,0.04203473251845376,1
2.910342231339587,0.1751562430235537,0
0.3978110069373777,0.4460347255267319,1
2.972491240781539,0.1846417224291437,1
0.834519372208081,0.06383576047484461,1
2.2091124113720286,0.07608196599397278,1
4.850599127939152,0.35859176574944795,0
3.5083813531153147,0.43457186853347657,0
0.035659002238956905,0.059269946813652136,1
4.70297625382774,0.17605425348705378,0
2.9858004761817147,0.21264880725929416,0
1.9156294631813227,0.29884868267467724,1
4.493352607817862,0.09305563993453993,0
2.6655863260459953,0.47942193794705507,0
0.6686773201885745,0.1920972053038029,1
6.695619422899209,0.30884435547600975,0
2.9654251142180246,0.4164841326282958,0
2.8372295910355656,0.2967858783342589,1
2.18978965653882,0.279688293476931,1
5.359931478915179,0.3896748878901518,0
1.9502429837159196,0.05959888909607056,1
-0.0899597176232092,0.044851251400318023,1
1.6426446762080429,0.33419564034575444,1
5.653549200909585,0.41659530719925114,0
4.664264322914235,0.49574943466924004,0
2.489968694680278,0.3303435585948027,0
5.746510283280948,0.36242924191107473,0
4.495884457643765,0.6658821835934919,0
2.4668212727307868,0.30282234359957405,1
2.6681802897978404,0.36115401363661537,1
3.6586354638908682,0.5471730675668568,0
1.3362261006723684,0.45559856262624154,1
3.009010131018702,0.16469832592479586,1
3.6170267292265805,0.41823963018890536,0
-0.37393247721707956,0.3256736112699691,1
2.6213593548642042,0.07055287399963334,1
2.3938876292686233,0.30386341037202874,1
5.056136039920645,0.325998858271419,0
-0.6889939876220681,0.21052912332040363,1
2.2369879605925784,0.23598325977325513,1
2.0364907052708263,0.23720806534387323,0
4.9201419278432015,0.12825315106432747,0
2.9129068612702147,0.2063380228162187,1
6.592189291304739,0.13023389196354562,0
4.324426763812773,0.35062216529593426,0
2.179554011620962,0.17974531857684614,0
3.4793173931179178,0.25928163739045657,0
2.2918623812610837,0.07569049905430743,0
4.71879218098084,0.25140258278431,0
0.3356045734179758,0.34488659455552634,1
1.3526080468573332,0.15834055906107344,1
3.9113798371098425,0.4036558995348524,0
5.451512897447242,0.13931810194396796,0
-1.4039371922783976,0.44673098601161376,1
5.748942431980831,0.8312892387406698,0
2.7197297431439877,0.24995124932069163,0
-0.7677499238743262,0.4948265370937544,1
-3.003455683778677,0.2261375776951067,1
-0.05877213161655925,0.2951511034466953,1
2.9605902883091963,0.2901343421532986,1
2.8682039243822306,0.24948454556903651,0
4.26640086941862,0.45346001120907786,0
1.901025644878073,0.4263651740758563,1
0.7839189071076582,0.4954460880336982,1
2.173827224678214,0.2620855080601834,1
3.0672205738231546,0.16239071702230032,0
3.4615455899105547,0.3919526916990006,0
1.4216706014551883,0.38130219486208716,1
4.802893400670719,0.16327387678808977,0
1.757206456551933,0.26786060218284424,1
1.2605652753501924,0.28811378417688804,1
1.9152169810634203,0.22448792690780434,0
5.149680351405214,0.44365372979144724,0
2.7344070941186813,0.5196770985939975,1
1.6109729938604562,0.5608972510024999,1
4.8522155008970875,0.21067243558739074,0
7.2854970798974925,0.134843203784408,0
3.4193652686178955,0.03710653086815437,0
5.467684921730867,0.06045920047732955,0
5.0721559011495785,0.1305815294340693,0
1.788720496683334,0.20889222722774475,1
3.053268360952465,0.453623116411106,0
0.4349107405920254,0.1355539243318025,1
2.5901154672767297,0.33232786477565285,0
1.747619261748552,0.5744730175360556,1
2.19422808564873,0.29279851706164967,1
1.5002099372393267,0.17898797624810908,1
2.4258063836088652,0.16764958062400773,1
4.0644653725298285,0.13000502594240787,0
2.7610161791200087,0.43106883623597764,1
-0.7287463955107714,0.17737081457176396,1
1.5077588702030278,0.5027004844918519,1
-0.03879870511650463,0.23371842115011393,1
3.4881204519635354,0.34991219366228354,1
4.006634728108375,0.1293912369609809,1
3.51309644370833,0.4422507077655107,1
1.4251912134012252,0.488464457499166,1
3.4937078582624324,0.1181606315427721,0
2.0597714884622498,0.4353099750581949,1
0.7235491004994952,0.2506119496833202,1
4.48385983941786,0.40905214543963436,1
4.636055507447544,0.046262498838886036,0
4.8977909621670115,0.22928580212048857,0
1.7833027999350877,0.2036054789967696,0
5.358724625386158,0.15957513412295404,0
2.0128354973438647,0.15301386322831473,1
4.307002643077026,0.07057266780692288,1
1.9781746764666495,0.633884297930311,1
2.5520356725084583,0.28049213748400337,0
-1.8423557147783791,0.47564596338834714,1
2.3961735711661687,0.3634097861452094,1
3.1821799335700547,0.3620227995696779,0
2.1799007652723223,0.41540041050976545,1
6.512376136170278,0.4076506541335286,0
0.6750678293494472,0.44171318107727403,1
1.8728375257921483,0.4417720407808679,1
1.1902547800282934,0.23959768196154732,1
1.8724460420090576,0.26923514357693146,1
5.06282612588141,0.2995298474319978,0
5.956063588653928,0.15060425812045,0
1.5984147781621165,0.10309876713340796,1
1.5539849145535933,0.03776692036649967,0
0.6857427028121701,0.1931092885009563,0
5.612570773038607,0.2765364854202511,0
5.242008813832605,0.2718487053749073,0
2.7880364000224263,0.30594891339180474,0
0.20780160738623987,0.2594140644153469,1
0.38667486908749593,0.21479546824449117,1
3.341258900769186,0.2998429478940137,0
4.098675836892998,0.19399635697116488,0
-1.1322896100422968,0.1063111085520926,1
2.3573801789242346,0.38054389341504796,1
6.236591779114768,0.16086564634740907,0
2.564981586739429,0.2481415355330485,1
5.979276181581248,0.5765741869432616,0
4.298092257911367,0.2247444813066487,0
0.8314407983292846,0.3152452682068996,1
2.414657413296288,0.11190517112031098,1
2.742611522910594,0.5215588248997979,0
1.0949768638129869,0.2613815344688699,1
1.0602639543781176,0.28918765438754085,1
6.013537184237121,0.12695723447374604,0
1.0452787606140967,0.1055086729809655,1
5.15687215281736,0.08712069618182304,0
2.1270310432699673,0.17616023989371865,1
2.948721340233655,0.46417863555020566,1
4.123688836477145,0.5925143136439986,0
1.8028826541906426,0.576963226568713,0
4.135808626989067,0.2618006339272106,0
-1.0928593990967643,0.09862820652896355,1
3.8794147768292735,0.20452434948609458,0
-1.937060249143272,0.09601517667215281,1
2.546306546603085,0.2841449836154142,1
4.708485970636983,0.26715645919009184,0
4.244590612116752,0.12992393490961096,0
0.4031790420761179,0.1372772724888525,1
0.6606712078129662,0.2850455958082618,1
1.6226559193547303,0.22560832026529815,1
3.3724317247162694,0.357520657155612,0
-1.0638663800874069,0.47675619843734346,1
2.9735528483028837,0.18536389413974408,0
3.622858747600129,0.047208375828343994,0
2.4339256382580325,0.5138468242294121,1
4.0506419361061035,0.5913022505739844,1
3.447448316652408,0.4270511107148053,1
1.9166914812022093,0.13597997901304026,1
-0.8723787205189804,0.11767220000600553,1
3.266826163141646,0.26648666692960343,1
1.0938492695400444,0.20542911561815624,1
1.8433147502769096,0.47172212093104543,1
3.958248435926172,0.33614006796565765,0
5.834666766868702,0.20459429574827095,0
2.923879753115982,0.4918432571152301,0
4.108129672891741,0.11595745745249958,0
0.11104131769421866,0.5077499445565848,1
3.491047161990069,0.18391588248783344,0
2.880188124645675,0.5058313104480303,0
5.458455161252363,0.1284213641795084,0
1.9190830479424867,0.2212548060134067,1
2.5167247656752583,0.3012725815045973,0
5.117628934265589,0.8910589823172048,0
2.815932415210701,0.26024713221022555,1
0.7823172374254628,0.6423082953925204,1
8.103266546580246,0.41248932475865513,0
0.8428144733265333,0.08306686458229036,1
2.8705998369009524,0.6826110038117137,0
3.6933763120512264,0.15208860453719147,0
3.535235018062229,0.07189994238483972,0
2.6205125919872025,0.44698055010310733,1
2.6304792589473838,0.269200471061334,1
2.5301362674240893,0.17414887022953499,0
0.7681322828172559,0.19944641001890695,1
7.300438428845458,0.17973389184152416,0
2.560018164573246,0.3364751661442352,0
4.193861985646191,0.10069932611874005,0
2.330694284636789,0.10814863639052794,0
2.290472655289033,0.25805730071448313,0
2.0891126746606994,0.417458739679935,1
-0.09969157597850131,0.020572449427659865,1
2.6787577197584613,0.2597365589342602,0
2.1859846913611394,0.30553343598750315,0
5.343049018369554,0.18158436760197813,0
0.6065997648309693,0.2131562663945164,1
1.84570564489029,0.3074607835388786,1
1.2031190664918356,0.25925777592245447,1
5.885060788023617,0.3313614890296162,0
1.2611831102906574,0.1983507455414453,1
4.124599689452273,0.20260550266444396,0
4.9403229468119605,0.2597339821820779,0
2.7077541771691838,0.3874111074028041,0
0.24637799811906325,0.14730395358235304,1
0.27169228247261934,0.2236710697514799,1
4.71952812959216,0.32711788242514994,0
0.4788119624002851,0.0688733543930838,1
3.784053222119825,0.2975969898451338,0
3.228698219641193,0.2201323073866871,0
3.7542649686220546,0.6523436517672163,1
3.943169615691775,0.17673985792800515,0
1.1326584311641965,0.04770149520568581,1
1.0489436419705174,0.11305800050974577,0
4.429854268200805,0.05631014637222216,0
1.741310778871207,0.16774171335381663,0
-2.500296984010297,0.2692412021064033,1
4.297510595767729,0.3325000016128761,0
0.9274774238624635,0.12119195101452482,1
3.9342717558105065,0.5487268938371216,1
5.785643698633939,0.23924683049199255,0
3.033524914523895,0.015781124981382455,1
4.991531663327062,0.18232138761419447,0
3.3075953610724045,0.07501716814824579,1
6.174858656282295,0.2632386473957658,0
0.8757857824857878,0.4680779263260438,1
2.9835700391670206,0.17765723802916583,0
4.346323210082935,0.14309619658141848,0
2.619176485979909,0.5546061648373121,0
5.304437993305339,0.31173528857135363,0
2.135920920978439,0.18789533876000925,1
7.138742303257777,0.3650142230672256,0
7.24439500854449,0.2344149461388277,0
3.5641439924545995,0.26142898521949565,1
4.105202360709233,0.5311280562282624,0
5.383342871249275,0.2822840845067893,0
0.6256052020652665,0.5576949602445916,1
0.37599997084441883,0.2506128071584607,1
5.51283782771527,0.579021448952346,0
3.5479769457459986,0.05934965730643968,0
2.546989508040421,0.2392627869346872,1
3.022246605762322,0.0788696640196677,0
-1.7720829447281385,0.08646715399536418,1
2.6188753710859975,0.42542309620088836,0
1.4939065216135528,0.26425599832113067,1
4.836143267230165,0.13492707398085807,0
4.990061556768012,0.38017876753745544,0
4.153360468259821,0.07524409888939862,0
3.790917297598283,0.5560113647884366,0
0.005306502559464299,0.15851757112119094,1
4.181286159993748,0.46032087412742234,0
4.258795891046768,0.08987640258771108,0
5.49038530753746,0.3073550193667861,0
7.236419624860394,0.4295820704430169,0
-0.3851213471432171,0.13767952693943156,1
2.223046348763573,0.3520494206059373,1
1.5154667256847105,0.11928936810504043,1
3.3450143767701483,0.343821105394844,1
3.0268037164360773,0.06046921044138505,1
2.5318358538397088,0.3442527775592786,1
5.055208722802347,0.40447106160073143,0
0.7971715776384327,0.18248811384102645,1
0.9177570652147877,0.2547829695795725,1
0.9515494578039156,0.19925263584451383,1
2.2793448251480264,0.22855231425813624,0
0.5428195681763075,0.12536886875441558,1
2.902857022401459,0.42045539618220035,0
2.669019610738266,0.3414697669122048,0
1.42696977200184,0.5380934216287863,1
4.747532508112392,0.1436655734075696,0
2.880998943426526,0.39316092502997546,1
5.125294728063608,0.2542662183690872,0
2.609900297591136,0.351493629221526,0
2.9516102235372905,0.7083377578003307,0
1.8744351906365784,0.4584188445207069,0
2.985906918929031,0.07726538980737922,1
4.424462612264093,0.0233355541758771,0
2.177331535459404,0.30262292560679327,1
4.036823925069329,0.20242735592638803,0
1.3745060779085176,0.0905310087666076,0
4.5181011310444195,0.5075849329747179,0
1.8401883453761454,0.3010737055498885,1
4.7033597464581005,0.1872869542654066,1
3.12195308486733,0.16915342475871933,0
6.041907466782127,0.12100745992337304,0
0.6918645474915821,0.27653496102837094,0
0.0476464533762635,0.2602004842137314,1
1.7675655080488661,0.4542272249854532,1
0.23077810393137366,0.32811991004642094,1
0.23453021114344486,0.4700707758141106,1
4.243101520919752,0.2699298803918141,0
2.9916424131746835,0.2854850391047399,1
2.040638046591482,0.20772012399326606,1
2.226074805389136,0.13341403163747623,0
1.8055246713473212,0.07771854480396288,1
6.300738335638087,0.32331441039993336,0
1.5289885847139266,0.360518364494187,1
0.35573220383340143,0.4653341162586933,1
4.592101234972656,0.2617569444784879,1
2.5684887533043583,0.3713353723121693,0
7.077547377635771,0.412462770299932,0
1.9475887224117294,0.18953793958546217,0
4.691968359513584,0.44395220445538264,0
5.16439466119861,0.15235175586083857,0
1.9573283355959927,0.1365179141184803,1
1.5141584641819283,0.35089468101640026,1
4.4827330618618095,0.36340413724953824,1
4.149783835827861,0.1945373393192878,0
0.17877979857814674,0.07954024784126676,1
0.7431287273905585,0.06374996548588983,1
-2.0728600098960106,0.3600141599377132,1
4.190773707957605,0.1477507050466222,0
2.476345613728509,0.21578635828685916,0
2.675699158049436,0.6898955021026021,0
-0.38288819540370644,0.06679993344516857,1
0.8037952938213473,0.15385520314152637,1
2.044082174864868,0.3326492645789523,1
1.655348799704358,0.3028914514114881,1
3.2356721510352626,0.2305378275455835,1
4.166936253263628,0.05985458949076798,0
7.539225138570394,0.25779972027822395,0
2.959965939938149,0.4960957361213951,0
5.230805326193892,0.2944665022378256,0
1.3400544460404507,0.08473944641920782,1
-0.3498926299507117,0.1817315710572618,1
2.2953967065797505,0.5413599059532385,0
-0.1954434357484831,0.6279471710072378,1
3.0293463343382063,0.34713537641948544,1
1.4390917509826697,0.26581987292468234,1
-0.9085427735091711,0.42111370397251646,1
6.472050291720354,0.18303087992679087,0
1.9248765737892397,0.3720233268256528,1
-0.27523860588839577,0.16863122220673132,1
4.796343581014579,0.1373009014169396,0
1.5427712749214295,0.06422653630861849,0
5.180332067381324,0.47115534277886684,0
1.5332113306439012,0.22737707182781164,1
1.9182046194744056,0.32786927061895,1
3.689663418954093,0.49297450437333584,0
4.186438761408221,0.11864174839119736,1
4.536967474681197,0.11618121308699893,0
2.820517722541342,0.5740820481386043,1
4.057233443109167,0.2623654218792858,0
4.491257213846841,0.3163569234802688,0
3.4011382771336995,0.3151695955139372,1
2.7146837734714078,0.06142629430176711,1
0.10941010353773972,0.398164428060742,1
4.198348313559977,0.4048061208107459,0
3.0843473982823015,0.1850109546748145,0
2.172768295298585,0.2659596313398823,1
5.55553272718332,0.36325022531336526,0
0.14433273417336867,0.27353314663594797,1
6.288072630729772,0.42828956275344787,0
2.9554534427310686,0.2824351327681201,1
3.635036357005797,0.1939467028797707,0
2.2099117709394585,0.20716936058215604,1
-0.33414582504666024,0.31713561643386495,1
2.7207802030684407,0.28939509588477114,0
3.669489813785585,0.22320352142090025,1
4.352450892805188,0.4455099213345678,0
2.603933603122197,0.03256308633718379,1
-1.3850796824088363,0.21156569802397146,1
-0.08332268916525098,0.22566039309950722,1
7.104039247526588,0.28624159814984834,0
0.8149280324557688,0.14843126930591444,1
5.854098916478417,0.15841220761914512,0
1.131826525164809,0.1882457705693204,1
2.635088180544265,0.20280012311052428,0
4.250416519199808,0.3122355581804833,0
1.3596111068382526,0.17949445719570023,1
6.184430271518108,0.2841559214106525,0
3.151456716136822,0.1836278173297487,1
3.9217016925993398,0.6316747293026466,0
2.4647859839617485,0.17622345478190307,1
4.3174405740341815,0.20637824782552383,0
6.1575854796997245,0.15268054539134113,0
2.7374281247535714,0.05283459829480397,0
6.459425581498472,0.05104874934900742,0
1.7768083832417643,0.10970649067496135,1
4.5281920787034196,0.36150772756103283,0
3.9782286724861,0.05352708331894017,0
0.8628358546352612,0.08047560183101189,0
3.4276194092746635,0.33074715403676924,0
3.0147318757007455,0.20979885598614018,0
1.2936156474463099,0.40204055359111895,0
3.7160048683882527,0.3839593431089104,0
3.2925790922170353,0.4095840266620289,0
2.8548261053855666,0.12482966828437118,0
2.86284506188263,0.1122510713957769,0
2.8199794821527613,0.06927116714232577,1
2.264600757507345,0.30418264833578823,0
3.2796681900299633,0.19475666286440985,1
1.7121715752724391,0.12085651157581667,0
8.31361898294,0.13938115500023288,0
0.1813335090693684,0.2735186478073043,1
1.830527845531082,0.5602312116689095,1
1.9885157908461186,0.2520919780369862,1
7.080986828649075,0.3886251074199448,0
0.3597307000450014,0.2214861082067075,1
3.85184459597222,0.5122636269549938,0
3.49678813009308,0.6104429160751181,0
3.667204609349096,0.3168674078370416,0
5.472686325221881,0.2042975265711168,1
5.431658719494177,0.3120904081833098,0
2.0980863469597653,0.4868382940382869,1
3.388034898987982,0.1505177364677405,1
-0.728204064304288,0.20334364945171185,0
3.198186017043858,0.35958337849336686,0
1.4120211443361619,0.3497940582486003,1
2.627235148078967,0.460041315346299,1
-0.37074372963338975,0.4564620177811809,1
3.8097445734381505,0.46077747691861093,0
-0.3931373911512157,0.7577419261538106,1
3.296569213583173,0.2807479545174323,0
0.5469888139549011,0.04132021071636835,1
1.3007179297282307,0.04328052888467128,1
5.309464205090325,0.6694785706368434,0
4.175835891827244,0.26365149864063425,1
5.298406275341086,0.23198128585403172,0
6.119454265002581,0.5826555133147944,0
1.4543225857204702,0.2812991290306192,0
5.997943324881744,0.1764594339641959,0
0.06898868764219701,0.5071462407129449,1
4.492200669089806,0.5391076640662507,0
2.013324570800057,0.4046206999100087,1
1.1393997147213673,0.354377553003734,1
4.228939734608885,0.3135251398457503,0
4.889903050338426,0.2479350847035185,0
4.8305367732930895,0.3239493495980221,0
3.4297197777895843,0.4234988094751483,0
3.263914602658478,0.29351573495498073,1
4.053733171399805,0.25386855201150466,0
3.607528151034382,0.014737538739461414,0
4.082711679171961,0.2035621996275205,1
3.4079989222214286,0.4947057476844462,0
4.685567649012728,0.06226235892487659,1
-0.2544156131008557,0.28199834785284533,1
2.7374530498272276,0.13229762638739534,1
0.23230701230882778,0.23558483491088245,1
3.5534040352097693,0.1846264029238588,1
6.283860351707395,0.25920300466037066,0
2.051830436106063,0.30758572069891366,0
3.2545040605944306,0.1883732970865141,1
4.512973429843278,0.25315247834007615,0
-1.1354458635330493,0.3367395588061075,1
1.9557790357116245,0.06527565276361572,0
3.7290313185457005,0.4842774200948795,0
-2.79398945131455,0.2918793959935373,1
1.0463830138500574,0.400221556934044,1
5.201715946762579,0.3214616139918641,0
5.00599380090145,0.3856644717037973,0
3.7486364547402005,0.043739992632795224,0
4.7643952798863545,0.41050903356536084,0
3.4302084688429275,0.16768653151504145,1
4.11078981488463,0.37999036810562486,1
2.368692582318772,0.08961659985162249,1
3.2316253658441854,0.15374736684107052,1
1.7352592271683553,0.4370728337824759,1
5.526966688364627,0.15130827673632766,0
6.043118819004404,0.43433950705153057,0
5.759825601394146,0.3430838242236229,0
2.1837824766442755,0.08547847892671454,0
1.0924519212698252,0.45737662824211756,1
5.553947321500326,0.3299696423981504,0
4.087814405182826,0.13163545109065614,1
3.657168683047285,0.3422948151505,0
1.7327358301097087,0.35479848866097674,1
3.85132762527353,0.0281156427210593,0
0.8294438806761302,0.14901004522515351,1
4.268124712158064,0.24528502178342038,0
5.757773399212421,0.1328167899601088,0
6.262091087815905,0.21320613726550441,0
4.417048108219632,0.27320368339539963,1
0.23595690075775666,0.3671814898423188,0
3.394660261892043,0.21830634725978748,0
7.279363488115426,0.15160024203998207,0
1.2627768191154316,0.4076548037632002,1
2.881636854179566,0.2790800928835845,1
5.827048703601955,0.24295506974238937,0
4.234267844147171,0.3618905013340581,0
7.960312648970209,0.06772209212009972,0
1.5342612335428232,0.5623325997675398,1
1.0204884285183562,0.09079415716873149,1
5.448250871670348,0.6301766438742553,0
0.6082427434569282,0.10921295476790434,1
2.6064640223649276,0.3946077735487887,1
2.868706910280847,0.4534401625484959,0
5.071978946771845,0.33417634304866695,0
4.228535936050494,0.3443029750489214,1
3.914129828353725,0.19951405155181828,1
2.1951382441966665,0.2535723477432769,1
5.430008038163886,0.4087023330676676,0
11.051648085454529,0.16232171456899563,0
4.382564197845832,0.5728341897972552,0
3.199344415093673,0.3934577755684652,1
0.40427405801567895,0.32744121721000546,1
1.725037101365693,0.08806748798746478,1
2.572579532105392,0.10894001396819415,0
1.9307995194657348,0.08371024737448532,0
2.9678443309463036,0.37677051386074223,0
6.556032153614575,0.3239492800808239,0
5.494333834738468,0.16146872757376146,1
2.6823345670634913,0.2558574790660968,1
0.5834401106682789,0.35435216955104365,1
5.674735285804826,0.31807176125972353,0
2.9018914530772713,0.11012163278754365,1
-0.4530008512047101,0.5531638460902183,1
4.424860236986072,0.010454024215710844,0
5.051373368466931,0.30414649098372587,0
-1.8518168098693382,0.42379772710264213,1
1.3508907157341932,0.17104675769811026,1
2.779091977384572,0.26649488902404295,1
4.4690218226172345,0.11781840802864613,0
1.9685068307516576,0.16956168554049533,1
1.335716196052127,0.5486529955516672,1
4.454338499360565,0.39347023767010203,0
2.063355253371682,0.23378671765257378,0
4.084109301097394,0.11344968376429732,0
0.7769686900508188,0.21212821706881918,1
0.29533396152720304,0.28834260697266045,1
4.510538315140794,0.18861580029836186,0
3.505039820634428,0.2374159960644026,0
4.844911466472414,0.008827789415835008,0
1.9348139981571164,0.2515290324823391,1
1.4097893950405098,0.2350730434735709,0
5.721437775081821,0.45949512155705635,0
-0.04591752798894033,0.18119456692943745,1
5.502921418361249,0.3737302791457929,0
5.641009414964767,0.41299629433825075,0
4.720179028532151,0.37677362035808476,0
1.6243849659791039,0.29093907942111485,1
1.3669523265492813,0.29615459210435324,1
2.579888454003601,0.39547542617345705,1
0.40992064633720116,0.2175872922755836,1
1.0766120024928065,0.2946620175842546,1
4.289468583018092,0.17366916245127104,0
4.298698228448314,0.47528006223887254,0
0.9008503469300875,0.3935333822418018,1
4.352243870600149,0.1119060821522669,1
3.908606611479612,0.29965334242017794,0
6.0197725091542065,0.36005760374336687,0
4.138272883735043,0.5107164437820327,0
5.117162107468756,0.44864337352623085,0
3.9541551818604224,0.31622775578964485,0
4.959858219394376,0.092130489585923,0
0.42576568686444993,0.2805829876805889,1
2.756511085778173,0.28281660086772326,0
2.9220344635449402,0.24584300117421934,1
2.512500106129435,0.4648373609306037,1
3.887773260633451,0.4078662277108865,0
4.268759308991502,0.4028903367729753,0
3.784514154142297,0.5001634044079362,0
2.6461122375573245,0.31419205298818187,1
1.52853984030975,0.2979491403925348,1
5.194372148312468,0.3578972730656069,0
3.6994656332276703,0.051054958411094496,0
0.9627722832011831,0.2600735860681539,1
2.6126249167007525,0.17168293585033823,0
-0.48659935541472255,0.3831380456834105,1
3.0707412286948856,0.4823296575768412,1
2.603240114802808,0.2898394105180655,1
1.8510660992893244,0.04047483813840171,1
6.169200379607059,0.7564818041229808,0
0.6876917609157753,0.28235209486029145,1
4.412785903364671,0.4131389357003888,0
7.373416321863747,0.5072896687205852,0
5.154535807433376,0.6914628068201909,0
2.936922435804466,0.30120703495645806,1
0.731862721153345,0.6265179209606162,1
0.2758756468310892,0.26521636603839455,1
2.176896610084956,0.039631330892498456,0
1.6259985321721835,0.39677958132801516,1
1.5609061820837353,0.7035811864636947,1
2.3473730890575117,0.031902326907564824,1
2.795505814228626,0.1389025656441625,1
3.9704238952905926,0.6141042975117107,0
0.5244075610751415,0.5842282107080284,1
1.6355124077339,0.1261166131885263,1
2.6806558343550373,0.4675122759173858,0
2.609029613153462,0.36745466021447326,0
6.672847414826846,0.22451493192895677,0
3.464493185447715,0.3305621590017108,0
-0.22717962391884905,0.24837032441624488,1
3.8363627231735293,0.2925451953472276,0
4.091327445487957,0.1681348128629485,0
2.7497439435105235,0.3004453176394342,1
0.5732066511815974,0.476113259023536,1
6.516109390626926,0.10119798600934861,0
0.8602321728374855,0.16520641960931132,1
4.321544412831867,0.07333572480822122,1
3.4001010581278703,0.2400626309478714,0
4.20162109805954,0.12801328162792247,0
6.41371584833466,0.057276725290822644,0
4.1232777442820705,0.12886886877132303,0
1.882671545912934,0.4436189757868621,1
5.211984550255922,0.5383176103892563,0
1.7378010999117608,0.5317421568589169,1
3.327116022790536,0.484514805179529,0
0.4138327839684197,0.2669683408410752,1
0.9334375453264951,0.21296396963576855,1
3.1027733408723726,0.5205718878188842,1
3.7361734171617442,0.3868549933960616,1
-0.40478124538206073,0.13694331270709084,1
3.9945747360013284,0.6348330717291417,0
1.361142046803405,0.13719676517786852,1
5.5593760313423335,0.5352809855934065,0
2.2960711423509834,0.4264242015324733,1
0.7527554609000284,0.4328821505766172,1
3.1516091159185047,0.1592462080391101,1
1.1675299978425493,0.21198857749410255,0
5.537890282866251,0.17899806020148495,0
3.0010604150661995,0.32179123482632804,1
2.696646753813426,0.20556860086845188,1
4.183602037862016,0.09820603154513283,0
0.9901051215994139,0.16033058935442387,1
0.42169268934297177,0.2383454945425727,1
3.816703158883274,0.1540150273645246,1
0.8006585839823819,0.4804656341843053,1
0.7999796925010867,0.4997213087651187,1
4.673512062441775,0.24601221520856018,1
4.050128219967879,0.2955968555497406,0
0.4923409150941773,0.402307544244366,1
1.7617279141173272,0.5460144038953555,1
1.19253688810736,0.30980414046012017,1
6.55263859608116,0.19735045256652725,0
4.812020855141217,0.17929784505148522,0
2.158310307989452,0.6025382736516158,1
4.152389378686985,0.16901097806169438,0
0.2876276281383414,0.16383528209091797,1
1.6547076976210142,0.5225891257036954,1
3.2097265318837724,0.24710680968722595,0
3.904461498291826,0.37906133238398587,0
2.805081748973112,0.36557996321139336,0
3.4960270214284517,0.09653455568100555,1
3.1566729199062524,0.21676372943329553,1
2.6728451959553654,0.12558154768310587,0
2.4077088156182125,0.1464482045344859,1
2.1474702546444315,0.15688873584663407,1
3.463875017257176,0.09914065183812194,0
3.8216311783989125,0.5863926029688218,0
3.3967183346376677,0.27997530426874556,0
0.6428058999978807,0.4775037499390294,1
1.0021442977136248,0.2544768117951371,1
3.7977636118961344,0.5098789935664589,0
5.943346601341755,0.048625956164374054,0
3.3048309231175104,0.060957984285288806,1
2.1766631750460115,0.26916780777958743,1
3.448680910885551,0.27530610449878534,1
0.7263571549731429,0.4237562770699214,1
5.617886313072927,0.26318446061715517,0
3.3731882890160567,0.27473054646073625,0
1.6610855735789034,0.26469264780339746,1
2.6664090678142496,0.27335636434759564,0
1.9459275358727686,0.06573080510746444,1
5.623339953633668,0.4084129983300876,0
2.595519821105882,0.4603611151891067,1
3.3107314922311857,0.1640834032272997,0
4.147452913302583,0.31330127304378985,0
1.5184667924709159,0.14120114721862032,1
3.387418932270314,0.2459086838271035,0
3.5488711387884195,0.35253507552279134,0
-0.10815764204124223,0.4046071848222058,1
3.50539297755522,0.5941912524261527,0
2.9084758701137217,0.3017768339767824,1
3.2599325842319935,0.19151712618212757,0
3.071259426981133,0.2563157915264958,1
3.518339745900164,0.28307474740400274,0
5.674686451352316,0.21621277131750635,0
0.6409851758297811,0.2605234387319859,1
2.3156953289991598,0.05887323462203128,0
4.333237257925672,0.09414461233397271,0
3.9618517354558223,0.2302249601508681,0
3.9188111066841684,0.15426633802287604,0
8.507154431346674,0.5029731418098765,0
4.228271048233411,0.29575265936205164,0
5.26187559251005,0.3760754499960749,0
2.385855882294983,0.20434499695729133,1
1.0141752522054357,0.2885868090475052,1
2.371365141532732,0.40740707741301696,0
4.423920342686809,0.35538363998698347,0
3.8136557096583505,0.006669343199368631,0
3.8065027411977597,0.09851690937540879,1
2.5713112264057445,0.44654212243284297,0
2.2523947623740495,0.5011753544270211,1
2.6402855114134445,0.18046971390296876,0
4.448950900330425,0.4644043630549454,1
4.681454856340836,0.17240845566220986,0
0.9875167006575447,0.17631378332148448,1
4.524685118862898,0.034409573846502936,0
1.6985575384875407,0.5934634067086222,0
3.9378433036821066,0.16037417755268393,0
2.616068515075024,0.1018597279908262,1
6.131577098477969,0.13423909334246917,0
2.1638507420377087,0.11078327989884891,1
3.3572236817895664,0.16113635738235346,0
4.213186315118856,0.4577565395950671,0
1.2520822997542358,0.26456045815815965,1
2.8542858891461096,0.18554172047396025,0
2.4668302307537253,0.38330950674514475,1
1.9723730331880536,0.3139000903945214,0
2.1205539970335208,0.4036280777246783,1
5.224029196273589,0.5739265438453166,0
1.8028985304793335,0.10488837317435919,0
4.132815765343212,0.08077644690807369,0
3.6291900040622886,0.15517164624473306,0
0.20603976844964844,0.16073355904621014,1
4.038338876852882,0.3964522779559767,0
0.1729735804846113,0.3135808252400787,1
4.25618365633032,0.310091592243578,0
1.9856167137383038,0.08347502970197043,1
3.0167345065129045,0.06362748915979198,1
0.4114401007473223,0.33696625761734633,1
3.244764647209632,0.2634654646669132,0
4.853900835941239,0.12757902806191884,0
1.3860691439547583,0.2491772330087348,1
1.785665827711978,0.1281563432066353,1
3.909242047134979,0.0456372622746947,0
3.9592366472938787,0.14571147929374806,0
-1.8683585968170133,0.23188005676194406,1
7.0308127275655465,0.2521989264069732,0
4.057106967096662,0.34139161408786906,0
4.393837324905923,0.13521692693733234,0
2.712919106675966,0.32771409718730876,1
-0.7107070171044896,0.2639916041421874,1
4.34944412250048,0.4005206334859622,0
1.8696239435382276,0.44955778033778876,1
4.08786338836668,0.06341960544044825,0
2.5623978594745425,0.338240703710043,1
3.476078758232755,0.38273133420599065,0
1.4500072371815107,0.2502256311642214,1
4.7287778853578635,0.35694155060561067,0
0.6232419210846563,0.5184604977594356,1
7.49113885067838,0.2634278844080534,0
7.475897269974024,0.20176281969976106,0
6.265399170933021,0.25801511881124833,0
5.55095797154902,0.35361841849959974,0
2.830903283532718,0.27184170371070776,0
5.333093411494417,0.25477111016816995,0
2.8076470034477445,0.16948580703776103,1
-0.10703508449061383,0.24178830707178248,1
6.0064028280613755,0.07427864722528758,0
5.257648925845011,0.22616120998161174,0
2.937321784689129,0.2847817054155066,1
0.5496314853376996,0.3699714385749824,1
1.8275986468420524,0.39272669854170905,1
-0.6422911697750195,0.25456794690444273,1
4.890161705235954,0.015527759193565546,0
-0.20661793372836046,0.16390634558157882,1
3.573661740293353,0.47279530500837397,0
1.3126133044406236,0.0954903028634526,1
0.1465931100010467,0.3736533543482658,1
3.4767101865571433,0.3091735034098068,0
2.3324012293759373,0.046862454463732287,0
4.676378210850736,0.03286513550077627,1
0.46478946254258613,0.5132789293524163,1
1.4853707090523556,0.13281768899043095,1
-1.7752844169817825,0.1434259591548533,1
-1.3686933646558455,0.16030561245869213,1
6.596384819957025,0.2705384124372095,0
7.167196488199338,0.23444282321472662,0
3.1854524104479056,0.27148318385768927,1
1.3523424681869767,0.2735004128645347,1
2.403102149019786,0.5998741750510342,0
4.7471484049727275,0.18803537466262485,0
1.9712219603559078,0.2427654723511829,1
3.4752677340833786,0.48946085310333737,1
2.9744878990375008,0.37771421702385766,1
1.862374659834284,0.25117279525687836,1
1.9476145080162577,0.16701662009408233,0
3.5866417433710165,0.3796701126202275,0
1.0462237272251171,0.4679891534151044,1
3.903458691247032,0.5877636735383255,0
2.056842080701636,0.0859705570891936,1
3.2547346092964604,0.08412842748684773,0
5.767925132337117,0.27871297599144074,0
2.663615909546095,0.3494390163908808,1
4.839608680383985,0.6374786614025634,0
-0.5840657117676571,0.5289862467054799,1
2.0592739727188105,0.2842105508962421,1
3.0553772421521455,0.24892768797842688,0
6.846661358412918,0.15981041849030733,0
-0.9199041665197809,0.550573516526265,1
2.807580276214446,0.29289052841297103,1
5.913377701832526,0.2000687497897468,0
1.429959189466256,0.2653632376052951,1
2.5743223791486596,0.16420177465677613,1
3.663477970111079,0.14425694169092704,0
3.3690171074455604,0.3617246920329961,0
6.131540950908828,0.3494025554387674,0
3.896947620146464,0.2147471825012035,0
5.655545791028438,0.3686439575336379,0
2.2799832853801774,0.10938937741326883,0
1.5189491774994068,0.21824653035188876,1
2.548553613960729,0.22003309059234558,0
0.6817938132647967,0.17348341876812864,0
3.9670233924201903,0.13826500769855715,0
2.2282437744895085,0.2805708746401928,1
1.6564222000450493,0.31557456045714416,1
3.9973168192420037,0.31949353976211686,0
0.7125684440514228,0.44433501039514883,1
4.541004427711589,0.13100489349956448,1
2.0433252230172783,0.4454468598621063,1
5.318192888188368,0.35024552143967225,0
2.2145248435408655,0.12111760145485484,1
4.2638193331158485,0.41939288134815,0
3.359124747545812,0.5052946123496388,0
4.487803747428973,0.18561340941906207,0
3.2198937842952544,0.39561496188113654,1
-0.3267948246864876,0.424871690868558,1
5.017587078484264,0.4231122826948238,0
2.8246341550841856,0.5111141883845197,1
4.579032154709626,0.46186562218246524,0
4.380492953737713,0.34508459102325983,0
1.4534070379773165,0.6286791673738695,1
1.1704091896494062,0.597345769723541,1
4.310710202898008,0.5318965885303824,0
2.3935019411789726,0.3387802005123894,0
4.872858558932994,0.6090505069149196,0
2.6435981142739533,0.08532535278112661,1
5.046819554896576,0.1366474786137405,0
3.846608968418203,0.20407710802788523,0
3.575949987428297,0.09570004249023131,0
2.2519776025194513,0.20171215405465542,1
3.4648552281230334,0.35536016402606446,0
5.385705429905419,0.01562745984568524,0
2.8915690826733607,0.2358046233422982,0
4.062348887367711,0.6917355722040931,0
3.092720152499412,0.22090176820810647,1
3.2492080854908436,0.31612570371010223,1
6.446821513876597,0.6409579176999168,0
5.403460062079102,0.3063475834616272,0
3.1588076303914367,0.11605524620955752,0
3.4289081758720683,0.5934989822743936,0
1.5962589928980622,0.3118683183425509,1
2.6540569074700935,0.094614395362265,0
3.61879557509723,0.27424915938237243,0
4.701227179138256,0.07449278127573082,0
4.498441793821838,0.04464203565915352,0
0.7814818881909793,0.3262684327551319,1
4.953965461357263,0.13660879694491598,0
2.8224526412448943,0.5693481571633707,1
1.0260172886449241,0.29303916896343496,0
5.672769474863843,0.19241233345245687,0
5.926557993475906,0.49862062775221017,0
3.5274939646813204,0.10858685961810341,0
4.41758720381047,0.22197116431595879,0
4.534898417488864,0.40293696083099,1
5.791544305624502,0.3882466550135171,0
4.45613705086345,0.5565202743684307,0
0.34462344512286247,0.5147400242964562,1
7.019615497942255,0.11793755271957011,0
5.131313778960086,0.16995776776798943,0
1.9809515894544707,0.20349804486230116,1
0.9407498552851807,0.8949517158717427,1
4.009626860808168,0.17032335154084863,0
2.4434799232648414,0.07725310375353604,1
3.6599907079979186,0.5039590325424224,1
4.486813682556527,0.39211369500111337,0
1.8671162240064092,0.13002351354693667,1
0.7677840146313253,0.053813260642240617,1
3.771636935743956,0.21159420508524493,0
1.933224289446053,0.27814879308858353,0
3.2921915714647962,0.761334152866602,1
0.31334712607547077,0.22810971683101008,1
2.495634551050725,0.14238271332761876,1
4.429903782079993,0.2610883096378726,0
4.2118650152935935,0.2337592718257734,0
1.4232840582534627,0.4339147816166408,1
0.6634712613638967,0.3635467712966889,1
3.031527379503584,0.23491145438080382,0
4.122065594038817,0.16537724058002803,1
3.810350280385102,0.40040720311172434,0
1.9756803112773802,0.11435599957948248,1
3.595648884973207,0.10835412212677153,0
6.00471094255199,0.05154857671415685,0
3.4102893746180554,0.38993095611301265,0
-0.2662958716372401,0.4023073569812126,1
3.4064006762012844,0.3153165755302078,1
7.087913942425218,0.3398799565734667,0
0.4252183737688089,0.1742999351762814,1
3.0594493236580442,0.23550642931091414,0
2.5473291339357313,0.07090255265625625,0
3.191765918550128,0.6261387829370034,0
3.3885043063075435,0.236639996456158,0
5.279943972125849,0.7841438790578718,0
3.1695665728016214,0.29003821222071513,0
5.554519114424094,0.23036403098791405,1
2.764688682427035,0.18878075103081673,0
2.299726452050734,0.061552363955609056,1
1.6616340339227884,0.020365846054266053,1
-0.6341740582403057,0.2607234514775239,1
3.55156282385168,0.3130540716115015,0
7.108000576943685,0.3646809692377389,0
3.9164709545717225,0.3180181851023153,0
4.373494708323359,0.5492647918185415,0
2.17393734997109,0.2408375768264895,1
2.5113332174526586,0.24986104413925708,0
4.969282976666524,0.29525858111234243,0
7.017387280579641,0.41709898514401816,0
5.975895871593639,0.5924786241763693,0
4.610489259456044,0.0784653981128889,0
3.070301158781018,0.09455290109939475,1
3.419437828534647,0.07173675487482395,0
1.4929853611434913,0.37991342281531754,1
0.10366495739468595,0.15461808859316548,1
0.7464032844801181,0.3176323642984593,1
3.099600069043875,0.13516659245764026,1
2.4160154771466456,0.5305149905701707,1
0.06111659056063079,0.42587058402599504,1
2.925353241900528,0.32460461116850003,0
2.36313935106811,0.39086633219511724,0
0.6543022894318393,0.1989574604899346,1
2.259641978759859,0.500434493852822,1
2.3580939985673117,0.365342451724271,1
1.7667257201510667,0.5373095985558293,0
4.853340329551879,0.08166546516355863,0
-0.8058031241866241,0.2006893391797472,1
-0.9715979814219424,0.16017846874342564,1
3.0065715688981838,0.1601949270585762,0
3.192254378784612,0.03963135730920526,0
3.808430272037947,0.4368107594068606,0
1.9220529834418119,0.10607692547649458,1
1.1641523898153365,0.2188473251632357,0
2.9853677346101053,0.39219870227881914,1
2.1168437293040077,0.33746702038901,1
6.102142809311388,0.284274684331902,0
2.3515455001496166,0.14292410887264173,1
2.8936296965658443,0.21675432159402977,0
7.950836279195885,0.5285578746569674,0
2.610479546538626,0.18529057272550717,0
4.112313730398181,0.202058995266656,0
4.292618866772706,0.3536616407256064,1
4.462803287436429,0.1952427744390496,0
3.5789745308225047,0.17372752076306322,0
3.387681588821019,0.1487428122335572,0
3.2006685796742325,0.15319451843558782,1
1.8480121955324535,0.32871170887694584,1
3.6510376056785367,0.49298480111220794,0
7.057291674849184,0.27669546651614474,0
5.421363817927115,0.2967451578665261,0
3.6078360444492734,0.2117074232969521,0
4.71165959621198,0.3686065283984256,0
1.2616481825386956,0.4639689508959445,1
2.4789756916005627,0.28973219650530474,1
4.8956996883681105,0.17061937111478553,0
5.974334386916383,0.3572618910018417,0
1.458267655809244,0.16737900923949184,1
2.0328233811536855,0.2151803185410342,1
7.362751587757073,0.07674364668124004,0
3.192522499537945,0.06681850082301237,0
6.646723945400757,0.26015624623987166,0
3.4137146345515847,0.12686440398357998,0
3.4923605646508706,0.09050859679163507,0
2.389018224680205,0.3235697445008962,1
4.885110283020458,0.13753805644126585,0
5.715555100607999,0.21861948054567376,0
0.929995539718266,0.11951199296168279,1
2.2950988955591267,0.3191339555061127,0
4.830157048748441,0.3369559204465415,0
2.7409027244313444,0.40162516782192437,1
2.0132290629335796,0.07611091176223882,1
5.019084307738804,0.2492127861705622,0
5.206906409425022,0.5406169184540203,0
2.100715818655723,0.21052439924347224,1
3.4247330559758913,0.34053285338446776,1
0.583050408191534,0.16940736992205102,1
1.209038179042602,0.2622789688275856,1
3.24833046426676,0.08030580291140876,1
3.062813575159687,0.33611105789648527,1
1.066247816538731,0.10385072847669904,1
1.5680521505488492,0.6509803558751268,1
0.8699112600888812,0.0753225470621942,1
3.910119713826421,0.3334965786267602,0
-0.9352783933838,0.3740940163578803,1
0.9768455408796077,0.002193035499834577,1
-0.725883095664642,0.5839657140750586,1
3.8380412077159614,0.31339880595853975,1
-0.605467100109403,0.3559062176266594,1
3.0634583970710807,0.24354017142967457,1
6.279048031494847,0.40228565322431964,0
6.346867962541804,0.26300315151079395,0
-0.6118151383576422,0.14655926028726138,1
3.5968192032619113,0.3064910467356625,1
1.0220574072390907,0.232659688701141,1
0.6137279285794839,0.09933931320232904,1
2.773060091219852,0.07664471876641155,0
5.456582313866251,0.1496450209174166,1
4.199317748440716,0.12529905821499135,0
1.5697181430342386,0.09833360437618119,1
4.410067994820005,0.2535356665137428,0
-1.4874166637633586,0.29904315694560224,1
1.4941084031335192,0.4189061608567801,1
1.3522169105974986,0.41543847134791023,1
3.1566413834778624,0.24081895120296237,0
2.5943440726800007,0.6563236084435747,1
2.7170578127602303,0.14126616334389963,1
2.650560939787723,0.3240258287526793,0
3.044814481978174,0.14000543998257545,0
4.080261933916447,0.2112513311278796,0
3.2986620522047656,0.3777927883634202,0
2.431296366790883,0.4425882079924183,1
3.8034965596095645,0.3638538978751854,1
4.652247087305527,0.20213889909979718,0
1.8879482185547414,0.15872931130046047,1
2.8811945386546483,0.2996750455687217,1
5.323813126093173,0.3926631263557936,0
0.7944786454652868,0.21135469322867192,1
6.6094043925118875,0.32104753956586407,0
0.3216900505208491,0.14326247622809787,1
2.309270777590527,0.4384617571052882,0
1.099620006247976,0.20217129246195858,1
7.375853993738754,0.3348280930187634,0
1.9932999423056963,0.4659189687463779,1
1.9983176869429344,0.3120119974327672,1
2.2585025201201616,0.3698292686128535,1
3.1912056157879007,0.40403958740698204,0
2.343116442190978,0.44375786747987517,1
2.734226390755201,0.3875658277869913,0
-4.058419906047475,0.24853390982612636,1
3.1143196720036546,0.46809469795481645,0
3.0356132429732896,0.28594554707404574,1
5.077137594824787,0.21395153614373616,0
5.6181218965588045,0.2761605695017338,0
2.6245838772164047,0.48605315748057504,0
4.632458163347911,0.4005223528167904,0
0.7968624391103871,0.4301023705762462,0
4.534684685392209,0.3684273670500322,0
1.8550484017308462,0.39311234892491487,1
0.6306050637398903,0.30689069568084687,1
2.628822643591899,0.31867319852617254,0
5.800944894395558,0.19225595342013638,0
3.3620110734616935,0.6133817122740401,1
5.99297629535676,0.16317219843852795,0
1.5025345723683918,0.210048885384387,0
5.09570220909598,0.4383463649494481,0
1.6956799255261092,0.3584633505539717,1
3.450657342978406,0.19903133089538688,0
3.43336565731883,0.26267166561348787,0
4.322983467848346,0.3540343371667085,1
3.501481239822655,0.531402726146982,1
1.5216309243563653,0.37660324226582326,1
4.760613904185128,0.4924488342115077,0
6.463313188650789,0.2960461078588208,0
1.8323931554877633,0.1296715748006007,1
-0.6704641528900646,0.1840554424675257,1
3.9986391367075775,0.19478518509369042,1
2.337639211895702,0.2608867616645587,1
2.737794288089407,0.16853581644125643,1
4.112355511462024,0.11538648287779386,0
2.087215140348803,0.24909578273530392,1
2.462296057312657,0.41913204693298733,0
2.7997609661268275,0.017031491683107188,1
5.939507875970032,0.7665552574573297,0
3.060139208227163,0.25911917664864664,0
0.5286528383700797,0.17420618360579926,1
0.6082430377177697,0.23873468993999078,0
3.2784598433192023,0.24065831350486622,0
0.7411439986180421,0.32313825662922363,1
-0.12460697384832153,0.4187309616464338,1
4.271071981868021,0.3677630613714786,0
4.368996805737289,0.1669608748798567,0
2.2637269322122933,0.5580797551139531,1
3.5873185823034177,0.21110394450805725,1
3.3762432883910014,0.0395256121305117,0
4.204838771938171,0.6491353765258289,0
4.209499807879599,0.15547938740991754,0
-2.211577175054452,0.3002030788291522,1
2.5190020830352116,0.6216561406694964,1
4.035808376356266,0.15940284081670827,0
2.179086817921971,0.502791900395173,1
3.0724052785196534,0.3114556908693902,0
4.501399963356155,0.27971951016528956,0
3.1618504665043248,0.14854416646554516,0
6.015838834469733,0.2672421040204568,0
5.253972504562242,0.21226260098214458,0
2.762871694057132,0.24225549322013412,0
2.6039076585504426,0.2321926535655717,1
-2.700648210402729,0.29932435698863974,1
2.346995606218948,0.16599774100203687,1
0.29346221457894694,0.19259461184733576,1
3.4424590840012455,0.34968233071246924,0
3.3057414222400037,0.341817133618538,1
4.391711512053556,0.5237065095879585,0
5.793340943896382,0.04318978250868488,0
2.9474611406560633,0.3716753067160082,1
7.560832623846392,0.31524671346177846,0
3.4649028904398076,0.33761608128791193,1
0.3795672125667342,0.04600471955464584,1
1.8758562497797604,0.5597503130736087,1
2.254506599384356,0.25067812214455293,1
4.1842543023067575,0.30287706096998224,0
1.1055001995413987,0.08677499312667776,1
2.404048234381208,0.1679877012288047,0
2.6779194384078266,0.16048433571495055,1
2.1037583846889127,0.4333051088432115,0
4.6228307633594365,0.48635668961263184,0
4.282642776930712,0.1997321248771218,0
5.333134270207918,0.21958431008433918,0
2.337949637777601,0.25144911560435956,1
5.405055135295804,0.25064774532558853,0
0.27200582804590834,0.14432835936847202,1
0.2232313980202858,0.09742083721331718,1
0.5723966278175734,0.4705989770412655,1
3.018423385264179,0.18420878447712766,0
5.404756233155512,0.4377067350771828,0
1.7957158387207397,0.10803385899636095,1
2.0466131900711257,0.17565124670369442,1
2.567964089381325,0.3246120364973942,1
4.145656246775309,0.24272503591736241,0
2.0447493932908523,0.18602521822178197,1
1.9331660841669973,0.4818368730213217,0
0.3092094732846191,0.10886913078705825,1
1.8565577776457578,0.24416215391658144,1
5.354923505870666,0.3137673526114742,0
3.1818520169569533,0.3388825111543826,1
1.5202909795041697,0.43555038341436525,1
5.472287945457868,0.20056871266145726,0
1.8295729958796254,0.24464315700154873,0
5.839911158964931,0.2284065531174041,1
5.807213955800201,0.44979099988570775,0
3.112023252749337,0.15764306552395513,0
0.002900945256624876,0.4303452842242053,1
7.57900123069151,0.117891960593475,0
3.7745521125290926,0.11128589175054382,1
2.35222595055882,0.14954995579182098,1
4.912255829550111,0.3651081883274737,0
4.404605574042694,0.19343285155056322,1
5.621876699772881,0.11964023713707411,0
1.6753044226402074,0.17023136422945914,1
3.6369468255487845,0.18890937763964372,0
0.6282595395101263,0.31285530265831984,1
4.332668791482468,0.28535480751456965,0
2.954109260745625,0.4052619882280928,1
3.5620185109736244,0.3850924142345023,0
2.7073005523190594,0.18796215129561164,0
2.4980223588232775,0.020569949064240204,0
1.263537651970572,0.21651589324615322,1
4.580860429368467,0.3481190205267905,0
5.979408073482876,0.23589886058417986,0
1.8866632821798295,0.15217846373722965,1
4.10708100994219,0.2718969501483994,0
3.864367249320485,0.3911841894467631,0
3.0161956226977176,0.4013575544039899,1
-0.05319146672943331,0.4041910642561473,1
0.396805297778815,0.2712354871058438,1
1.438036097696859,0.1879345951735417,1
-1.2780094471438632,0.37676255975626305,1
5.81606145981123,0.28582448464714344,0
3.735406458359427,0.49231168607751535,0
2.9400779032017565,0.47708108948209504,1
-1.3804716385356572,0.23041879575560442,1
-0.6477417100408007,0.38518175112578723,1
2.9953172236260834,0.07923142780895655,1
6.940979930967954,0.12275818636063034,0
1.6027116082538364,0.39297540610953996,1
4.727596028824876,0.4471385707546688,0
2.040195184650078,0.12347478621783761,1
3.1104785185777333,0.12536279059214359,1
5.429367697785864,0.05611964489724946,0
2.3080967396669116,0.6099107667457022,0
1.6197901838957336,0.3470462112370265,1
5.836141108249528,0.12463370163201423,0
3.091115642227191,0.3354125285147461,1
5.182410181172326,0.16143349498547221,0
1.629502213230626,0.06864924584842326,1
5.813348417921952,0.21941491424028797,0
3.5472545490692218,0.7873753433877948,1
3.869575252429317,0.3833315842993954,0
3.2632586228583493,0.3607706879558694,0
1.989050036006997,0.11661077788132729,1
2.9966343790100565,0.20007776947807512,0
2.1148195240212675,0.5416920706686832,1
4.919092125289572,0.3152273028720425,0
2.5938856658626754,0.13099258809062944,1
0.006985544412200895,0.5140423271686563,1
-0.35884746997856753,0.3857013538188207,1
-0.45343630464084894,0.09189532189306272,1
4.235941515107883,0.1497192563743901,1
0.6969913772531116,0.4935967978475353,1
3.6001715516771338,0.229493439649746,0
3.2731490349828265,0.5016717609671454,0
2.8705828101804456,0.5576159944432149,1
3.876810406764739,0.27629147414959093,1
3.3166070741810523,0.24637136880574192,0
-2.4194594855619,0.04438822233638024,1
2.3527495183030194,0.19438951176840105,0
3.850206268126862,0.12096055323094394,0
6.2805656215099965,0.22227181963087606,0
6.372915233164996,0.36798122955935547,0
0.27369897282948674,0.17217959715119452,1
2.300549401374454,0.10010088147823175,0
-0.13222962741599575,0.2888987632730656,1
6.039770150220166,0.2532365543028688,0
5.025712416297102,0.21719402719932612,0
3.7011757737263493,0.49293809691930124,0
3.33218972252042,0.16518844380696254,0
5.7612622006989485,0.34234554510502746,0
5.422650389520278,0.28729151295585353,0
5.316089393312242,0.32705438656034314,0
3.9133597195645193,0.586800522305345,0
2.301543400971675,0.3602373993944984,0
4.534249664035115,0.21143155281286222,0
4.632083810510229,0.2397147141580775,0
2.6187250608160806,0.2599342027417033,1
2.297502162331517,0.13326450938219914,1
5.2666265391164195,0.39858327869806537,0
6.328232217539213,0.3584203561612545,0
1.5012084381704676,0.21250819640328084,1
2.473246649104051,0.1677895719697404,0
3.701866152909396,0.2850762424168999,0
3.9731979954972214,0.17666105193106518,0
1.9552672815174115,0.3488126746690403,1
6.767041260688088,0.12118746502058916,0
3.8441905310903426,0.39766237008181343,1
4.062766816941106,0.1804050016294098,0
6.517768163023508,0.5128005191052639,0
2.10187674951082,0.1984863054995739,1
2.823136247115444,0.2829202223002602,1
0.49335554195674236,0.10162144961071827,1
2.6552990554928435,0.2163637913987803,1
0.022144952129274476,0.2787899401612807,1
4.495698708386344,0.3286113177807701,0
3.8399935001399843,0.5109718864169434,0
2.4458613859229197,0.07575558010953223,1
2.7991525843643044,0.47929856049792685,0
4.5229328303779806,0.3188661839370671,0
0.7284078262202041,0.07981812700949428,1
3.4083357349050467,0.5439691893069749,0
4.399019612917489,0.30600544131524354,0
-0.5645481548144833,0.23136246767222943,1
4.369876011404038,0.5112758867351769,0
-0.34812492652313365,0.04513170294626022,1
2.764811032296935,0.4231121176912536,1
0.6732177918095474,0.08051423114956004,1
5.86249315858003,0.27627271476888476,0
0.6857578916953049,0.30587187689716494,1
-0.30037978393076514,0.19185661588530714,1
3.2667042831926314,0.10535243496418667,0
2.172594039958354,0.17745008461036982,1
-0.009210457327866184,0.3352368535201245,1
4.051630398309699,0.4345287732126494,0
-0.9829981248993587,0.11447101860387354,1
0.92751805483375,0.115910015739324,1
1.8495634591584307,0.2611395481366395,1
4.604444784310281,0.1306392621900913,0
5.590936734026304,0.11939170820639186,0
5.205564494655146,0.06854175730866519,0
2.6934524190755345,0.392757934603297,1
-1.8546164895903123,0.5049931153857115,1
3.7817060424371167,0.20747811859917106,0
5.941147478449227,0.467952500734458,0
5.467580815627136,0.1726497279451059,0
3.9258980194874393,0.3853094586860695,1
0.6209944713230948,0.28835004850108875,1
1.94938599274317,0.2097396450108628,0
6.867628797491349,0.13289697830181768,0
0.16654093067173248,0.22426125896222496,1
0.7043175436992284,0.09727251060437749,1
4.885103102330568,0.0736864883677763,0
2.137681510388944,0.2187317733092589,0
0.6364897555907563,0.3544928091221484,1
6.055942357446032,0.29543363384485716,0
3.9221119562902795,0.20508821704424296,0
2.2363976712456437,0.3571296915278379,0
0.7084503282009691,0.5010940559287856,1
7.094813127719876,0.29010206460979754,0
2.951096362506785,0.19649337362323246,1
5.794656124938989,0.34486319871635146,0
4.787267089218879,0.12962730423715751,0
1.9581968766735318,0.522161519959727,1
1.9741177700204378,0.11813912144355546,1
5.8926297958678395,0.10089572711832893,0
5.925034665239956,0.2561286797677518,0
-0.7538319522414687,0.25470450383098003,1
4.099560521964385,0.2559759184700047,1
2.7575703905527607,0.29356641988399423,1
0.933353674122988,0.35678473425503215,1
3.523492189434395,0.1751419439569534,0
0.3008064180272112,0.19453848954352979,1
2.0670892907078002,0.13776301330094995,1
1.4030525344600648,0.13234927610483282,1
2.000417471688003,0.30764381005633495,1
2.857043012676018,0.4754420604224027,1
0.9688666761890272,0.5278744813918804,1
6.146358057746595,0.49624201242696525,0
3.9865664667882506,0.08984698250204137,1
6.58912605676411,0.22590240747475723,0
2.679840061843961,0.13251742438527309,1
1.9024200754057818,0.12322700783128841,1
6.516831228986057,0.2050563543173242,0
1.8438805202520299,0.14825163945916425,1
2.6434159560217507,0.3856199121817041,1
4.440094820994629,0.2420926443953203,0
0.5245483834054432,0.2353500027584965,1
4.4225893695873,0.7376193164782989,0
4.166694132329205,0.3004438179060964,0
5.5386506360756655,0.43649307707568635,0
4.780089006020282,0.3067058251639269,0
5.599956705755142,0.27360909203961703,0
2.7791561989831797,0.3298289621007098,1
1.2746593625858789,0.11827934702957989,1
7.2199708281667245,0.18929002659414468,0
-0.05339123104393373,0.4475960372569542,1
0.1469738422523843,0.632590020457096,1
4.130256081017663,0.04952001550536298,0
6.2499720963547,0.25702731927295097,0
3.37910169182833,0.18787050980024775,1
4.998607399404412,0.05987268459620473,0
-0.991605454943917,0.17461390331938798,1
2.0009100756377256,0.030193558617436576,1
-0.7478956142865183,0.4797703290788782,1
4.56082191645732,0.1288513240540752,0
-0.09446265317802904,0.12187319244931903,1
0.44436230793470566,0.2557339391507393,1
4.028050409922805,0.12896966323241027,0
5.123648704035459,0.20386962667343184,0
2.6820637835415666,0.23844297493249794,0
4.14034500821702,0.07350637098283214,0
4.075576333746184,0.33214844043563824,0
2.5691462811150556,0.1446376772267406,0
0.8105890342275024,0.33483080897451173,1
4.129782813769285,0.1830571022366017,0
4.226191381550166,0.07083469983776086,1
4.788048806180518,0.04544319326380168,0
3.624132848157795,0.2702261594444248,0
0.6630001730413473,0.5414804991501094,1
4.38068032273836,0.12960679064563174,1
2.9972378395433177,0.09271344961701534,1
2.034525111353314,0.39094469519954556,0
2.4107283256125758,0.5078894862106412,0
1.6194856432192406,0.30195077647607205,1
4.777687557708858,0.10390583611138553,0
0.16377053283995924,0.09555422548015442,1
1.0130281303871633,0.5656289825056978,1
2.3424542306566103,0.549264651596272,1
6.227501696477999,0.37692889904918386,0
5.108561098185698,0.022578134419541727,0
-0.28168160649445095,0.43606236534324805,1
5.702694177504972,0.38707499845155524,0
5.6988404339673675,0.10760324304217307,0
0.6519833479547139,0.22388836617649643,1
-2.0429165411928905,0.35491508940767474,1
2.855556755305515,0.3467132311112878,0
5.244848818599644,0.275630022048714,0
6.182523939600404,0.4158985924081652,0
1.2583454712774995,0.034957109928740654,0
6.503958209325931,0.6267519382515675,0
-1.4558647916334024,0.3033129322355856,1
2.263898772341425,0.16163994262461873,1
2.1655786615685058,0.31920357519089465,1
5.304674049848606,0.47879180439565316,0
5.596604931879559,0.23087660680933556,0
4.908447310866791,0.30050525591425054,0
0.29889990250821086,0.09758722576202568,1
4.7252380635978435,0.4712832366018711,0
4.018083937186984,0.42595017907555804,0
-0.34246877055918157,0.5155211389504187,1
-1.134027657603374,0.4707718951668703,1
5.075978580041552,0.21164564292825797,0
2.639801398041511,0.5243040863916798,0
0.4296358150902493,0.36984424294400664,1
2.5836561425824627,0.6327852389039417,0
3.7280821622264053,0.29482170179156364,0
2.8342977466649057,0.22209605178474684,1
-0.10397230625217269,0.5044959466692831,1
6.77111380712822,0.4282769860664885,0
5.008435937975785,0.06771740593338005,0
2.3292450966530653,0.38077623792801724,1
2.409810688195425,0.24066793698064937,1
3.718974789426352,0.37121403169635925,1
0.7407572085193368,0.4019395401078125,1
3.6453528730739375,0.10805591513510862,0
0.3385351262784688,0.5696463604226839,1
2.858931566309668,0.30504064372071266,0
0.6628570002862824,0.30224416918957725,1
0.7638320353465708,0.1343955327740925,1
6.291445227236419,0.2542692832867818,0
3.118451788569108,0.5412011995337453,1
3.4148129708023354,0.2678935608881532,1
-1.0227597221626459,0.6306551141500394,1
1.8059964829579043,0.24289430229302197,1
3.9224242374086944,0.08854616806639877,1
3.38827253189501,0.3429739924619645,1
-1.308059642707411,0.30446819135490194,1
3.4142758333141625,0.10751369103176252,0
3.733117607099379,0.05924703732294795,0
5.5675239963974,0.09008660019132471,0
1.6895377621233143,0.2810699012972848,1
-1.4841374402713416,0.23879361094566634,1
1.0064584963896892,0.30486199896101024,1
0.8058699222628856,0.10053854681788982,1
4.473417755559948,0.34776635785681825,0
-2.4334731767906357,0.056390123851506886,1
2.1032870798547556,0.17522398594606656,1
5.851590947154509,0.3311959219343079,0
3.0144249256672695,0.4079051426936812,0
4.792633632352848,0.0639733913388222,0
-0.28359666710217546,0.2414780858775538,1
-0.20397902641264531,0.16793009650886578,1
5.874484915690468,0.1500503966177637,0
3.2024307315145064,0.13218370417507377,1
3.206548724418288,0.34570980680860625,1
0.7636943437860069,0.22721447024586386,1
3.201563457900463,0.27157299762639964,0
0.7081248633198074,0.33271341888448847,1
5.373740897811301,0.3950304046003822,0
8.455661419736343,0.23013278628866404,0
3.9678821073306585,0.295023187001272,0
1.7301072290769126,0.3319579237335731,1
-2.0673166609893165,0.3302731301191067,1
-0.36892822908468226,0.3559899648737315,1
6.109723662054272,0.22307776793575657,0
0.9416163134578537,0.2703223533117923,0
2.2583302366269757,0.01876733194951166,1
4.310651949158356,0.13236341450445552,0
5.964579598723585,0.12086304507909508,0
2.600826157672324,0.3410603993161485,0
2.1906662606679306,0.294074611750537,1
3.1432420570213675,0.49699806116507933,0
1.7447243667215655,0.3280681291069156,1
1.8523615934140898,0.297813196711705,1
3.823760235067747,0.24596685260936338,1
3.3705830356689725,0.22940132604133337,1
7.263210613117168,0.12727671658048773,0
3.8776976332708593,0.079057470122473,0
5.3022910961876555,0.26590113240653596,0
0.8574296465537379,0.4929363108949978,1
4.050314580060542,0.36486532990182996,0
1.5540373067978819,0.3345272425071431,1
3.790906526593116,0.5720028009281917,0
4.377029196229682,0.2941367607316559,0
3.0997376880029477,0.20680513859451186,1
7.814651442949586,0.427232333539227,0
5.855959538216905,0.19482154377958946,0
5.354490665658194,0.12457878205163349,0
4.528572384740027,0.2468470962456727,0
6.526721635460088,0.1409250452243381,0
0.12606140506156827,0.39240340627340714,1
5.740566235981152,0.07194524119823173,0
1.0175113760009542,0.3850228694505504,1
1.8713217618665408,0.39467480016016215,1
4.122784888123336,0.3334078781976982,0
5.466440331021447,0.4529333718041181,0
0.692846736636076,0.3373689091356777,1
1.9749102446445381,0.09840661668836552,0
3.195064145002621,0.4970816644415604,0
2.627267990608572,0.22326543493091278,0
4.708064122470375,0.523288215665266,0
9.87185523196904,0.3144003655992878,0
3.8386414170517593,0.5828911597258621,0
1.5296071236753677,0.32858853256542453,1
0.406983338722009,0.2150494693957906,1
2.3494921728287887,0.11639739910327673,0
1.1195002279424198,0.0942808359215356,1
3.935099583950846,0.5515716379558964,0
3.9040432715684528,0.3618947113491816,0
2.073663590950087,0.20560878725961038,1
6.9699100275675665,0.1666825306438689,0
1.5291053615202115,0.6247351601201313,1
2.7611378642036515,0.3483719369618015,1
4.2783253317796355,0.41795263224323953,0
4.784109787539657,0.09585407162433013,0
5.555153043086398,0.11535531499373036,0
3.8569929579864777,0.05319903086892025,1
5.101825401575994,0.4599929105606522,0
1.6697836559441217,0.47437496868231066,1
4.8361639207007645,0.35988767856840775,0
4.809458300312799,0.19368126614034728,0
6.025773349507071,0.45498348734147687,0
-0.3368719844570851,0.12746419989464022,1
1.1856337687978655,0.20045338512971358,1
4.646281938734604,0.4296381835612391,0
-2.302728959762794,0.4418871669333696,1
3.9840123475767,0.1889030340766486,0
5.119608849862734,0.08891228671882648,0
1.8472495048991202,0.31474344389267883,0
2.1396199997761762,0.26475846284645405,0
0.8517253055201923,0.20133945900682831,1
1.9569057605371933,0.10489075614845987,1
2.014862996076485,0.20874212779876275,0
1.634317451068957,0.22323073596666757,0
1.5246436444310063,0.27559029749796027,1
2.457990430223213,0.5171185664258335,1
2.433791368687757,0.3341632286507787,1
6.748263799722113,0.04684173897991698,0
2.2116297137659795,0.3707348699744554,1
3.688300432383717,0.29903597060068454,0
1.8462340670473971,0.0689918352975536,1
1.8208084483170857,0.2755733271272674,0
-0.40874107546524474,0.12781541899032525,1
-0.14273249562218648,0.3280352940735644,1
0.5860034406940007,0.39610037926427705,1
3.3673936695201414,0.1114512234354399,1
5.152347310569171,0.526591059237281,0
-0.5733290537910358,0.2533275078616488,1
1.901846397302366,0.23520304085801175,1
0.2662185812993032,0.10123220983843513,1
2.4714458117329006,0.1649773835235167,1
5.151538987414301,0.16962070440485189,0
2.1062351967840494,0.005774976932025822,0
2.9049660556006067,0.3614780687063801,0
5.910456792784628,0.07419991174992877,0
3.9158018610158183,0.13294644044373943,0
1.479816288366396,0.48360227174560894,1
3.3178305716714505,0.41465927848514306,0
1.3449019771954185,0.027064266159958612,0
3.8409640254719997,0.3985986295473577,0
4.030680308145518,0.09665688002044061,0
0.2656805990030948,0.3538083515000976,1
3.3502988347715474,0.14575179109603686,0
2.7648534840081607,0.1726548268618967,1
4.089354794344223,0.18936454617954707,0
4.662694102038267,0.2592910182747106,0
3.95489920824921,0.1806971610688439,0
2.393613293240495,0.36723368366240977,0
4.866660041728,0.22622922727938524,0
1.253874447379497,0.46945842429193024,1
0.35895601326100124,0.42125238827988504,1
-3.3905733691216007,0.03900461172872548,1
2.85971809652569,0.4217973711328049,1
1.3569071210131296,0.018342273920130107,0
3.7955089521507017,0.32628886907506616,0
-0.9424547880887353,0.5538167004403683,1
1.705642898201,0.9067538475736097,1
3.9405398117289705,0.20152235766008933,0
0.9403277073020391,0.18127254025604478,1
3.818513497225724,0.5331290978154714,0
1.8859548098639187,0.054342858375747045,1
2.934383380440005,0.27303927440122994,0
4.190316012833711,0.41284628286629843,0
4.905594046230626,0.39524280323646677,0
3.1849848226412143,0.37285010125295864,0
1.3719794102425102,0.3038452087772031,1
2.0839222752407,0.2977587449518789,1
4.273910726173916,0.2756176501170456,0
0.9574928330347867,0.340185184945518,1
2.6438668067195885,0.36004466053256595,1
2.2282318032770503,0.15151796959708005,1
2.7932764333620708,0.11173382748400056,1
0.9814349415012456,0.3992455530045518,1
-0.7038887044242235,0.2901530325135716,1
4.041485231919287,0.3647085391617964,0
4.928262846977297,0.31117183562546813,0
-0.584349914996313,0.244902130323337,1
3.7378523218524324,0.16166164846438233,1
5.166365829690353,0.16506402325574537,0
4.191822093524646,0.5694973649528804,0
2.166659642647867,0.40360811912462397,1
1.1130072604984846,0.5690895347943488,1
3.1619561586999785,0.1544159656322059,1
3.4955701176937612,0.16861632862343054,0
3.1916150223117974,0.2325211863101037,0
2.6397307397648686,0.18200226150141866,1
0.8346965517544853,0.2534841746725821,1
3.8453765826177033,0.559060118252949,0
3.9417089888270476,0.20364732749920753,1
3.4016442509233435,0.23139987461741632,0
3.221987290142515,0.36554787399141186,0
6.3584989754922105,0.3440169911747859,0
1.7512424308532077,0.591403288055503,1
5.5628701949133115,0.38158844881648885,0
1.5319510615563248,0.17210281122143692,1
5.217901145912856,0.2406834109657798,0
5.466735100161087,0.16848723143535654,1
2.4138975931962348,0.292057655709149,1
6.3219261081216676,0.2768003047568186,0
3.938071773492178,0.15203556687572928,0
1.2454551177188649,0.1915873992707215,1
2.2516868112215818,0.09818126312664519,1
5.265524612213303,0.2789607449420956,0
4.8461294037533,0.5316744316825028,0
0.8839191972414184,0.24375663171051154,1
2.7214853756190056,0.436952086865583,1
3.4070459655530234,0.4881542777367082,0
1.9847908218487822,0.2439309344279894,1
7.715599446749438,0.2816044733909426,0
3.467327486810651,0.25245552573636665,0
2.8763756181939013,0.08641393976174218,1
5.38170208851618,0.17943621727866177,0
2.26957293032233,0.3424584523017098,1
5.0148552212346456,0.15200198923380878,0
-0.3354647911659696,0.30198275664624946,1
2.0926919075088675,0.2785020154338163,0
5.098140836754494,0.3358982459441461,0
6.140395441179342,0.4192279289647867,0
1.4534085739880138,0.2478323894961249,1
1.2203567275627032,0.33827848693068296,0
4.134892860740918,0.12015533099172097,1
1.7539322101645745,0.10480545787733207,1
2.462844164489212,0.20168495847715173,1
4.7528100494743155,0.3439713989285962,0
1.911795636771976,0.2919780649506321,0
-0.9308515030713713,0.18423451109091107,1
0.39783112878823745,0.3725429796456875,1
3.0199111714405618,0.3079750352641539,1
-0.726846296945769,0.4023241352226762,1
2.405679165405359,0.1176657255489626,1
0.215806967512016,0.11323839147014601,1
6.279878013731197,0.11488735688155569,0
7.330285189531345,0.1116632706696344,0
0.8836057953158631,0.20600265604647186,1
3.513517360075836,0.09777450256564088,0
1.0791925360062955,0.44468473516336743,1
2.3813687958909773,0.21671145181809529,1
6.606938655911611,0.5228627498985167,0
2.0666229045470295,0.15760077713995832,1
2.427925075525773,0.5783868224319363,0
1.1149414655446062,0.3992623293702824,1
5.292378755329727,0.09694822615697643,0
-3.5265334050480535,0.3800636141869474,1
2.114405356936758,0.5647847590412691,0
2.9082278117290827,0.7255140047520542,1
1.6778453402981712,0.10502403358310741,1
4.727091015462335,0.09639666465186392,0
5.404054567940948,0.3051957682582487,0
0.1759209742409702,0.3699483815724759,1
7.186973307541609,0.4193785818132871,0
0.15348235129296883,0.057977739706964786,1
5.577261363351683,0.09201851809073001,0
3.2996553970713887,0.11738940570179845,0
1.9925978057723708,0.04781033803692053,1
2.1812661406483276,0.052107376783678286,1
2.9329744186793723,0.18314465992542428,1
3.416835723727564,0.2882055360137038,1
1.1596912972569493,0.17540424967022938,1
2.5321200846432195,0.17079665433098443,1
1.4586543541448107,0.05307302770794674,1
0.5699009458522544,0.47924266588538966,1
1.3653765950842056,0.49729550349485896,1
0.7000507346091212,0.125213882007171,1
2.1596901744989627,0.4491017176969159,0
3.8649498109368308,0.5671951494494338,0
3.2414207083559248,0.40601689458049367,0
6.948689553321302,0.24258046122687651,0
-1.420906027439834,0.6948408076162839,1
3.938681932428377,0.3844603391460344,0
3.0128404770487043,0.48047107784830434,0
4.631340684743934,0.2622936683262271,0
4.432930408620818,0.3661583966933765,0
2.670016499729646,0.2386032350085852,1
3.3453025697135113,0.20265681343230996,0
1.5118615741630308,0.024872223330518365,1
4.227359958708909,0.1376047372754251,1
-0.7577521042454021,0.11394373939870465,1
4.553652877298635,0.15335191912619978,0
2.95365311152778,0.3949932762786823,1
2.0258759243378224,0.4105646408934004,1
2.5349336011065478,0.14997560535317828,1
2.6816075308232383,0.49601199524303424,0
5.594607520961002,0.4923809448777336,0
9.466987326497025,0.14741394775951297,0
5.439741648300764,0.3957380665085908,0
1.8693484282204875,0.37964873594978105,1
4.259563648570558,0.16574689855824712,0
4.346658332114968,0.3345264249075826,0
1.1496785551055595,0.46413277571517403,0
0.47840140555863675,0.20620026265368904,1
2.873438142166423,0.46389537090118493,0
4.615415205402869,0.5209487571274382,0
-0.22361653520285696,0.6160330831842034,1
1.5582042646911878,0.20857823391453248,1
4.145303417980813,0.07317219929634178,0
3.08344722654116,0.12802983440931748,0
5.832547241197991,0.4866571127366217,0
0.1772650918473131,0.29107415412427246,1
7.704329866898911,0.5302869197581189,0
-0.07598488713915907,0.46476571942404526,1
-1.058327437656521,0.6573203641726701,1
2.882174441005386,0.30027801966467044,0
0.7310821435079813,0.5461024010162583,1
2.9224886719102416,0.11552919992243958,0
2.852546242090667,0.10587051840752949,1
2.6084515757851374,0.42236502843264406,1
1.3151779356064417,0.5214782769770212,1
3.865312305159382,0.548399331516762,0
2.365325770465661,0.24766112063487514,0
5.207329741509527,0.46788902007020783,0
2.6392554949433866,0.22286959327101064,1
1.0707051542668211,0.3505196825272485,1
-0.37542110368677095,0.2953912946611832,1
2.655781137103257,0.1438510439133446,1
0.4615908572747549,0.20747683296593022,1
0.30007629199044406,0.12575974198981876,1
4.054914618293974,0.1259244356309112,0
-0.5553401223267835,0.08221578889645861,1
5.824386756665825,0.3746176951640393,0
3.3194327687910805,0.5377430027769519,0
2.912314737950078,0.5062405946357863,1
0.930468118898828,0.10938797301166985,1
4.528744592685876,0.4023321017709062,0
2.9941901328052096,0.4267411037064866,0
1.627806714518396,0.330578406820689,1
3.3996493933031777,0.36757017711163353,0
-0.36557091087876037,0.29066853870722553,1
-0.27065426309827734,0.2405353279212754,1
0.7596278293978433,0.30358268177362074,1
3.6990545352194277,0.12307429560092582,1
2.993483356387737,0.12106204289570478,0
5.097958531111505,0.4781837151093481,0
1.1600202956628465,0.2512019890847297,1
4.149335680962683,0.4422854447969747,1
2.7722588952094376,0.16098757785908527,1
1.1139096105181427,0.5527362932313292,1
3.770615341425838,0.5192473406571785,0
2.867976283509535,0.3659523217443849,1
1.7417616117092025,0.23637037145227208,1
3.0839981742881832,0.5597141537552724,1
2.740939228125216,0.4394984735162396,1
2.692623862964995,0.08759527888608132,1
2.174813700178401,0.22712891548845748,0
0.3901029222127246,0.1921066554325979,1
3.1495308317897446,0.20188810073084337,1
1.394571252557171,0.2261209961903689,1
0.9593422647118643,0.20313271473641767,1
2.5186003117947857,0.2536990562713341,1
4.468053088344357,0.12161951240518691,0
3.371227015381962,0.27283023271931406,0
1.937715583284822,0.1900420910130006,1
1.8573078842642852,0.5316126053881108,0
4.271626524377536,0.3706151630328814,0
-1.7934715388944804,0.33565990138130003,1
4.594729978398961,0.5525426885222373,0
-0.748031549860678,0.21984143507829898,1
0.16918418335403906,0.40479886891029415,1
1.9714683374735489,0.14366736640648073,1
7.34024828586169,0.05569292694233606,0
6.354838720028534,0.1471520828342174,0
4.412975511594271,0.3680324805723544,0
3.7130847565909,0.1411893479832951,0
-0.7245539360249493,0.1321161547676608,1
3.3135163257613978,0.5315399085631309,1
1.9015569628800575,0.08657163209399509,1
1.3666613327545565,0.22068040346233078,1
3.3096061799493186,0.3795466412604707,1
2.057779981106602,0.2283237449570627,1
4.738599091937701,0.2510426339276573,0
-0.8719095352253348,0.3694839319672691,1
3.1500228446919643,0.09048780466085107,1
1.2418055529719132,0.1100157650030082,0
2.1807283421686128,0.11353710001824181,1
3.609252838958483,0.36215658617022445,0
0.765384274779866,0.179922100547421,1
3.3284642786249297,0.23829054667675176,0
2.575323589581471,0.4793932061797383,1
1.6788262696462226,0.5337073117296848,1
2.0588550279781606,0.24188943672289265,0
2.6908962176261477,0.2707677042748522,1
1.4643269748735757,0.2582660473769346,0
3.014188950651223,0.32206398483747756,0
2.4436467566678486,0.21363530127401875,0
1.7774349258660784,0.40664394746368904,1
6.179684467805967,0.10861168103937546,0
3.830479845123242,0.08747660512414868,1
2.234575534754091,0.1434799843781074,1
3.2917208616494174,0.16987660976653907,0
0.9463597264529837,0.3289376624584759,1
2.1264567864428336,0.41424274699731667,1
2.359845099123505,0.3421574444438972,1
0.5064121801802348,0.13452538816201912,1
3.774708095988836,0.42591572178593556,1
1.9887745947743483,0.27253939799377713,1
2.2890666651051923,0.5528459528482542,0
1.8625602817532896,0.1808508611389891,1
8.918181181286199,0.1486886728024273,0
1.6747696996519743,0.37464738509190293,1
-1.1373539077716552,0.07967387428491586,1
-0.1998639419176711,0.30580241689201626,1
4.518605245390869,0.229429632819308,0
5.67290538336626,0.316497993745571,0
1.6364056172542927,0.22782764095150157,1
5.557899339270928,0.1621287941116514,0
4.483179999685088,0.1875370501989443,0
2.621039738027822,0.3658093575725189,1
2.479107432458929,0.15108377637410356,0
3.3617404528313064,0.47640861903588616,1
4.754911644307282,0.37541646904306936,0
3.7945891311900444,0.18133161286891536,0
1.6463833964026084,0.14976473328339165,1
2.6515859059473788,0.197194195408667,0
6.962526909443849,0.09364501898273932,0
3.502427594592384,0.2171050682622134,1
4.738650853765231,0.5221436645549515,0
4.079769974498465,0.541110174862452,1
3.5467154879954053,0.026472142353085603,0
3.2173978000301378,0.04939422596628751,0
4.794781250649959,0.34247218682284014,0
4.437284470621367,0.42881793902514803,0
3.527786956023097,0.21348237243903345,0
1.6124749489042238,0.2651844954362428,1
3.771117611096944,0.07478399489592394,0
2.8659841270638333,0.5547066174688446,0
2.3834881773098484,0.36777428337166096,1
8.357551949932136,0.702580179574461,0
-0.07810261541565522,0.34940612857809145,1
4.9170257181149655,0.15111907464633798,0
1.2746581114923388,0.1761139686943466,1
3.262390978686792,0.10434187067275597,0
8.13717503818037,0.4999361618138608,0
1.0752620103518742,0.2406570954404537,0
1.5522546903454726,0.12921309526002658,1
2.9649725256967994,0.3443522205327453,1
1.3055660847372765,0.15739575225474506,1
4.768112701880602,0.29028519960328936,0
1.9309411278734099,0.22607532620593546,1
4.308019280298674,0.1235146168952469,0
0.3416217363998615,0.10466310638085291,1
-0.6136630043084508,0.10333698346558952,1
2.5420300420939013,0.08977573883186299,1
-0.13701567607518994,0.1190984130530664,1
6.036537825530901,0.5767627010127304,0
-0.05960698098999595,0.39566076962798163,1
0.9246266246586043,0.3050163674529856,1
3.8272397709492205,0.4551283714534336,0
1.8272720998759877,0.14155417685636804,0
-0.036775939735207874,0.16086271452029882,1
7.079928320143919,0.1159409422955259,0
0.9967323936808521,0.5084117089107952,1
2.6074843850069014,0.25228913384137913,1
2.5816149597879394,0.3787679271667027,0
4.420618303933155,0.1334825189115485,0
3.924704921342118,0.15894878631238654,0
1.3463979245379887,0.2867219892250094,1
2.3483455651133864,0.4932407959187808,1
2.5461551329163683,0.17825926107312584,0
4.497918996397124,0.6295348240905548,0
0.6633561702827975,0.34947324915188105,1
7.036221113511564,0.2358981687644684,0
1.4816332250811117,0.25476000599767484,1
2.9825012064868135,0.12981759251162864,0
0.6800211206135165,0.2577298213533778,1
0.4036819767187665,0.13061313703803912,1
1.251143181844752,0.5197420543000278,0
1.0589535646714898,0.0598280797140433,1
2.171485951690339,0.5441561084980558,0
1.0420699424725186,0.494547220502569,0
4.39110484258842,0.22384799624203033,0
1.43403220936325,0.42785906668987184,1
1.2123690130961695,0.12581186277369608,1
2.2140622717654628,0.08603696416599553,1
4.985677757392589,0.4146036117020905,0
3.4297523472207985,0.18142761843228133,1
2.8006209402250604,0.08692500277750977,1
0.13391046006264196,0.3324611294347884,1
0.7145830802725812,0.5764211766102771,1
0.4431801199207528,0.27888447405900535,1
5.613702447344693,0.17100422912093183,0
4.061126246263295,0.26479614885938896,0
1.2767589821516119,0.2598587848066064,0
1.8712567123486892,0.13301548828362852,0
1.3494196475253322,0.06810258507915426,1
1.2282775672385828,0.32824386806304134,1
3.920602062432361,0.014084732497134033,0
2.4249275584313734,0.23299358716928767,0
7.162335488594927,0.4197850366191657,0
5.5007196490339965,0.23666186842173934,0
5.618960680933444,0.2935248500165272,0
4.342713949896252,0.3695350170522257,0
2.154681858985622,0.06568790099678186,1
4.195581769059168,0.47803328134578,1
2.302334610942684,0.1889499619489394,0
6.260552101456725,0.2528985197220487,0
3.808558766099841,0.34231010866618206,1
3.5247207172060304,0.3924701458962252,1
3.254145324859018,0.5138501689258625,1
6.480532854721716,0.16400343188923278,0
0.13249933232642874,0.12789603747350825,1
6.6765756553374525,0.2673134439133307,0
2.627692385091725,0.5768264103048636,0
0.18770204836869775,0.3295812452466362,1
1.495580536713888,0.0601095942199876,1
-0.3016145254471656,0.04897036842356687,1
4.30731349117128,0.537964409515881,0
0.9234140993069611,0.3876040178947747,1
3.3373353324094004,0.4980756102350673,0
5.268434060331695,0.46230553156293447,0
1.6559661428677264,0.25647730591118434,0
2.4637926139512154,0.17650629205314053,0
0.39326678016796857,0.2066299723868226,1
2.2232857820976046,0.4553473843237443,1
8.148047250546744,0.1121709491639461,0
4.555866328220883,0.3875888063946289,0
2.4705391622127904,0.5094947178861904,1
1.7766239276365698,0.27302243624346373,0
2.9147332086871334,0.20516460114427884,0
3.260101504387279,0.16255746996721365,1
2.1618605857084843,0.4384288596110606,0
4.060118391542258,0.3073555004088065,1
1.093105019879182,0.07821560863826828,1
1.0832246500314637,0.2425141228507199,1
3.7403909141004092,0.28902643822059604,1
0.6627164928712044,0.11088769198020063,1
4.458034505725079,0.16084372541441416,0
2.971438775206133,0.1055154339923922,0
-0.6558184374344269,0.10186090814537793,1
3.2189982511218935,0.27624172508708533,1
-0.3702932491779891,0.2420175147479712,1
4.386724019311322,0.02132731287568168,0
2.502571341498808,0.3202331239457052,0
6.7021684330136395,0.32730910314925654,0
5.142625688745214,0.06530989085754065,0
0.8786149875363507,0.2912198867342839,1
-1.0414797276828347,0.7926210987983353,1
1.4897974864172523,0.4702892953330575,1
0.5574827943392577,0.24507117053957744,1
6.6514761737541885,0.1165576100160113,0
2.979370681439697,0.23370888717058658,0
4.866837608366334,0.10408602330557178,0
2.4299381748988282,0.5437401494217898,1
2.640665023438709,0.1455781919406076,1
2.9347459549821835,0.33614652437088427,1
5.213078637184893,0.19896431535614245,0
3.623249511349197,0.28261602880537784,1
0.8853323130466699,0.42724196215061455,1
6.245028276172834,0.2918991941890108,0
2.4143690020273736,0.3916025615832662,1
2.088959752246703,0.26255475279998597,1
-2.6590106044980697,0.5046676314720661,1
4.268799182322674,0.2589021169597415,0
3.2020252793237667,0.19730424498141724,0
3.199851313203804,0.2326994430356305,1
2.194350657778364,0.5346442856078647,0
1.8495643197344345,0.5522723678545217,0
2.26083914633914,0.38066134223897563,1
3.926321742254559,0.07410086281459931,0
4.278235546066702,0.22373526969941548,0
2.5379368232508033,0.6761768547934984,1
4.897874988633518,0.5374518703985202,1
2.8420516379650445,0.08849438623575484,0
1.9915471637526891,0.26599738967231606,1
3.396831149814729,0.3542211323162682,0
0.28122716301227957,0.2693851331827426,1
3.4654366181584972,0.5658729079704956,0
-0.08436421105274317,0.1530009058503135,1
0.9445460800324716,0.26595740119701866,1
-1.0373828134332488,0.18285219346259304,1
2.6497660946569987,0.2168650505107129,0
6.219267404618188,0.35731001686096275,0
2.76584667783713,0.5477709385942261,1
4.287170758866255,0.2581705730853812,0
7.704627794624778,0.4332528760210555,0
3.808111696240192,0.1037305718407533,0
1.4695759108239554,0.05372233224779803,1
1.7448627945283255,0.08840377254474836,1
3.0013164164460124,0.1301303491172271,1
1.7342107094781511,0.20993099323865794,0
1.8838260003731362,0.05716651591064415,0
4.97050781851898,0.45781877151504646,0
5.052312561544424,0.2877159020385736,0
-0.2937849640973278,0.08715850454237996,1
1.3636609641995607,0.6903442869328031,1
2.071991226173215,0.422460540471987,0
4.198177892330504,0.1489747331702138,1
5.2861511770113125,0.4879329576263606,0
8.403935868547768,0.3100875161253418,0
2.0686534074346774,0.06985755450093489,1
2.168542571315942,0.4040090451772715,1
4.177140031275428,0.49426630857891235,0
1.6355665620902815,0.06111266769115469,1
2.718076277018966,0.18119481245600688,0
2.1699237824329085,0.20705939049825034,1
-2.243307843808358,0.4069744761450592,1
3.2464664603030915,0.011924666222137064,1
2.6352780813944197,0.5120037201731283,0
5.542462100513799,0.08470327928389355,1
3.0109808150727098,0.2021596377373976,1
0.49050504337165535,0.5639512420568392,1
2.4838022540409534,0.39390200872385833,0
-1.1821656862732564,0.1532035455066407,1
0.5781643296007148,0.6531280410506417,1
4.271011936305995,0.6717321357657142,1
2.5053191200926737,0.17980809836075265,1
4.845016478996131,0.2354791940537421,0
-0.9337845017560955,0.4117318324592257,1
2.515077205352494,0.39505379830463966,1
2.048975003224429,0.1957115868451512,1
4.911697165226412,0.12631142287640784,0
4.345525536333245,0.08880587815783737,0
4.284504300176596,0.23743620225161516,0
6.082820076168202,0.12131201541720649,0
2.2638257814268674,0.04778709241607956,0
5.670161670601438,0.47738158445025713,0
0.911587698240528,0.09679329897710429,1
0.8382445004686123,0.18908614418338857,1
4.505493142996677,0.2054784800709586,0
-0.009481476817603252,0.353935532278598,1
4.1455312568379155,0.17176251599912695,0
3.202626387442652,0.4538952044573467,0
5.143705457309745,0.28584357528796867,0
2.881112070090221,0.25784226978810115,0
3.1120978925910543,0.4299331225079606,1
4.018529985849812,0.3857107378215573,1
1.6747008998804431,0.35598473138078246,0
1.5875873850195574,0.331833603729688,1
3.948858879686839,0.6575956359775759,0
2.941424381738725,0.17775757762945996,0
2.1853721653914393,0.7408378540413024,1
2.8344318006046647,0.03718815476336975,0
6.18911901567666,0.13818320306779894,0
2.113963186520215,0.15303513812701885,1
2.055960773435969,0.17695438069490618,1
-0.41488844932499,0.4297282227475138,1
2.91529412368577,0.5780368735267429,1
4.313767022480784,0.6052537632196429,0
4.672396231361736,0.5095677744040958,0
3.216435203261065,0.38742001990426167,0
4.911667146161767,0.2856895674690988,0
4.462460803760484,0.4286466072202107,0
5.225900459384525,0.0804753947877243,0
4.968605310955123,0.5049661218957346,0
6.139956392214502,0.17706237403555264,0
2.660613666867501,0.1795150725718803,1
0.34588391527698326,0.2710480477786359,1
4.32743748737084,0.3436020229265758,1
4.561106378645553,0.10612746664113928,1
6.139990786762279,0.6678488838427512,0
5.562580712339412,0.12245875806696019,0
6.890944911729131,0.3907414792488197,0
4.239707960653066,0.2675747374831656,1
3.457621183877256,0.26946833151382166,0
0.23003375734850673,0.2175352690170503,1
3.616193069028161,0.28491616075270904,0
1.8949932862573642,0.08763815988667727,0
3.423020026864942,0.12774786389763532,1
3.1090263726193124,0.10467840776193812,0
3.9434671777002697,0.2218366759882088,1
2.805338580922979,0.4584578189322202,0
4.870040381465169,0.3391827735990444,0
-2.446308625750116,0.4040069511509044,1
3.379987150315689,0.4874800901364053,0
5.404979558305124,0.0632353198390832,0
6.740097016912429,0.27660355975610684,0
4.463922676770125,0.15496583979900033,0
6.369766045165077,0.17607931303358862,0
3.337871991517485,0.16548805392547244,0
3.005725151854126,0.25103853263207504,1
4.058831286455503,0.24073415070975285,0
2.9936114342178697,0.42207999709419153,0
1.4352850639652788,0.3068110139276255,1
1.9695195117362012,0.21705462506785322,1
0.7756941878476855,0.2045401128641067,1
4.056754189730489,0.3158725423980959,0
3.0227836250009545,0.17997619118824051,1
2.279427766483805,0.40634117632375066,0
1.8666324863254196,0.37861946244690337,1
4.010112692399253,0.5681405893794954,0
4.5608963612201405,0.13788402042112413,0
0.7389720069896346,0.1131645297688842,0
0.42463066044876463,0.3860291286737187,1
4.90901991124203,0.06299025406520235,0
0.2497335230228086,0.15879860780010252,1
4.094973667644969,0.4665224047092806,0
6.233818397508026,0.3095003749730416,0
6.2384696067862695,0.03027803588694439,0
4.475745181264183,0.17895525176916174,0
4.417619030644241,0.24982670892284178,0
7.50381490039291,0.3002291981075654,0
-1.6687913257875415,0.3267121012983946,1
2.0713286478387296,0.4319359777438648,1
4.696983698153203,0.18904757179119558,0
2.325425984316086,0.24447172924211286,1
5.479556617214069,0.13159659121869627,0
2.9212918793796145,0.22457246855381527,1
3.263487720675195,0.4199219986658502,0
2.4506506715081247,0.3316592905182407,1
1.9549780823838785,0.11803233540999541,1
1.9057800737046962,0.2608047984059779,0
3.5423325936735526,0.23662989080868013,0
1.4508700683542661,0.5334569213094971,1
4.906409766982575,0.2324802617754785,0
4.306451849205647,0.5071969069366553,0
5.198832881939681,0.1793609646571503,0
0.7421512880140027,0.3874550283534093,1
-0.3989530935728878,0.3477460200753209,1
2.991628488736473,0.059568958363578325,1
8.797601227119042,0.2883400953214185,0
5.5324175561891415,0.25730950226863675,0
1.8911073829865739,0.31132201859390174,1
3.849024268862682,0.3070288458024052,0
4.455173814887367,0.10204552321357269,0
0.2632235185342773,0.14926501332948605,1
5.73925173806921,0.44989076591041055,0
2.6651517463581187,0.10933197567028793,0
2.818638310784279,0.684301445694366,0
3.047569318867711,0.33002009518025904,0
5.28908027861579,0.442836303189049,0
1.489635683597184,0.32363930077333236,1
-0.41394000956890453,0.42605059484518676,1
3.645910585800089,0.27384403838796134,0
-1.0873161723462577,0.23890105226969968,1
2.39779280972892,0.1304277456301532,1
5.3737485797176365,0.5251051193662153,0
4.158187807017477,0.13363161656274453,0
5.0847121314505515,0.1522985051113142,0
4.240702730405658,0.4924471572207183,0
7.820668977566816,0.5150683458311027,0
1.82352074468637,0.11032935394349934,1
3.796263354016647,0.12349292963366255,0
2.1237590575746994,0.323880520221149,1
4.913602539829742,0.08349291313322034,0
2.876850247899008,0.46041319069419084,0
6.437689758888091,0.05928474184489407,0
1.938368089196047,0.4842630590545083,1
5.814253051433969,0.3560502322809345,0
4.186279061087942,0.24268536976801564,0
2.9350778618260387,0.34765312449761343,0
4.084884675719849,0.15460153633676363,0
3.5225287750583845,0.10610466371212779,0
3.71190936050362,0.3819903302700309,0
2.586257853811218,0.19222356413053102,0
1.5968229848900173,0.2777466592103914,1
2.3298577600749386,0.1236471265519725,1
-0.3662899558964452,0.2982475546955888,1
4.683896665065252,0.3974200261996188,0
0.5296720556490406,0.27933699929536465,1
2.5647058895286006,0.09403352914814724,0
4.296090082962066,0.15831256848467448,0
4.6787934341998225,0.2873279886158068,0
-0.5493038736744773,0.2740281721651003,1
2.8163038495498443,0.29193072634614403,0
3.9194893988976443,0.20447093264789326,0
3.1040322185246536,0.23671863941552596,0
5.68814991534709,0.231832619195445,0
1.3563862001707954,0.4452896991297798,1
-1.0980822603803935,0.15066064338434207,1
4.620652033537042,0.608725884911853,0
1.9258277607630248,0.22968119045812854,1
-0.517081195171996,0.06660446798147568,1
2.6829752188670524,0.03931941510708789,1
5.461115951863403,0.6133325427744214,0
0.4734947643746037,0.7735523998874391,1
7.671991907894535,0.05828659471251514,0
1.3242368109266762,0.07412737582329812,0
3.1740217082515,0.34937231853355016,0
0.5617351643047832,0.18798937069851163,1
3.0832206973920284,0.43543847879106784,0
2.732504356482646,0.7097909256386953,0
0.021012195337825723,0.5742468188104942,1
8.65165393790182,0.4562638593642495,0
2.0093256619626105,0.11707883988524362,1
2.0110748853879428,0.0695181296083733,0
4.938071758707309,0.22016482284464328,0
6.628509766696938,0.5130273584495277,0
5.252873736008606,0.20698926149667699,0
0.5976397539468272,0.22403802513389,1
3.4278180189893255,0.15438029296457784,0
-0.7627449647699893,0.36450968360866565,1
4.803410162644713,0.3379597556692177,0
-0.27037627706092415,0.4725256936435098,1
1.393597352781526,0.08575316060419329,1
2.9935969919373786,0.49203502090455903,1
3.8900131222820242,0.18765331583242903,0
2.4781307532093617,0.40491315283458396,0
6.038167353465763,0.11514600838218823,0
4.4464791643845585,0.4190074537528853,0
4.289449508128417,0.07828421876595858,0
0.5411981960306727,0.2348611257912369,0
6.398735795090806,0.32141639819214324,0
1.3938697114429768,0.208705524509978,1
6.475084865974188,0.05240211550869453,0
7.044390113851143,0.5042756797398198,0
4.02531306472755,0.14365896481752433,0
5.064026195358842,0.3160704825117747,0
-3.1658395261137375,0.3421674119052668,1
2.6099951690192453,0.3505445566650364,1
5.20433127983908,0.3221762640347328,0
4.849020536628169,0.2211422937673403,0
0.5605533238002449,0.14425893771951998,1
2.4125559202642526,0.516924789031825,1
-2.0727310104022934,0.14480558878066707,1
3.825985680345507,0.21693262414644804,0
-0.7666568024536473,0.20203576010954005,1
5.260955685575143,0.20620328008332725,0
5.365449721434818,0.19886464731328077,0
2.051266371187003,0.22826085869740426,1
4.042551860908177,0.06575244505794013,0
2.565802551878983,0.39034006659287607,1
3.4838167900297323,0.19424096691383638,0
0.7054811535137002,0.24746914497007919,1
4.244985246479819,0.09265721994245832,0
-0.2823704604488326,0.12212307848461275,1
-0.6598603246587635,0.22972346411459935,1
2.7561433666660164,0.03608273793816899,0
2.577513440777441,0.4634550562346715,1
3.5446034611035007,0.4706886124871149,0
1.7009850195273422,0.30940089139593246,1
6.771383331571179,0.4238396348622164,0
3.321209978758884,0.1351588010655105,0
3.4657635570324508,0.13307153532876664,0
3.3944677548140914,0.0812025629166918,0
5.0058197378961555,0.07432969507574254,0
4.152034828968929,0.23770851992146708,0
3.8840357994165586,0.16995795630962546,1
4.471968209731182,0.19400700760393363,0
-0.6492292740943828,0.24733928835316213,1
-0.5736953011715547,0.07864227169520935,1
2.8478825093971123,0.35929803384594106,1
2.6046522346361956,0.17694952388701393,1
4.1596196880964165,0.13216131594957015,0
3.0400338043670105,0.17545291024023307,1
4.163729868908421,0.34178350518768413,0
0.5088094608774285,0.5172829334812779,1
2.9785108591826104,0.2811908569952636,0
0.3178865240844315,0.30265906887605587,1
3.773715868742802,0.05522992676561477,0
-0.7565700847266412,0.545001490131309,1
3.696620197081759,0.3612787937286353,0
0.06200123820577552,0.33672294189479346,1
2.232944413556409,0.15757472146548573,1
4.789855382898498,0.11964883034891291,0
3.4547599771968347,0.22493106543211538,0
-0.29132044744860197,0.12261809096937007,1
1.6552123106119518,0.20383580576621058,1
-0.002757050953603901,0.3261440418598072,1
-0.38951699921038685,0.03584690508234774,1
3.2353263522679487,0.2298801626612588,0
4.120596687120207,0.09606966950088178,0
3.881211841431379,0.2574403203261798,1
4.205253629759502,0.09975501855594401,0
2.976178298228363,0.6203094962325192,0
2.4532195625000646,0.010639240378963456,1
0.8538613458753712,0.3775958980232648,1
2.119840656499002,0.31479228649079416,1
0.357303229347659,0.2279128087068735,1
1.3096689457461612,0.2371442178527,1
3.177853740876084,0.42267224295596256,1
2.7643878249181553,0.34866397507486535,0
9.129456075789552,0.05083979120754853,0
0.3084088049899849,0.18301147731998177,1
2.749802558336436,0.4692684360697372,0
0.15253577759255155,0.3146876371360265,1
2.2244282480600983,0.15041103401603087,1
2.305813635769631,0.3124496881250201,1
4.689760052466276,0.256728888097067,0
2.100666921564158,0.054481254353395805,0
2.617360799887682,0.26999935451113294,1
2.139364075055561,0.12803642352784184,0
0.197896511885582,0.5054488969794866,1
1.695795256413785,0.4803656100073033,0
2.2361265698323645,0.15303693330668874,1
3.147651766812769,0.30442626843910153,1
4.11789457444965,0.42559634342188635,0
2.5308069805779416,0.2899233154055908,0
2.4956474720373065,0.47048364045621943,1
-0.4416263169741059,0.550197189728726,1
4.0794690345127025,0.34780883512635424,0
1.6082042256999185,0.14715311298469239,1
4.494246476459551,0.1262389685530403,0
5.632879895708392,0.13766439099990832,0
2.6241699466139896,0.07670068752419154,1
0.9533774384682157,0.6389330547773159,1
2.966602773827404,0.27282956591868407,0
3.697403996037277,0.5565359107544572,1
2.368959997506558,0.30139833718129666,1
1.8719231812413522,0.14927676711836918,0
4.127064421394827,0.15593871796350262,0
3.9951565493883905,0.025291807534445165,0
2.307420719345685,0.3960228275087578,0
-0.30813233052137967,0.4162749253906203,1
3.912756370758905,0.46978349988215606,0
1.4653456131172469,0.3140200721171472,1
3.428682150740618,0.1841669084105177,1
3.3023144633580737,0.33717410562434974,0
-0.7778948540853303,0.3452948778129314,1
3.1621633688231467,0.10999364129347741,1
4.029065050748911,0.21903741151977799,0
4.274304830620974,0.33608169297312396,0
3.2347315021926253,0.6482856348115424,1
-0.9543720878991802,0.2863748155506864,1
5.554162124373274,0.2365745367050877,0
3.8220453350851606,0.4566383325031735,0
0.5933613412590453,0.6771598079706749,1
1.424473919683453,0.4456984952618877,0
3.4624484185890414,0.3159183566286694,1
4.359568386596512,0.5203680926051205,0
2.0240742873045967,0.43817878861190845,1
4.6510508147581495,0.13356702883591864,1
-0.5855336582003554,0.1753576092680563,1
0.9150819778124255,0.3031470361485085,1
-1.1287280196841651,0.10219885214153045,1
1.2051897142606136,0.3636848048690132,1
6.01615436908819,0.373077679038313,0
7.115604469170805,0.31665319017639604,0
3.4691809364608854,0.3631181940003057,0
1.7231415854628909,0.45494894800758906,0
2.5567201982981134,0.239775557103012,1
3.9466797816660444,0.4057636798584766,0
-0.1259617032781648,0.14750721338015066,1
1.8550016480375904,0.3692888691328913,0
5.8697861489004985,0.314626131843613,0
0.908579861343275,0.5007514463201681,0
1.5019502014769142,0.25217964120591035,0
3.026387311962881,0.16418487566161605,0
3.566284519009418,0.0922556810844853,0
1.7499919076010555,0.29006999360079816,1
3.153928766503911,0.4361481375673564,0
4.215879067478879,0.4794764552183196,0
6.922903647527295,0.09683549464373617,0
2.747511241130438,0.33185734053369875,0
2.9174053693188746,0.5821737669460025,0
6.054904691959021,0.2717432567820516,0
1.9016682834038094,0.3444064562540841,1
0.3512939344756383,0.3419952696110471,1
3.500497951317925,0.2839948960854007,0
5.15235005017583,0.029576369584975743,0
3.7220942703993707,0.5528901558672942,0
2.8059686849055083,0.22057419334327175,0
0.10321325373032231,0.1512752518794773,1
2.883261509463254,0.24172545383698119,1
5.466309852632673,0.1722870561061126,0
0.531765836921557,0.3530679698422215,1
2.5105056523934572,0.2862487265973297,1
2.2250305356832785,0.4528397194022763,0
1.6045908587245095,0.46323147538575415,1
3.4958460090380115,0.23954090058898064,1
3.8866104825120154,0.18267191331474558,0
3.8656538095868735,0.24825728020605964,1
1.04638047276975,0.2570123506247873,1
-0.2919673886673655,0.05060529141390198,1
3.524776873061457,0.04574636145845092,1
1.9881619170346962,0.24971608686060207,1
6.6766247593735715,0.1308876559689058,0
6.769019392029892,0.13319743167112752,0
6.98137958879208,0.6000425273195744,0
1.1197781979305736,0.08772166941869021,1
4.138738173484187,0.23866691301274826,0
4.7419050345029685,0.08741064975931526,0
4.5167084670888045,0.5162962362908882,0
2.2912041116122825,0.4301666942909793,1
5.5583298059306525,0.23804155201010457,0
3.0009499727330455,0.4306521064455912,1
3.2562122498708788,0.11915743508625701,0
-0.07566690355428696,0.11405176006396102,1
4.289529939145977,0.43405374734393976,0
2.4791765728551782,0.14872576851332833,1
3.92955772420105,0.005443242613051102,0
3.4702273996092363,0.10524062619488743,0
3.361873153327542,0.09196337191761018,0
2.9085728550666317,0.5432331061440594,0
4.573199469320908,0.4480048684879355,0
2.602214926229868,0.2517813579859183,1
0.08960516109403338,0.18332242775355556,1
4.137911212747868,0.13708846145063616,0
1.3819889501767229,0.17275649189087267,1
0.3514763146357205,0.181710826340452,1
0.9555133317148035,0.1366657895662176,1
3.566664758713842,0.7798333935894831,0
2.8069623938103,0.22992310770500904,0
-1.2653660593456948,0.2100658090949764,1
2.232688113894661,0.25271931397594194,0
5.338462449949529,0.14026769988333537,0
2.0974086581332423,0.3799237345914134,0
2.669046893144815,0.19509445625167066,1
5.085982874654306,0.16488584871378173,0
4.590978516409072,0.2981881198633627,0
5.043502175303422,0.05899894575075559,0
-2.545107220107406,0.39807853938344584,1
6.4670460768842215,0.5388028398939598,0
4.272800870855858,0.38660841000501545,0
7.9229528280483,0.18590567579491976,0
1.4353479384514323,0.2802654380378117,1
-0.5269012112978206,0.1904258803398316,0
3.0144369134503526,0.10951856387155834,1
2.4492553404856783,0.6661541840194946,0
4.307327967229643,0.6207243325591559,0
5.1498566891727116,0.43121827443799193,0
2.825411710241006,0.3504744455025334,1
2.5185839083745485,0.48666169059037484,1
4.045439639032255,0.09694117629593604,0
2.4873426686150046,0.2506167378906004,1
2.3200357982064252,0.2047621781036766,1
5.074269877350572,0.49430373477022416,0
5.519555713807145,0.23817598681096222,0
5.167932487726187,0.15187239077429454,0
2.663540574548949,0.19154017851294725,1
-1.279577975506366,0.5841038576163486,1
2.7035878272143035,0.1421875844455618,1
1.4840399746459025,0.11008410142610513,0
2.740549961978824,0.06413050401413135,1
1.6578182145647824,0.4747006152600891,1
2.958520289068796,0.06331702804049306,1
0.9214487415368713,0.3093846313441458,1
0.43856512656324265,0.41063644904286617,1
5.445382965141784,0.2062679866290546,0
1.0606847732646931,0.16707040224683353,1
3.0006632505127073,0.12399560533291808,0
4.909029693205671,0.27330036556563014,0
4.828608252459145,0.28382326547360165,0
4.589696409830703,0.3232858146967203,0
3.6057330290030705,0.24034778877952812,0
4.448006617073699,0.01033601805566952,0
5.746176265212309,0.303621701535669,0
3.8500451879907467,0.5324929557820082,0
-0.6744046936283672,0.04414310138714827,1
1.9429335876998066,0.35160680106426456,1
4.3927401434441755,0.12825257925991304,1
1.7458081325811916,0.3859389124679455,0
6.240212278917287,0.08955546736015861,0
2.873640343667137,0.0809857728457515,0
3.1704975427188726,0.49918509686598345,0
5.249488397803471,0.6150786242704572,0
2.6343002053814146,0.23718667970014237,1
